{
"type": "FeatureCollection",
"name": "shop_centroids",
"crs": { "type": "name", "properties": { "name": "urn:ogc:def:crs:OGC:1.3:CRS84" } },
"features": [
{ "type": "Feature", "properties": { "element": "node", "id": 365788906, "kind": "doityourself" }, "geometry": { "type": "Point", "coordinates": [ -74.1623531, 40.6276619 ] } },
{ "type": "Feature", "properties": { "element": "node", "id": 418520887, "kind": "books" }, "geometry": { "type": "Point", "coordinates": [ -74.076656, 40.636934 ] } },
{ "type": "Feature", "properties": { "element": "node", "id": 702340637, "kind": "gift" }, "geometry": { "type": "Point", "coordinates": [ -74.1043, 40.6428374 ] } },
{ "type": "Feature", "properties": { "element": "node", "id": 1523857873, "kind": "deli" }, "geometry": { "type": "Point", "coordinates": [ -74.1339859, 40.6326322 ] } },
{ "type": "Feature", "properties": { "element": "node", "id": 1708729056, "kind": "seafood" }, "geometry": { "type": "Point", "coordinates": [ -74.207169, 40.54288 ] } },
{ "type": "Feature", "properties": { "element": "node", "id": 1708738151, "kind": "gift" }, "geometry": { "type": "Point", "coordinates": [ -74.2068704, 40.542915 ] } },
{ "type": "Feature", "properties": { "element": "node", "id": 2494097265, "kind": "beauty" }, "geometry": { "type": "Point", "coordinates": [ -74.0631743, 40.6098517 ] } },
{ "type": "Feature", "properties": { "element": "node", "id": 2494156918, "kind": "e-cigarette" }, "geometry": { "type": "Point", "coordinates": [ -74.0853358, 40.6342313 ] } },
{ "type": "Feature", "properties": { "element": "node", "id": 2494224722, "kind": "bakery" }, "geometry": { "type": "Point", "coordinates": [ -74.0789524, 40.6383541 ] } },
{ "type": "Feature", "properties": { "element": "node", "id": 2494224921, "kind": "clothes" }, "geometry": { "type": "Point", "coordinates": [ -74.0759622, 40.6389182 ] } },
{ "type": "Feature", "properties": { "element": "node", "id": 2494236809, "kind": "supermarket" }, "geometry": { "type": "Point", "coordinates": [ -74.2126079, 40.5516143 ] } },
{ "type": "Feature", "properties": { "element": "node", "id": 2494236815, "kind": "laundry" }, "geometry": { "type": "Point", "coordinates": [ -74.2121993, 40.5517083 ] } },
{ "type": "Feature", "properties": { "element": "node", "id": 2523856228, "kind": "clothes" }, "geometry": { "type": "Point", "coordinates": [ -74.2345193, 40.5230974 ] } },
{ "type": "Feature", "properties": { "element": "node", "id": 2523856231, "kind": "optician" }, "geometry": { "type": "Point", "coordinates": [ -74.2345375, 40.5229671 ] } },
{ "type": "Feature", "properties": { "element": "node", "id": 2523856232, "kind": "convenience" }, "geometry": { "type": "Point", "coordinates": [ -74.2345438, 40.5229257 ] } },
{ "type": "Feature", "properties": { "element": "node", "id": 2523856235, "kind": "tobacco" }, "geometry": { "type": "Point", "coordinates": [ -74.2345542, 40.5228316 ] } },
{ "type": "Feature", "properties": { "element": "node", "id": 2523856237, "kind": "e-cigarette" }, "geometry": { "type": "Point", "coordinates": [ -74.2346416, 40.5220106 ] } },
{ "type": "Feature", "properties": { "element": "node", "id": 2523856239, "kind": "hairdresser" }, "geometry": { "type": "Point", "coordinates": [ -74.2346391, 40.5220494 ] } },
{ "type": "Feature", "properties": { "element": "node", "id": 2527472287, "kind": "vacant" }, "geometry": { "type": "Point", "coordinates": [ -74.1170674, 40.6325447 ] } },
{ "type": "Feature", "properties": { "element": "node", "id": 2533071335, "kind": "convenience" }, "geometry": { "type": "Point", "coordinates": [ -74.0725224, 40.6139578 ] } },
{ "type": "Feature", "properties": { "element": "node", "id": 2540307963, "kind": "alcohol" }, "geometry": { "type": "Point", "coordinates": [ -74.1637314, 40.5914836 ] } },
{ "type": "Feature", "properties": { "element": "node", "id": 2541393238, "kind": "beauty" }, "geometry": { "type": "Point", "coordinates": [ -74.136425, 40.6251602 ] } },
{ "type": "Feature", "properties": { "element": "node", "id": 2541393239, "kind": "e-cigarette" }, "geometry": { "type": "Point", "coordinates": [ -74.1365586, 40.625081 ] } },
{ "type": "Feature", "properties": { "element": "node", "id": 2541393240, "kind": "hairdresser" }, "geometry": { "type": "Point", "coordinates": [ -74.136512, 40.6251067 ] } },
{ "type": "Feature", "properties": { "element": "node", "id": 2541393241, "kind": "beauty" }, "geometry": { "type": "Point", "coordinates": [ -74.1366057, 40.6250558 ] } },
{ "type": "Feature", "properties": { "element": "node", "id": 2541393245, "kind": "optician" }, "geometry": { "type": "Point", "coordinates": [ -74.137285, 40.6257516 ] } },
{ "type": "Feature", "properties": { "element": "node", "id": 2541393248, "kind": "variety_store" }, "geometry": { "type": "Point", "coordinates": [ -74.1376128, 40.6259802 ] } },
{ "type": "Feature", "properties": { "element": "node", "id": 2541393250, "kind": "shoes" }, "geometry": { "type": "Point", "coordinates": [ -74.1380488, 40.6262365 ] } },
{ "type": "Feature", "properties": { "element": "node", "id": 2541393252, "kind": "pet" }, "geometry": { "type": "Point", "coordinates": [ -74.138153, 40.6261586 ] } },
{ "type": "Feature", "properties": { "element": "node", "id": 2541393257, "kind": "bed" }, "geometry": { "type": "Point", "coordinates": [ -74.1384458, 40.6259136 ] } },
{ "type": "Feature", "properties": { "element": "node", "id": 2541393258, "kind": "clothes" }, "geometry": { "type": "Point", "coordinates": [ -74.1386203, 40.6257761 ] } },
{ "type": "Feature", "properties": { "element": "node", "id": 2542126184, "kind": "car_repair" }, "geometry": { "type": "Point", "coordinates": [ -74.1538513, 40.6259703 ] } },
{ "type": "Feature", "properties": { "element": "node", "id": 2543615526, "kind": "dry_cleaning" }, "geometry": { "type": "Point", "coordinates": [ -74.1217846, 40.6084575 ] } },
{ "type": "Feature", "properties": { "element": "node", "id": 2545250058, "kind": "clothes" }, "geometry": { "type": "Point", "coordinates": [ -74.0826104, 40.5979937 ] } },
{ "type": "Feature", "properties": { "element": "node", "id": 2545431423, "kind": "alcohol" }, "geometry": { "type": "Point", "coordinates": [ -74.1925912, 40.5531372 ] } },
{ "type": "Feature", "properties": { "element": "node", "id": 2545431424, "kind": "laundry" }, "geometry": { "type": "Point", "coordinates": [ -74.1926499, 40.5531045 ] } },
{ "type": "Feature", "properties": { "element": "node", "id": 2545431425, "kind": "dry_cleaning" }, "geometry": { "type": "Point", "coordinates": [ -74.192702, 40.5530754 ] } },
{ "type": "Feature", "properties": { "element": "node", "id": 2545431427, "kind": "optician" }, "geometry": { "type": "Point", "coordinates": [ -74.1929342, 40.5529442 ] } },
{ "type": "Feature", "properties": { "element": "node", "id": 2545431428, "kind": "beauty" }, "geometry": { "type": "Point", "coordinates": [ -74.1930097, 40.5529249 ] } },
{ "type": "Feature", "properties": { "element": "node", "id": 2545431429, "kind": "gift" }, "geometry": { "type": "Point", "coordinates": [ -74.1930902, 40.5529042 ] } },
{ "type": "Feature", "properties": { "element": "node", "id": 2545431430, "kind": "deli" }, "geometry": { "type": "Point", "coordinates": [ -74.1931498, 40.5528806 ] } },
{ "type": "Feature", "properties": { "element": "node", "id": 2545431431, "kind": "hairdresser" }, "geometry": { "type": "Point", "coordinates": [ -74.1931985, 40.5528506 ] } },
{ "type": "Feature", "properties": { "element": "node", "id": 2545431432, "kind": "travel_agency" }, "geometry": { "type": "Point", "coordinates": [ -74.1932393, 40.5528254 ] } },
{ "type": "Feature", "properties": { "element": "node", "id": 2550646218, "kind": "mobile_phone" }, "geometry": { "type": "Point", "coordinates": [ -74.1093899, 40.5700707 ] } },
{ "type": "Feature", "properties": { "element": "node", "id": 2550646221, "kind": "money_lender" }, "geometry": { "type": "Point", "coordinates": [ -74.1095803, 40.5698863 ] } },
{ "type": "Feature", "properties": { "element": "node", "id": 2550829254, "kind": "supermarket" }, "geometry": { "type": "Point", "coordinates": [ -74.134041, 40.5646763 ] } },
{ "type": "Feature", "properties": { "element": "node", "id": 2551281249, "kind": "laundry" }, "geometry": { "type": "Point", "coordinates": [ -74.1505665, 40.5377171 ] } },
{ "type": "Feature", "properties": { "element": "node", "id": 2551346450, "kind": "vacant" }, "geometry": { "type": "Point", "coordinates": [ -74.1604071, 40.5448239 ] } },
{ "type": "Feature", "properties": { "element": "node", "id": 2551462209, "kind": "chemist" }, "geometry": { "type": "Point", "coordinates": [ -74.1772405, 40.541563 ] } },
{ "type": "Feature", "properties": { "element": "node", "id": 2551462210, "kind": "massage" }, "geometry": { "type": "Point", "coordinates": [ -74.1772929, 40.5417204 ] } },
{ "type": "Feature", "properties": { "element": "node", "id": 2551542877, "kind": "beauty" }, "geometry": { "type": "Point", "coordinates": [ -74.1657363, 40.5444829 ] } },
{ "type": "Feature", "properties": { "element": "node", "id": 2551542891, "kind": "seafood" }, "geometry": { "type": "Point", "coordinates": [ -74.1650942, 40.5438836 ] } },
{ "type": "Feature", "properties": { "element": "node", "id": 2551542894, "kind": "deli" }, "geometry": { "type": "Point", "coordinates": [ -74.1650487, 40.5438437 ] } },
{ "type": "Feature", "properties": { "element": "node", "id": 2551542897, "kind": "greengrocer" }, "geometry": { "type": "Point", "coordinates": [ -74.1648335, 40.5436345 ] } },
{ "type": "Feature", "properties": { "element": "node", "id": 2551542900, "kind": "tobacco" }, "geometry": { "type": "Point", "coordinates": [ -74.1647756, 40.5435856 ] } },
{ "type": "Feature", "properties": { "element": "node", "id": 2551542904, "kind": "hairdresser" }, "geometry": { "type": "Point", "coordinates": [ -74.1647268, 40.5435427 ] } },
{ "type": "Feature", "properties": { "element": "node", "id": 2551542940, "kind": "vacant" }, "geometry": { "type": "Point", "coordinates": [ -74.1655068, 40.5429984 ] } },
{ "type": "Feature", "properties": { "element": "node", "id": 3131297130, "kind": "bakery" }, "geometry": { "type": "Point", "coordinates": [ -74.1463718, 40.6106651 ] } },
{ "type": "Feature", "properties": { "element": "node", "id": 3458199993, "kind": "books" }, "geometry": { "type": "Point", "coordinates": [ -74.0766518, 40.6424493 ] } },
{ "type": "Feature", "properties": { "element": "node", "id": 3603296114, "kind": "beauty" }, "geometry": { "type": "Point", "coordinates": [ -74.168642, 40.5888296 ] } },
{ "type": "Feature", "properties": { "element": "node", "id": 3603296115, "kind": "copyshop" }, "geometry": { "type": "Point", "coordinates": [ -74.1686103, 40.5888997 ] } },
{ "type": "Feature", "properties": { "element": "node", "id": 3616734506, "kind": "chemist" }, "geometry": { "type": "Point", "coordinates": [ -74.235121, 40.5171755 ] } },
{ "type": "Feature", "properties": { "element": "node", "id": 3616734508, "kind": "supermarket" }, "geometry": { "type": "Point", "coordinates": [ -74.2360337, 40.5178728 ] } },
{ "type": "Feature", "properties": { "element": "node", "id": 4150367723, "kind": "supermarket" }, "geometry": { "type": "Point", "coordinates": [ -74.1607109, 40.5460114 ] } },
{ "type": "Feature", "properties": { "element": "node", "id": 4402469060, "kind": "mobile_phone" }, "geometry": { "type": "Point", "coordinates": [ -74.0762125, 40.6379075 ] } },
{ "type": "Feature", "properties": { "element": "node", "id": 4407705167, "kind": "department_store" }, "geometry": { "type": "Point", "coordinates": [ -74.1652848, 40.5835747 ] } },
{ "type": "Feature", "properties": { "element": "node", "id": 4407734872, "kind": "electronics" }, "geometry": { "type": "Point", "coordinates": [ -74.167206, 40.5768546 ] } },
{ "type": "Feature", "properties": { "element": "node", "id": 4407734883, "kind": "vacant" }, "geometry": { "type": "Point", "coordinates": [ -74.1646897, 40.5759177 ] } },
{ "type": "Feature", "properties": { "element": "node", "id": 4407734886, "kind": "clothes" }, "geometry": { "type": "Point", "coordinates": [ -74.1666302, 40.576604 ] } },
{ "type": "Feature", "properties": { "element": "node", "id": 4407734887, "kind": "craft" }, "geometry": { "type": "Point", "coordinates": [ -74.1651567, 40.5759712 ] } },
{ "type": "Feature", "properties": { "element": "node", "id": 4407735190, "kind": "pet" }, "geometry": { "type": "Point", "coordinates": [ -74.1669674, 40.5767522 ] } },
{ "type": "Feature", "properties": { "element": "node", "id": 4407735231, "kind": "department_store" }, "geometry": { "type": "Point", "coordinates": [ -74.1634969, 40.5917498 ] } },
{ "type": "Feature", "properties": { "element": "node", "id": 4407735237, "kind": "supermarket" }, "geometry": { "type": "Point", "coordinates": [ -74.1663052, 40.5763716 ] } },
{ "type": "Feature", "properties": { "element": "node", "id": 4407735239, "kind": "department_store" }, "geometry": { "type": "Point", "coordinates": [ -74.1678611, 40.5772201 ] } },
{ "type": "Feature", "properties": { "element": "node", "id": 4409229629, "kind": "convenience" }, "geometry": { "type": "Point", "coordinates": [ -74.0934478, 40.5967513 ] } },
{ "type": "Feature", "properties": { "element": "node", "id": 4412575731, "kind": "car_parts" }, "geometry": { "type": "Point", "coordinates": [ -74.1603708, 40.5448468 ] } },
{ "type": "Feature", "properties": { "element": "node", "id": 4412589447, "kind": "deli" }, "geometry": { "type": "Point", "coordinates": [ -74.1506872, 40.5499547 ] } },
{ "type": "Feature", "properties": { "element": "node", "id": 4412865994, "kind": "car_parts" }, "geometry": { "type": "Point", "coordinates": [ -74.1030993, 40.5776986 ] } },
{ "type": "Feature", "properties": { "element": "node", "id": 4412952151, "kind": "convenience" }, "geometry": { "type": "Point", "coordinates": [ -74.1100345, 40.5709291 ] } },
{ "type": "Feature", "properties": { "element": "node", "id": 4413028300, "kind": "car" }, "geometry": { "type": "Point", "coordinates": [ -74.1105018, 40.5701736 ] } },
{ "type": "Feature", "properties": { "element": "node", "id": 4414226425, "kind": "supermarket" }, "geometry": { "type": "Point", "coordinates": [ -74.1146493, 40.5638192 ] } },
{ "type": "Feature", "properties": { "element": "node", "id": 4521377766, "kind": "convenience" }, "geometry": { "type": "Point", "coordinates": [ -74.0724652, 40.6441581 ] } },
{ "type": "Feature", "properties": { "element": "node", "id": 4521536688, "kind": "hairdresser" }, "geometry": { "type": "Point", "coordinates": [ -74.0781333, 40.6383029 ] } },
{ "type": "Feature", "properties": { "element": "node", "id": 4674629805, "kind": "musical_instrument" }, "geometry": { "type": "Point", "coordinates": [ -74.1220148, 40.5752717 ] } },
{ "type": "Feature", "properties": { "element": "node", "id": 4739077321, "kind": "supermarket" }, "geometry": { "type": "Point", "coordinates": [ -74.0682159, 40.5921502 ] } },
{ "type": "Feature", "properties": { "element": "node", "id": 4739077322, "kind": "wine" }, "geometry": { "type": "Point", "coordinates": [ -74.0676877, 40.5920202 ] } },
{ "type": "Feature", "properties": { "element": "node", "id": 4739077323, "kind": "convenience" }, "geometry": { "type": "Point", "coordinates": [ -74.0793056, 40.5988131 ] } },
{ "type": "Feature", "properties": { "element": "node", "id": 4739077324, "kind": "hairdresser" }, "geometry": { "type": "Point", "coordinates": [ -74.0791758, 40.5988046 ] } },
{ "type": "Feature", "properties": { "element": "node", "id": 4744078740, "kind": "car_parts" }, "geometry": { "type": "Point", "coordinates": [ -74.0760783, 40.6356315 ] } },
{ "type": "Feature", "properties": { "element": "node", "id": 4747938222, "kind": "car_repair" }, "geometry": { "type": "Point", "coordinates": [ -74.0761293, 40.6325341 ] } },
{ "type": "Feature", "properties": { "element": "node", "id": 4882441814, "kind": "supermarket" }, "geometry": { "type": "Point", "coordinates": [ -74.121566, 40.608264 ] } },
{ "type": "Feature", "properties": { "element": "node", "id": 5022683233, "kind": "pawnbroker" }, "geometry": { "type": "Point", "coordinates": [ -74.1157926, 40.5735446 ] } },
{ "type": "Feature", "properties": { "element": "node", "id": 5031290286, "kind": "vacant" }, "geometry": { "type": "Point", "coordinates": [ -74.094774, 40.5838709 ] } },
{ "type": "Feature", "properties": { "element": "node", "id": 5031338171, "kind": "bakery" }, "geometry": { "type": "Point", "coordinates": [ -74.1148102, 40.573309 ] } },
{ "type": "Feature", "properties": { "element": "node", "id": 5031338512, "kind": "convenience" }, "geometry": { "type": "Point", "coordinates": [ -74.091985, 40.5862049 ] } },
{ "type": "Feature", "properties": { "element": "node", "id": 5073788623, "kind": "convenience" }, "geometry": { "type": "Point", "coordinates": [ -74.0836343, 40.6041838 ] } },
{ "type": "Feature", "properties": { "element": "node", "id": 5111910521, "kind": "department_store" }, "geometry": { "type": "Point", "coordinates": [ -74.1671599, 40.5750424 ] } },
{ "type": "Feature", "properties": { "element": "node", "id": 5148765915, "kind": "supermarket" }, "geometry": { "type": "Point", "coordinates": [ -74.1566178, 40.6114561 ] } },
{ "type": "Feature", "properties": { "element": "node", "id": 5152965819, "kind": "car_repair" }, "geometry": { "type": "Point", "coordinates": [ -74.1436713, 40.6246531 ] } },
{ "type": "Feature", "properties": { "element": "node", "id": 5152966920, "kind": "art" }, "geometry": { "type": "Point", "coordinates": [ -74.1139137, 40.6430445 ] } },
{ "type": "Feature", "properties": { "element": "node", "id": 5155824389, "kind": "laundry" }, "geometry": { "type": "Point", "coordinates": [ -74.1365804, 40.6330952 ] } },
{ "type": "Feature", "properties": { "element": "node", "id": 5155828970, "kind": "alcohol" }, "geometry": { "type": "Point", "coordinates": [ -74.130181, 40.6126869 ] } },
{ "type": "Feature", "properties": { "element": "node", "id": 5240452321, "kind": "sports" }, "geometry": { "type": "Point", "coordinates": [ -74.1676063, 40.5864406 ] } },
{ "type": "Feature", "properties": { "element": "node", "id": 5449004971, "kind": "car_repair" }, "geometry": { "type": "Point", "coordinates": [ -74.2443208, 40.5140182 ] } },
{ "type": "Feature", "properties": { "element": "node", "id": 5536915819, "kind": "convenience" }, "geometry": { "type": "Point", "coordinates": [ -74.1180133, 40.6343929 ] } },
{ "type": "Feature", "properties": { "element": "node", "id": 5536937951, "kind": "bakery" }, "geometry": { "type": "Point", "coordinates": [ -74.0961067, 40.5828193 ] } },
{ "type": "Feature", "properties": { "element": "node", "id": 5540197483, "kind": "supermarket" }, "geometry": { "type": "Point", "coordinates": [ -74.081817, 40.5983618 ] } },
{ "type": "Feature", "properties": { "element": "node", "id": 5542720353, "kind": "car_repair" }, "geometry": { "type": "Point", "coordinates": [ -74.0919862, 40.6354185 ] } },
{ "type": "Feature", "properties": { "element": "node", "id": 5542721232, "kind": "deli" }, "geometry": { "type": "Point", "coordinates": [ -74.066172, 40.613923 ] } },
{ "type": "Feature", "properties": { "element": "node", "id": 5542722383, "kind": "laundry" }, "geometry": { "type": "Point", "coordinates": [ -74.0661229, 40.6138561 ] } },
{ "type": "Feature", "properties": { "element": "node", "id": 5624326816, "kind": "supermarket" }, "geometry": { "type": "Point", "coordinates": [ -74.1233924, 40.613203 ] } },
{ "type": "Feature", "properties": { "element": "node", "id": 5641541114, "kind": "deli" }, "geometry": { "type": "Point", "coordinates": [ -74.0845584, 40.6441399 ] } },
{ "type": "Feature", "properties": { "element": "node", "id": 5883225928, "kind": "furniture" }, "geometry": { "type": "Point", "coordinates": [ -74.1666733, 40.5861151 ] } },
{ "type": "Feature", "properties": { "element": "node", "id": 5883225929, "kind": "supermarket" }, "geometry": { "type": "Point", "coordinates": [ -74.1658103, 40.5899749 ] } },
{ "type": "Feature", "properties": { "element": "node", "id": 5911113707, "kind": "butcher" }, "geometry": { "type": "Point", "coordinates": [ -74.1333098, 40.5642647 ] } },
{ "type": "Feature", "properties": { "element": "node", "id": 5972014013, "kind": "optician" }, "geometry": { "type": "Point", "coordinates": [ -74.1431695, 40.5541389 ] } },
{ "type": "Feature", "properties": { "element": "node", "id": 6060264089, "kind": "beauty" }, "geometry": { "type": "Point", "coordinates": [ -74.1127848, 40.5719483 ] } },
{ "type": "Feature", "properties": { "element": "node", "id": 6065309285, "kind": "clothes" }, "geometry": { "type": "Point", "coordinates": [ -74.1125889, 40.5662658 ] } },
{ "type": "Feature", "properties": { "element": "node", "id": 6102902690, "kind": "florist" }, "geometry": { "type": "Point", "coordinates": [ -74.1628773, 40.5980817 ] } },
{ "type": "Feature", "properties": { "element": "node", "id": 6139365190, "kind": "houseware" }, "geometry": { "type": "Point", "coordinates": [ -74.1674882, 40.5742977 ] } },
{ "type": "Feature", "properties": { "element": "node", "id": 6153728886, "kind": "bicycle" }, "geometry": { "type": "Point", "coordinates": [ -74.1465488, 40.5413899 ] } },
{ "type": "Feature", "properties": { "element": "node", "id": 6200936385, "kind": "supermarket" }, "geometry": { "type": "Point", "coordinates": [ -74.0829067, 40.6050983 ] } },
{ "type": "Feature", "properties": { "element": "node", "id": 6201516485, "kind": "chemist" }, "geometry": { "type": "Point", "coordinates": [ -74.0816898, 40.5991107 ] } },
{ "type": "Feature", "properties": { "element": "node", "id": 6201516486, "kind": "supermarket" }, "geometry": { "type": "Point", "coordinates": [ -74.0822863, 40.5986637 ] } },
{ "type": "Feature", "properties": { "element": "node", "id": 6227534935, "kind": "laundry" }, "geometry": { "type": "Point", "coordinates": [ -74.0831709, 40.6230319 ] } },
{ "type": "Feature", "properties": { "element": "node", "id": 6238812412, "kind": "travel_agency" }, "geometry": { "type": "Point", "coordinates": [ -74.091024, 40.5716479 ] } },
{ "type": "Feature", "properties": { "element": "node", "id": 6312109572, "kind": "pawnbroker" }, "geometry": { "type": "Point", "coordinates": [ -74.1489435, 40.6252841 ] } },
{ "type": "Feature", "properties": { "element": "node", "id": 6312109574, "kind": "variety_store" }, "geometry": { "type": "Point", "coordinates": [ -74.1471755, 40.6244753 ] } },
{ "type": "Feature", "properties": { "element": "node", "id": 6363975811, "kind": "supermarket" }, "geometry": { "type": "Point", "coordinates": [ -74.1034956, 40.5771133 ] } },
{ "type": "Feature", "properties": { "element": "node", "id": 6371537385, "kind": "clothes" }, "geometry": { "type": "Point", "coordinates": [ -74.1362602, 40.6280912 ] } },
{ "type": "Feature", "properties": { "element": "node", "id": 6395035074, "kind": "convenience" }, "geometry": { "type": "Point", "coordinates": [ -74.0790157, 40.6421012 ] } },
{ "type": "Feature", "properties": { "element": "node", "id": 6538610115, "kind": "shoes" }, "geometry": { "type": "Point", "coordinates": [ -74.1671657, 40.5871417 ] } },
{ "type": "Feature", "properties": { "element": "node", "id": 6538610116, "kind": "department_store" }, "geometry": { "type": "Point", "coordinates": [ -74.1668754, 40.5873728 ] } },
{ "type": "Feature", "properties": { "element": "node", "id": 6609017321, "kind": "florist" }, "geometry": { "type": "Point", "coordinates": [ -74.1337457, 40.5644686 ] } },
{ "type": "Feature", "properties": { "element": "node", "id": 6672978330, "kind": "pet" }, "geometry": { "type": "Point", "coordinates": [ -74.1617526, 40.5454323 ] } },
{ "type": "Feature", "properties": { "element": "node", "id": 6672978334, "kind": "dry_cleaning" }, "geometry": { "type": "Point", "coordinates": [ -74.161296, 40.5456609 ] } },
{ "type": "Feature", "properties": { "element": "node", "id": 6672978337, "kind": "vacant" }, "geometry": { "type": "Point", "coordinates": [ -74.1610623, 40.5457811 ] } },
{ "type": "Feature", "properties": { "element": "node", "id": 6672990191, "kind": "bakery" }, "geometry": { "type": "Point", "coordinates": [ -74.1605343, 40.544753 ] } },
{ "type": "Feature", "properties": { "element": "node", "id": 6672990194, "kind": "mobile_phone" }, "geometry": { "type": "Point", "coordinates": [ -74.1601659, 40.5449467 ] } },
{ "type": "Feature", "properties": { "element": "node", "id": 6672990195, "kind": "convenience" }, "geometry": { "type": "Point", "coordinates": [ -74.1600941, 40.5449881 ] } },
{ "type": "Feature", "properties": { "element": "node", "id": 6672990196, "kind": "jewelry" }, "geometry": { "type": "Point", "coordinates": [ -74.1600292, 40.5450233 ] } },
{ "type": "Feature", "properties": { "element": "node", "id": 6672990198, "kind": "optician" }, "geometry": { "type": "Point", "coordinates": [ -74.1598809, 40.545106 ] } },
{ "type": "Feature", "properties": { "element": "node", "id": 6672990199, "kind": "alcohol" }, "geometry": { "type": "Point", "coordinates": [ -74.1598056, 40.5451456 ] } },
{ "type": "Feature", "properties": { "element": "node", "id": 6672990201, "kind": "hairdresser" }, "geometry": { "type": "Point", "coordinates": [ -74.1596782, 40.545217 ] } },
{ "type": "Feature", "properties": { "element": "node", "id": 6672990202, "kind": "video_games" }, "geometry": { "type": "Point", "coordinates": [ -74.1596075, 40.5452469 ] } },
{ "type": "Feature", "properties": { "element": "node", "id": 6678050877, "kind": "e-cigarette" }, "geometry": { "type": "Point", "coordinates": [ -74.1640697, 40.5429149 ] } },
{ "type": "Feature", "properties": { "element": "node", "id": 6678162673, "kind": "laundry" }, "geometry": { "type": "Point", "coordinates": [ -74.1612389, 40.5443716 ] } },
{ "type": "Feature", "properties": { "element": "node", "id": 6678162674, "kind": "dry_cleaning" }, "geometry": { "type": "Point", "coordinates": [ -74.1613072, 40.5444408 ] } },
{ "type": "Feature", "properties": { "element": "node", "id": 6680163694, "kind": "beauty" }, "geometry": { "type": "Point", "coordinates": [ -74.1653897, 40.544924 ] } },
{ "type": "Feature", "properties": { "element": "node", "id": 6680163696, "kind": "beverages" }, "geometry": { "type": "Point", "coordinates": [ -74.1657943, 40.5448756 ] } },
{ "type": "Feature", "properties": { "element": "node", "id": 6680163697, "kind": "alcohol" }, "geometry": { "type": "Point", "coordinates": [ -74.1658092, 40.5449237 ] } },
{ "type": "Feature", "properties": { "element": "node", "id": 6699139857, "kind": "bakery" }, "geometry": { "type": "Point", "coordinates": [ -74.1772946, 40.5417939 ] } },
{ "type": "Feature", "properties": { "element": "node", "id": 6699139858, "kind": "tobacco" }, "geometry": { "type": "Point", "coordinates": [ -74.1772756, 40.5416754 ] } },
{ "type": "Feature", "properties": { "element": "node", "id": 6699139860, "kind": "hairdresser" }, "geometry": { "type": "Point", "coordinates": [ -74.1769521, 40.5414193 ] } },
{ "type": "Feature", "properties": { "element": "node", "id": 6699139862, "kind": "alcohol" }, "geometry": { "type": "Point", "coordinates": [ -74.1772156, 40.5411888 ] } },
{ "type": "Feature", "properties": { "element": "node", "id": 6699139864, "kind": "deli" }, "geometry": { "type": "Point", "coordinates": [ -74.1772281, 40.5410277 ] } },
{ "type": "Feature", "properties": { "element": "node", "id": 6699139865, "kind": "beauty" }, "geometry": { "type": "Point", "coordinates": [ -74.1772288, 40.5409593 ] } },
{ "type": "Feature", "properties": { "element": "node", "id": 6699676994, "kind": "party" }, "geometry": { "type": "Point", "coordinates": [ -74.1780971, 40.5410524 ] } },
{ "type": "Feature", "properties": { "element": "node", "id": 6699676995, "kind": "beauty" }, "geometry": { "type": "Point", "coordinates": [ -74.1781139, 40.541105 ] } },
{ "type": "Feature", "properties": { "element": "node", "id": 6699676997, "kind": "beauty" }, "geometry": { "type": "Point", "coordinates": [ -74.1784352, 40.5413652 ] } },
{ "type": "Feature", "properties": { "element": "node", "id": 6699676999, "kind": "variety_store" }, "geometry": { "type": "Point", "coordinates": [ -74.1784804, 40.5414873 ] } },
{ "type": "Feature", "properties": { "element": "node", "id": 6699677004, "kind": "dry_cleaning" }, "geometry": { "type": "Point", "coordinates": [ -74.1784544, 40.5419135 ] } },
{ "type": "Feature", "properties": { "element": "node", "id": 6700560063, "kind": "convenience" }, "geometry": { "type": "Point", "coordinates": [ -74.1317308, 40.6258504 ] } },
{ "type": "Feature", "properties": { "element": "node", "id": 6700595181, "kind": "locksmith" }, "geometry": { "type": "Point", "coordinates": [ -74.165234, 40.5440187 ] } },
{ "type": "Feature", "properties": { "element": "node", "id": 6700595183, "kind": "vacant" }, "geometry": { "type": "Point", "coordinates": [ -74.1649182, 40.5441369 ] } },
{ "type": "Feature", "properties": { "element": "node", "id": 6700595184, "kind": "beauty" }, "geometry": { "type": "Point", "coordinates": [ -74.1648212, 40.5440486 ] } },
{ "type": "Feature", "properties": { "element": "node", "id": 6700617191, "kind": "convenience" }, "geometry": { "type": "Point", "coordinates": [ -74.1581431, 40.5474589 ] } },
{ "type": "Feature", "properties": { "element": "node", "id": 6700617192, "kind": "beauty" }, "geometry": { "type": "Point", "coordinates": [ -74.1580498, 40.5475591 ] } },
{ "type": "Feature", "properties": { "element": "node", "id": 6700617193, "kind": "optician" }, "geometry": { "type": "Point", "coordinates": [ -74.1579701, 40.5475977 ] } },
{ "type": "Feature", "properties": { "element": "node", "id": 6700617197, "kind": "beauty" }, "geometry": { "type": "Point", "coordinates": [ -74.1576873, 40.5477469 ] } },
{ "type": "Feature", "properties": { "element": "node", "id": 6700617198, "kind": "deli" }, "geometry": { "type": "Point", "coordinates": [ -74.1593509, 40.5468441 ] } },
{ "type": "Feature", "properties": { "element": "node", "id": 6700617200, "kind": "car_repair" }, "geometry": { "type": "Point", "coordinates": [ -74.159552, 40.5464185 ] } },
{ "type": "Feature", "properties": { "element": "node", "id": 6700617201, "kind": "tattoo" }, "geometry": { "type": "Point", "coordinates": [ -74.1596617, 40.5461124 ] } },
{ "type": "Feature", "properties": { "element": "node", "id": 6700617202, "kind": "car_repair" }, "geometry": { "type": "Point", "coordinates": [ -74.159638, 40.546021 ] } },
{ "type": "Feature", "properties": { "element": "node", "id": 6700617203, "kind": "car_repair" }, "geometry": { "type": "Point", "coordinates": [ -74.1594865, 40.5461259 ] } },
{ "type": "Feature", "properties": { "element": "node", "id": 6700617204, "kind": "car_repair" }, "geometry": { "type": "Point", "coordinates": [ -74.1595054, 40.5463758 ] } },
{ "type": "Feature", "properties": { "element": "node", "id": 6700617206, "kind": "beauty" }, "geometry": { "type": "Point", "coordinates": [ -74.1570428, 40.5474156 ] } },
{ "type": "Feature", "properties": { "element": "node", "id": 6703513804, "kind": "e-cigarette" }, "geometry": { "type": "Point", "coordinates": [ -74.1916474, 40.5325199 ] } },
{ "type": "Feature", "properties": { "element": "node", "id": 6703513805, "kind": "chocolate" }, "geometry": { "type": "Point", "coordinates": [ -74.191771, 40.5325758 ] } },
{ "type": "Feature", "properties": { "element": "node", "id": 6703513806, "kind": "travel_agency" }, "geometry": { "type": "Point", "coordinates": [ -74.1918516, 40.5328058 ] } },
{ "type": "Feature", "properties": { "element": "node", "id": 6703513809, "kind": "beauty" }, "geometry": { "type": "Point", "coordinates": [ -74.1918995, 40.532612 ] } },
{ "type": "Feature", "properties": { "element": "node", "id": 6703513811, "kind": "dry_cleaning" }, "geometry": { "type": "Point", "coordinates": [ -74.1922499, 40.5326182 ] } },
{ "type": "Feature", "properties": { "element": "node", "id": 6703513812, "kind": "beauty" }, "geometry": { "type": "Point", "coordinates": [ -74.1922646, 40.5326445 ] } },
{ "type": "Feature", "properties": { "element": "node", "id": 6704927956, "kind": "hairdresser" }, "geometry": { "type": "Point", "coordinates": [ -74.1632322, 40.541952 ] } },
{ "type": "Feature", "properties": { "element": "node", "id": 6704927958, "kind": "deli" }, "geometry": { "type": "Point", "coordinates": [ -74.1631927, 40.5418526 ] } },
{ "type": "Feature", "properties": { "element": "node", "id": 6704927961, "kind": "swimming_pool" }, "geometry": { "type": "Point", "coordinates": [ -74.163038, 40.5416903 ] } },
{ "type": "Feature", "properties": { "element": "node", "id": 6704927962, "kind": "wine" }, "geometry": { "type": "Point", "coordinates": [ -74.1629858, 40.5416384 ] } },
{ "type": "Feature", "properties": { "element": "node", "id": 6704927963, "kind": "hairdresser" }, "geometry": { "type": "Point", "coordinates": [ -74.1629447, 40.5415943 ] } },
{ "type": "Feature", "properties": { "element": "node", "id": 6704927964, "kind": "deli" }, "geometry": { "type": "Point", "coordinates": [ -74.1628911, 40.5415356 ] } },
{ "type": "Feature", "properties": { "element": "node", "id": 6708239376, "kind": "vacant" }, "geometry": { "type": "Point", "coordinates": [ -74.1672146, 40.5862168 ] } },
{ "type": "Feature", "properties": { "element": "node", "id": 6711404686, "kind": "pastry" }, "geometry": { "type": "Point", "coordinates": [ -74.1660949, 40.5816964 ] } },
{ "type": "Feature", "properties": { "element": "node", "id": 6775260766, "kind": "beauty" }, "geometry": { "type": "Point", "coordinates": [ -74.164237, 40.5595674 ] } },
{ "type": "Feature", "properties": { "element": "node", "id": 6775260767, "kind": "car_parts" }, "geometry": { "type": "Point", "coordinates": [ -74.1642994, 40.5595593 ] } },
{ "type": "Feature", "properties": { "element": "node", "id": 6775260772, "kind": "convenience" }, "geometry": { "type": "Point", "coordinates": [ -74.1646283, 40.5595182 ] } },
{ "type": "Feature", "properties": { "element": "node", "id": 6775487646, "kind": "supermarket" }, "geometry": { "type": "Point", "coordinates": [ -74.1687379, 40.5596468 ] } },
{ "type": "Feature", "properties": { "element": "node", "id": 6775487649, "kind": "tobacco" }, "geometry": { "type": "Point", "coordinates": [ -74.168474, 40.5596328 ] } },
{ "type": "Feature", "properties": { "element": "node", "id": 6775487651, "kind": "paint" }, "geometry": { "type": "Point", "coordinates": [ -74.1683406, 40.5596483 ] } },
{ "type": "Feature", "properties": { "element": "node", "id": 6775487655, "kind": "hairdresser" }, "geometry": { "type": "Point", "coordinates": [ -74.1680225, 40.5597008 ] } },
{ "type": "Feature", "properties": { "element": "node", "id": 6775487656, "kind": "copyshop" }, "geometry": { "type": "Point", "coordinates": [ -74.1679464, 40.5597102 ] } },
{ "type": "Feature", "properties": { "element": "node", "id": 6775487657, "kind": "convenience" }, "geometry": { "type": "Point", "coordinates": [ -74.1678645, 40.5597204 ] } },
{ "type": "Feature", "properties": { "element": "node", "id": 6775487658, "kind": "vacant" }, "geometry": { "type": "Point", "coordinates": [ -74.1676468, 40.5597476 ] } },
{ "type": "Feature", "properties": { "element": "node", "id": 6775487659, "kind": "optician" }, "geometry": { "type": "Point", "coordinates": [ -74.1675721, 40.5597569 ] } },
{ "type": "Feature", "properties": { "element": "node", "id": 6776135933, "kind": "beauty" }, "geometry": { "type": "Point", "coordinates": [ -74.1655787, 40.5429416 ] } },
{ "type": "Feature", "properties": { "element": "node", "id": 6776135935, "kind": "alcohol" }, "geometry": { "type": "Point", "coordinates": [ -74.1653924, 40.5426492 ] } },
{ "type": "Feature", "properties": { "element": "node", "id": 6776135936, "kind": "tobacco" }, "geometry": { "type": "Point", "coordinates": [ -74.1654502, 40.5425978 ] } },
{ "type": "Feature", "properties": { "element": "node", "id": 6776135938, "kind": "beauty" }, "geometry": { "type": "Point", "coordinates": [ -74.1655819, 40.5424856 ] } },
{ "type": "Feature", "properties": { "element": "node", "id": 6924699385, "kind": "car_repair" }, "geometry": { "type": "Point", "coordinates": [ -74.1476856, 40.6359467 ] } },
{ "type": "Feature", "properties": { "element": "node", "id": 7004741301, "kind": "convenience" }, "geometry": { "type": "Point", "coordinates": [ -74.0855222, 40.6344231 ] } },
{ "type": "Feature", "properties": { "element": "node", "id": 7011143930, "kind": "travel_agency" }, "geometry": { "type": "Point", "coordinates": [ -74.2378803, 40.5391198 ] } },
{ "type": "Feature", "properties": { "element": "node", "id": 7159841503, "kind": "florist" }, "geometry": { "type": "Point", "coordinates": [ -74.1923716, 40.5328106 ] } },
{ "type": "Feature", "properties": { "element": "node", "id": 7159841504, "kind": "health_food" }, "geometry": { "type": "Point", "coordinates": [ -74.1921857, 40.5329339 ] } },
{ "type": "Feature", "properties": { "element": "node", "id": 7159841505, "kind": "deli" }, "geometry": { "type": "Point", "coordinates": [ -74.1922267, 40.5329995 ] } },
{ "type": "Feature", "properties": { "element": "node", "id": 7598428049, "kind": "nutrition_supplements" }, "geometry": { "type": "Point", "coordinates": [ -74.1118361, 40.5678829 ] } },
{ "type": "Feature", "properties": { "element": "node", "id": 7605848493, "kind": "nutrition_supplements" }, "geometry": { "type": "Point", "coordinates": [ -74.1669707, 40.5858276 ] } },
{ "type": "Feature", "properties": { "element": "node", "id": 7772045706, "kind": "supermarket" }, "geometry": { "type": "Point", "coordinates": [ -74.2437507, 40.5169518 ] } },
{ "type": "Feature", "properties": { "element": "node", "id": 7772045719, "kind": "seafood" }, "geometry": { "type": "Point", "coordinates": [ -74.2433148, 40.5165412 ] } },
{ "type": "Feature", "properties": { "element": "node", "id": 7774783630, "kind": "pet" }, "geometry": { "type": "Point", "coordinates": [ -74.2425885, 40.5167914 ] } },
{ "type": "Feature", "properties": { "element": "node", "id": 7776323241, "kind": "doityourself" }, "geometry": { "type": "Point", "coordinates": [ -74.2408132, 40.5174562 ] } },
{ "type": "Feature", "properties": { "element": "node", "id": 7777154676, "kind": "deli" }, "geometry": { "type": "Point", "coordinates": [ -74.2328704, 40.5166477 ] } },
{ "type": "Feature", "properties": { "element": "node", "id": 7777154691, "kind": "beauty" }, "geometry": { "type": "Point", "coordinates": [ -74.2332275, 40.5169404 ] } },
{ "type": "Feature", "properties": { "element": "node", "id": 7777154692, "kind": "florist" }, "geometry": { "type": "Point", "coordinates": [ -74.2331614, 40.5169684 ] } },
{ "type": "Feature", "properties": { "element": "node", "id": 7779481125, "kind": "alcohol" }, "geometry": { "type": "Point", "coordinates": [ -74.2344266, 40.5165507 ] } },
{ "type": "Feature", "properties": { "element": "node", "id": 7779481127, "kind": "hairdresser" }, "geometry": { "type": "Point", "coordinates": [ -74.2343133, 40.5164527 ] } },
{ "type": "Feature", "properties": { "element": "node", "id": 7779481130, "kind": "gift" }, "geometry": { "type": "Point", "coordinates": [ -74.2341856, 40.5163404 ] } },
{ "type": "Feature", "properties": { "element": "node", "id": 7779481131, "kind": "dry_cleaning" }, "geometry": { "type": "Point", "coordinates": [ -74.2341448, 40.5163029 ] } },
{ "type": "Feature", "properties": { "element": "node", "id": 7779481132, "kind": "beauty" }, "geometry": { "type": "Point", "coordinates": [ -74.2340943, 40.5162603 ] } },
{ "type": "Feature", "properties": { "element": "node", "id": 7779481135, "kind": "vacant" }, "geometry": { "type": "Point", "coordinates": [ -74.2343225, 40.5168101 ] } },
{ "type": "Feature", "properties": { "element": "node", "id": 7779481451, "kind": "clothes" }, "geometry": { "type": "Point", "coordinates": [ -74.2344554, 40.516789 ] } },
{ "type": "Feature", "properties": { "element": "node", "id": 7779481452, "kind": "money_lender" }, "geometry": { "type": "Point", "coordinates": [ -74.2343843, 40.5168371 ] } },
{ "type": "Feature", "properties": { "element": "node", "id": 7779481479, "kind": "sports" }, "geometry": { "type": "Point", "coordinates": [ -74.2348798, 40.5167901 ] } },
{ "type": "Feature", "properties": { "element": "node", "id": 7779637972, "kind": "paint" }, "geometry": { "type": "Point", "coordinates": [ -74.2356629, 40.5175078 ] } },
{ "type": "Feature", "properties": { "element": "node", "id": 7779637974, "kind": "dry_cleaning" }, "geometry": { "type": "Point", "coordinates": [ -74.2358219, 40.5176097 ] } },
{ "type": "Feature", "properties": { "element": "node", "id": 7779637975, "kind": "clothes" }, "geometry": { "type": "Point", "coordinates": [ -74.2358951, 40.5176542 ] } },
{ "type": "Feature", "properties": { "element": "node", "id": 7779637976, "kind": "laundry" }, "geometry": { "type": "Point", "coordinates": [ -74.2359597, 40.5177018 ] } },
{ "type": "Feature", "properties": { "element": "node", "id": 7779637980, "kind": "beauty" }, "geometry": { "type": "Point", "coordinates": [ -74.2357476, 40.5180123 ] } },
{ "type": "Feature", "properties": { "element": "node", "id": 7779637981, "kind": "alcohol" }, "geometry": { "type": "Point", "coordinates": [ -74.2356714, 40.5180279 ] } },
{ "type": "Feature", "properties": { "element": "node", "id": 7779637982, "kind": "convenience" }, "geometry": { "type": "Point", "coordinates": [ -74.235601, 40.5180428 ] } },
{ "type": "Feature", "properties": { "element": "node", "id": 7779641485, "kind": "optician" }, "geometry": { "type": "Point", "coordinates": [ -74.2353204, 40.518097 ] } },
{ "type": "Feature", "properties": { "element": "node", "id": 7779641487, "kind": "car_repair" }, "geometry": { "type": "Point", "coordinates": [ -74.2348815, 40.5181707 ] } },
{ "type": "Feature", "properties": { "element": "node", "id": 7781914555, "kind": "convenience" }, "geometry": { "type": "Point", "coordinates": [ -74.234387, 40.5241265 ] } },
{ "type": "Feature", "properties": { "element": "node", "id": 7781914560, "kind": "clothes" }, "geometry": { "type": "Point", "coordinates": [ -74.2344579, 40.5237875 ] } },
{ "type": "Feature", "properties": { "element": "node", "id": 7781914562, "kind": "clothes" }, "geometry": { "type": "Point", "coordinates": [ -74.234481, 40.5235704 ] } },
{ "type": "Feature", "properties": { "element": "node", "id": 7781914566, "kind": "e-cigarette" }, "geometry": { "type": "Point", "coordinates": [ -74.2345486, 40.5228819 ] } },
{ "type": "Feature", "properties": { "element": "node", "id": 7781914567, "kind": "clothes" }, "geometry": { "type": "Point", "coordinates": [ -74.2345593, 40.5227931 ] } },
{ "type": "Feature", "properties": { "element": "node", "id": 7781914568, "kind": "tattoo" }, "geometry": { "type": "Point", "coordinates": [ -74.2345622, 40.5227517 ] } },
{ "type": "Feature", "properties": { "element": "node", "id": 7781914569, "kind": "beauty" }, "geometry": { "type": "Point", "coordinates": [ -74.234568, 40.5226962 ] } },
{ "type": "Feature", "properties": { "element": "node", "id": 7781914572, "kind": "beauty" }, "geometry": { "type": "Point", "coordinates": [ -74.2346091, 40.5223041 ] } },
{ "type": "Feature", "properties": { "element": "node", "id": 7781914575, "kind": "beauty" }, "geometry": { "type": "Point", "coordinates": [ -74.2346488, 40.5219273 ] } },
{ "type": "Feature", "properties": { "element": "node", "id": 7781914577, "kind": "beauty" }, "geometry": { "type": "Point", "coordinates": [ -74.2346693, 40.521766 ] } },
{ "type": "Feature", "properties": { "element": "node", "id": 7781914578, "kind": "hairdresser" }, "geometry": { "type": "Point", "coordinates": [ -74.2346784, 40.5216925 ] } },
{ "type": "Feature", "properties": { "element": "node", "id": 7781914579, "kind": "beauty" }, "geometry": { "type": "Point", "coordinates": [ -74.2346893, 40.5216172 ] } },
{ "type": "Feature", "properties": { "element": "node", "id": 7781914581, "kind": "car_repair" }, "geometry": { "type": "Point", "coordinates": [ -74.2347092, 40.5213962 ] } },
{ "type": "Feature", "properties": { "element": "node", "id": 7781914582, "kind": "car_parts" }, "geometry": { "type": "Point", "coordinates": [ -74.2347389, 40.5211563 ] } },
{ "type": "Feature", "properties": { "element": "node", "id": 7781943885, "kind": "mobile_phone" }, "geometry": { "type": "Point", "coordinates": [ -74.2355155, 40.521783 ] } },
{ "type": "Feature", "properties": { "element": "node", "id": 7781943886, "kind": "beauty" }, "geometry": { "type": "Point", "coordinates": [ -74.2355074, 40.5218413 ] } },
{ "type": "Feature", "properties": { "element": "node", "id": 7781943887, "kind": "bakery" }, "geometry": { "type": "Point", "coordinates": [ -74.235501, 40.5219006 ] } },
{ "type": "Feature", "properties": { "element": "node", "id": 7781943889, "kind": "tobacco" }, "geometry": { "type": "Point", "coordinates": [ -74.2354878, 40.5220117 ] } },
{ "type": "Feature", "properties": { "element": "node", "id": 7781943890, "kind": "jewelry" }, "geometry": { "type": "Point", "coordinates": [ -74.2354811, 40.5220729 ] } },
{ "type": "Feature", "properties": { "element": "node", "id": 7781943891, "kind": "beauty" }, "geometry": { "type": "Point", "coordinates": [ -74.2354744, 40.5221526 ] } },
{ "type": "Feature", "properties": { "element": "node", "id": 7788619723, "kind": "beauty" }, "geometry": { "type": "Point", "coordinates": [ -74.2385196, 40.5238079 ] } },
{ "type": "Feature", "properties": { "element": "node", "id": 7788619738, "kind": "deli" }, "geometry": { "type": "Point", "coordinates": [ -74.2387827, 40.5230891 ] } },
{ "type": "Feature", "properties": { "element": "node", "id": 7788619739, "kind": "convenience" }, "geometry": { "type": "Point", "coordinates": [ -74.2387827, 40.5230394 ] } },
{ "type": "Feature", "properties": { "element": "node", "id": 7788619741, "kind": "hardware" }, "geometry": { "type": "Point", "coordinates": [ -74.2387865, 40.522808 ] } },
{ "type": "Feature", "properties": { "element": "node", "id": 7788619746, "kind": "beauty" }, "geometry": { "type": "Point", "coordinates": [ -74.2385987, 40.5225869 ] } },
{ "type": "Feature", "properties": { "element": "node", "id": 7788619748, "kind": "second_hand" }, "geometry": { "type": "Point", "coordinates": [ -74.2398091, 40.5229314 ] } },
{ "type": "Feature", "properties": { "element": "node", "id": 7788619752, "kind": "swimming_pool" }, "geometry": { "type": "Point", "coordinates": [ -74.2390233, 40.5247914 ] } },
{ "type": "Feature", "properties": { "element": "node", "id": 7788619753, "kind": "car_repair" }, "geometry": { "type": "Point", "coordinates": [ -74.2370672, 40.5247108 ] } },
{ "type": "Feature", "properties": { "element": "node", "id": 7788619755, "kind": "tiles" }, "geometry": { "type": "Point", "coordinates": [ -74.2357015, 40.5249188 ] } },
{ "type": "Feature", "properties": { "element": "node", "id": 7788619756, "kind": "bathroom_furnishing" }, "geometry": { "type": "Point", "coordinates": [ -74.235698, 40.5248294 ] } },
{ "type": "Feature", "properties": { "element": "node", "id": 7788619758, "kind": "kitchen" }, "geometry": { "type": "Point", "coordinates": [ -74.2352811, 40.5246967 ] } },
{ "type": "Feature", "properties": { "element": "node", "id": 7788619759, "kind": "beauty" }, "geometry": { "type": "Point", "coordinates": [ -74.2354788, 40.5248118 ] } },
{ "type": "Feature", "properties": { "element": "node", "id": 7792412302, "kind": "convenience" }, "geometry": { "type": "Point", "coordinates": [ -74.1924483, 40.5325084 ] } },
{ "type": "Feature", "properties": { "element": "node", "id": 7792412303, "kind": "hairdresser" }, "geometry": { "type": "Point", "coordinates": [ -74.1925944, 40.5324636 ] } },
{ "type": "Feature", "properties": { "element": "node", "id": 7797500140, "kind": "deli" }, "geometry": { "type": "Point", "coordinates": [ -74.2079083, 40.5426008 ] } },
{ "type": "Feature", "properties": { "element": "node", "id": 7797500141, "kind": "alcohol" }, "geometry": { "type": "Point", "coordinates": [ -74.2078056, 40.5426302 ] } },
{ "type": "Feature", "properties": { "element": "node", "id": 7797500142, "kind": "e-cigarette" }, "geometry": { "type": "Point", "coordinates": [ -74.207738, 40.5427643 ] } },
{ "type": "Feature", "properties": { "element": "node", "id": 7797500143, "kind": "dry_cleaning" }, "geometry": { "type": "Point", "coordinates": [ -74.2076485, 40.5427936 ] } },
{ "type": "Feature", "properties": { "element": "node", "id": 7797500153, "kind": "greengrocer" }, "geometry": { "type": "Point", "coordinates": [ -74.2070038, 40.5428615 ] } },
{ "type": "Feature", "properties": { "element": "node", "id": 7797500155, "kind": "gift" }, "geometry": { "type": "Point", "coordinates": [ -74.2068125, 40.5429109 ] } },
{ "type": "Feature", "properties": { "element": "node", "id": 7797500156, "kind": "pastry" }, "geometry": { "type": "Point", "coordinates": [ -74.2065435, 40.5428823 ] } },
{ "type": "Feature", "properties": { "element": "node", "id": 7797500157, "kind": "laundry" }, "geometry": { "type": "Point", "coordinates": [ -74.2064812, 40.5428778 ] } },
{ "type": "Feature", "properties": { "element": "node", "id": 7797500158, "kind": "hairdresser" }, "geometry": { "type": "Point", "coordinates": [ -74.2065905, 40.5421225 ] } },
{ "type": "Feature", "properties": { "element": "node", "id": 7797500159, "kind": "beauty" }, "geometry": { "type": "Point", "coordinates": [ -74.2067137, 40.542112 ] } },
{ "type": "Feature", "properties": { "element": "node", "id": 7797500160, "kind": "hairdresser" }, "geometry": { "type": "Point", "coordinates": [ -74.2067846, 40.5421059 ] } },
{ "type": "Feature", "properties": { "element": "node", "id": 7797500161, "kind": "mobile_phone" }, "geometry": { "type": "Point", "coordinates": [ -74.2068538, 40.5421011 ] } },
{ "type": "Feature", "properties": { "element": "node", "id": 7797500162, "kind": "travel_agency" }, "geometry": { "type": "Point", "coordinates": [ -74.2066526, 40.5421175 ] } },
{ "type": "Feature", "properties": { "element": "node", "id": 7799768728, "kind": "variety_store" }, "geometry": { "type": "Point", "coordinates": [ -74.2153246, 40.5213726 ] } },
{ "type": "Feature", "properties": { "element": "node", "id": 7799768729, "kind": "supermarket" }, "geometry": { "type": "Point", "coordinates": [ -74.2153702, 40.5217712 ] } },
{ "type": "Feature", "properties": { "element": "node", "id": 7799768730, "kind": "beauty" }, "geometry": { "type": "Point", "coordinates": [ -74.2155561, 40.5221487 ] } },
{ "type": "Feature", "properties": { "element": "node", "id": 7799768731, "kind": "florist" }, "geometry": { "type": "Point", "coordinates": [ -74.2156272, 40.5221428 ] } },
{ "type": "Feature", "properties": { "element": "node", "id": 7799768732, "kind": "dry_cleaning" }, "geometry": { "type": "Point", "coordinates": [ -74.2157045, 40.5221364 ] } },
{ "type": "Feature", "properties": { "element": "node", "id": 7799768733, "kind": "alcohol" }, "geometry": { "type": "Point", "coordinates": [ -74.2157841, 40.5221299 ] } },
{ "type": "Feature", "properties": { "element": "node", "id": 7799768739, "kind": "bakery" }, "geometry": { "type": "Point", "coordinates": [ -74.216585, 40.5222609 ] } },
{ "type": "Feature", "properties": { "element": "node", "id": 7799768740, "kind": "tobacco" }, "geometry": { "type": "Point", "coordinates": [ -74.2166037, 40.5222136 ] } },
{ "type": "Feature", "properties": { "element": "node", "id": 7799768742, "kind": "beauty" }, "geometry": { "type": "Point", "coordinates": [ -74.2167592, 40.5220635 ] } },
{ "type": "Feature", "properties": { "element": "node", "id": 7799768743, "kind": "funeral_directors" }, "geometry": { "type": "Point", "coordinates": [ -74.2170736, 40.5220434 ] } },
{ "type": "Feature", "properties": { "element": "node", "id": 7799768746, "kind": "tailor" }, "geometry": { "type": "Point", "coordinates": [ -74.216523, 40.5229157 ] } },
{ "type": "Feature", "properties": { "element": "node", "id": 7799768747, "kind": "tattoo" }, "geometry": { "type": "Point", "coordinates": [ -74.2164833, 40.5229745 ] } },
{ "type": "Feature", "properties": { "element": "node", "id": 7799768749, "kind": "beauty" }, "geometry": { "type": "Point", "coordinates": [ -74.2160901, 40.5231484 ] } },
{ "type": "Feature", "properties": { "element": "node", "id": 7799768752, "kind": "pastry" }, "geometry": { "type": "Point", "coordinates": [ -74.2162502, 40.5233256 ] } },
{ "type": "Feature", "properties": { "element": "node", "id": 7799768754, "kind": "beauty" }, "geometry": { "type": "Point", "coordinates": [ -74.2161395, 40.52348 ] } },
{ "type": "Feature", "properties": { "element": "node", "id": 7799768755, "kind": "appliance" }, "geometry": { "type": "Point", "coordinates": [ -74.2158205, 40.523524 ] } },
{ "type": "Feature", "properties": { "element": "node", "id": 7799768756, "kind": "interior_decoration" }, "geometry": { "type": "Point", "coordinates": [ -74.2160955, 40.5235371 ] } },
{ "type": "Feature", "properties": { "element": "node", "id": 7799768758, "kind": "dry_cleaning" }, "geometry": { "type": "Point", "coordinates": [ -74.2151685, 40.5239045 ] } },
{ "type": "Feature", "properties": { "element": "node", "id": 7799768760, "kind": "clothes" }, "geometry": { "type": "Point", "coordinates": [ -74.215161, 40.5238425 ] } },
{ "type": "Feature", "properties": { "element": "node", "id": 7799768761, "kind": "money_lender" }, "geometry": { "type": "Point", "coordinates": [ -74.2150825, 40.5238458 ] } },
{ "type": "Feature", "properties": { "element": "node", "id": 7799768763, "kind": "tattoo" }, "geometry": { "type": "Point", "coordinates": [ -74.2147549, 40.5239282 ] } },
{ "type": "Feature", "properties": { "element": "node", "id": 7799768766, "kind": "beauty" }, "geometry": { "type": "Point", "coordinates": [ -74.2136555, 40.524025 ] } },
{ "type": "Feature", "properties": { "element": "node", "id": 7802211127, "kind": "hairdresser" }, "geometry": { "type": "Point", "coordinates": [ -74.2013053, 40.525699 ] } },
{ "type": "Feature", "properties": { "element": "node", "id": 7802211128, "kind": "dry_cleaning" }, "geometry": { "type": "Point", "coordinates": [ -74.2014394, 40.5256723 ] } },
{ "type": "Feature", "properties": { "element": "node", "id": 7802211130, "kind": "e-cigarette" }, "geometry": { "type": "Point", "coordinates": [ -74.2018354, 40.5256319 ] } },
{ "type": "Feature", "properties": { "element": "node", "id": 7802242298, "kind": "beauty" }, "geometry": { "type": "Point", "coordinates": [ -74.201886, 40.5257152 ] } },
{ "type": "Feature", "properties": { "element": "node", "id": 7802242300, "kind": "deli" }, "geometry": { "type": "Point", "coordinates": [ -74.2019499, 40.5258096 ] } },
{ "type": "Feature", "properties": { "element": "node", "id": 7802706669, "kind": "hairdresser" }, "geometry": { "type": "Point", "coordinates": [ -74.2138643, 40.5221862 ] } },
{ "type": "Feature", "properties": { "element": "node", "id": 7802706670, "kind": "clothes" }, "geometry": { "type": "Point", "coordinates": [ -74.213868, 40.5223534 ] } },
{ "type": "Feature", "properties": { "element": "node", "id": 7804865680, "kind": "deli" }, "geometry": { "type": "Point", "coordinates": [ -74.2008552, 40.5256545 ] } },
{ "type": "Feature", "properties": { "element": "node", "id": 7804865683, "kind": "beauty" }, "geometry": { "type": "Point", "coordinates": [ -74.2005952, 40.5257787 ] } },
{ "type": "Feature", "properties": { "element": "node", "id": 7804865684, "kind": "hairdresser" }, "geometry": { "type": "Point", "coordinates": [ -74.2004968, 40.5258403 ] } },
{ "type": "Feature", "properties": { "element": "node", "id": 7804890885, "kind": "alcohol" }, "geometry": { "type": "Point", "coordinates": [ -74.2004518, 40.5258554 ] } },
{ "type": "Feature", "properties": { "element": "node", "id": 7804890886, "kind": "variety_store" }, "geometry": { "type": "Point", "coordinates": [ -74.2004061, 40.5258731 ] } },
{ "type": "Feature", "properties": { "element": "node", "id": 7811227314, "kind": "furniture" }, "geometry": { "type": "Point", "coordinates": [ -74.2310083, 40.5266154 ] } },
{ "type": "Feature", "properties": { "element": "node", "id": 7811227315, "kind": "optician" }, "geometry": { "type": "Point", "coordinates": [ -74.2310635, 40.5266424 ] } },
{ "type": "Feature", "properties": { "element": "node", "id": 7811227316, "kind": "vacant" }, "geometry": { "type": "Point", "coordinates": [ -74.2313995, 40.5268523 ] } },
{ "type": "Feature", "properties": { "element": "node", "id": 7811227318, "kind": "hairdresser_supply" }, "geometry": { "type": "Point", "coordinates": [ -74.2315529, 40.5270133 ] } },
{ "type": "Feature", "properties": { "element": "node", "id": 7811227319, "kind": "beauty" }, "geometry": { "type": "Point", "coordinates": [ -74.2315865, 40.5270653 ] } },
{ "type": "Feature", "properties": { "element": "node", "id": 7811227320, "kind": "nutrition_supplements" }, "geometry": { "type": "Point", "coordinates": [ -74.2316151, 40.5271135 ] } },
{ "type": "Feature", "properties": { "element": "node", "id": 7811227323, "kind": "bed" }, "geometry": { "type": "Point", "coordinates": [ -74.2318465, 40.5272974 ] } },
{ "type": "Feature", "properties": { "element": "node", "id": 7811227324, "kind": "shoes" }, "geometry": { "type": "Point", "coordinates": [ -74.2321665, 40.5273975 ] } },
{ "type": "Feature", "properties": { "element": "node", "id": 7811227326, "kind": "clothes" }, "geometry": { "type": "Point", "coordinates": [ -74.2323713, 40.527403 ] } },
{ "type": "Feature", "properties": { "element": "node", "id": 7811227328, "kind": "massage" }, "geometry": { "type": "Point", "coordinates": [ -74.2325831, 40.527414 ] } },
{ "type": "Feature", "properties": { "element": "node", "id": 7811227330, "kind": "clothes" }, "geometry": { "type": "Point", "coordinates": [ -74.2326986, 40.5274222 ] } },
{ "type": "Feature", "properties": { "element": "node", "id": 7811227332, "kind": "confectionery" }, "geometry": { "type": "Point", "coordinates": [ -74.2328853, 40.5274372 ] } },
{ "type": "Feature", "properties": { "element": "node", "id": 7811227333, "kind": "mobile_phone" }, "geometry": { "type": "Point", "coordinates": [ -74.2329545, 40.5274445 ] } },
{ "type": "Feature", "properties": { "element": "node", "id": 7811227334, "kind": "video_games" }, "geometry": { "type": "Point", "coordinates": [ -74.2330295, 40.5274496 ] } },
{ "type": "Feature", "properties": { "element": "node", "id": 7811227338, "kind": "doityourself" }, "geometry": { "type": "Point", "coordinates": [ -74.233945, 40.5273071 ] } },
{ "type": "Feature", "properties": { "element": "node", "id": 7811227339, "kind": "sports" }, "geometry": { "type": "Point", "coordinates": [ -74.2339291, 40.527475 ] } },
{ "type": "Feature", "properties": { "element": "node", "id": 7811227340, "kind": "hairdresser" }, "geometry": { "type": "Point", "coordinates": [ -74.2339072, 40.527628 ] } },
{ "type": "Feature", "properties": { "element": "node", "id": 7814101977, "kind": "tiles" }, "geometry": { "type": "Point", "coordinates": [ -74.2372077, 40.5202344 ] } },
{ "type": "Feature", "properties": { "element": "node", "id": 7821177564, "kind": "department_store" }, "geometry": { "type": "Point", "coordinates": [ -74.1917305, 40.6013297 ] } },
{ "type": "Feature", "properties": { "element": "node", "id": 7821177566, "kind": "variety_store" }, "geometry": { "type": "Point", "coordinates": [ -74.1915874, 40.6006944 ] } },
{ "type": "Feature", "properties": { "element": "node", "id": 7821177568, "kind": "convenience" }, "geometry": { "type": "Point", "coordinates": [ -74.1921158, 40.6002816 ] } },
{ "type": "Feature", "properties": { "element": "node", "id": 7821177569, "kind": "clothes" }, "geometry": { "type": "Point", "coordinates": [ -74.1923394, 40.6002199 ] } },
{ "type": "Feature", "properties": { "element": "node", "id": 7821177571, "kind": "beauty" }, "geometry": { "type": "Point", "coordinates": [ -74.1926059, 40.6001408 ] } },
{ "type": "Feature", "properties": { "element": "node", "id": 7821177575, "kind": "restaurant_supply" }, "geometry": { "type": "Point", "coordinates": [ -74.1937954, 40.6009474 ] } },
{ "type": "Feature", "properties": { "element": "node", "id": 7821236142, "kind": "shoes" }, "geometry": { "type": "Point", "coordinates": [ -74.2313402, 40.5308582 ] } },
{ "type": "Feature", "properties": { "element": "node", "id": 7821236143, "kind": "cosmetics" }, "geometry": { "type": "Point", "coordinates": [ -74.2321076, 40.5305424 ] } },
{ "type": "Feature", "properties": { "element": "node", "id": 7821236144, "kind": "craft" }, "geometry": { "type": "Point", "coordinates": [ -74.2321394, 40.5302836 ] } },
{ "type": "Feature", "properties": { "element": "node", "id": 7821236145, "kind": "department_store" }, "geometry": { "type": "Point", "coordinates": [ -74.2321666, 40.5300058 ] } },
{ "type": "Feature", "properties": { "element": "node", "id": 7821236146, "kind": "massage" }, "geometry": { "type": "Point", "coordinates": [ -74.2315233, 40.530869 ] } },
{ "type": "Feature", "properties": { "element": "node", "id": 7927627913, "kind": "tattoo" }, "geometry": { "type": "Point", "coordinates": [ -74.1222388, 40.6126918 ] } },
{ "type": "Feature", "properties": { "element": "node", "id": 8076981745, "kind": "convenience" }, "geometry": { "type": "Point", "coordinates": [ -74.1269527, 40.6128729 ] } },
{ "type": "Feature", "properties": { "element": "node", "id": 8250191619, "kind": "fashion_accessories" }, "geometry": { "type": "Point", "coordinates": [ -74.1655967, 40.5828516 ] } },
{ "type": "Feature", "properties": { "element": "node", "id": 8252563414, "kind": "furniture" }, "geometry": { "type": "Point", "coordinates": [ -74.1677194, 40.5740699 ] } },
{ "type": "Feature", "properties": { "element": "node", "id": 8253381590, "kind": "window_blind" }, "geometry": { "type": "Point", "coordinates": [ -74.1693835, 40.5764602 ] } },
{ "type": "Feature", "properties": { "element": "node", "id": 8253381592, "kind": "clothes" }, "geometry": { "type": "Point", "coordinates": [ -74.1691785, 40.5763647 ] } },
{ "type": "Feature", "properties": { "element": "node", "id": 8253381594, "kind": "bed" }, "geometry": { "type": "Point", "coordinates": [ -74.1689381, 40.5762389 ] } },
{ "type": "Feature", "properties": { "element": "node", "id": 8253381596, "kind": "gift" }, "geometry": { "type": "Point", "coordinates": [ -74.1685952, 40.5760416 ] } },
{ "type": "Feature", "properties": { "element": "node", "id": 8253381597, "kind": "telecommunication" }, "geometry": { "type": "Point", "coordinates": [ -74.1685061, 40.5759995 ] } },
{ "type": "Feature", "properties": { "element": "node", "id": 8253381600, "kind": "video_games" }, "geometry": { "type": "Point", "coordinates": [ -74.1681713, 40.575837 ] } },
{ "type": "Feature", "properties": { "element": "node", "id": 8253381601, "kind": "variety_store" }, "geometry": { "type": "Point", "coordinates": [ -74.1679227, 40.5757128 ] } },
{ "type": "Feature", "properties": { "element": "node", "id": 8253381602, "kind": "clothes" }, "geometry": { "type": "Point", "coordinates": [ -74.1676196, 40.5755669 ] } },
{ "type": "Feature", "properties": { "element": "node", "id": 8255787678, "kind": "vacant" }, "geometry": { "type": "Point", "coordinates": [ -74.1685312, 40.5774817 ] } },
{ "type": "Feature", "properties": { "element": "node", "id": 8259046774, "kind": "mobile_phone" }, "geometry": { "type": "Point", "coordinates": [ -74.1690326, 40.5784005 ] } },
{ "type": "Feature", "properties": { "element": "node", "id": 8259046777, "kind": "jewelry" }, "geometry": { "type": "Point", "coordinates": [ -74.1690195, 40.5785333 ] } },
{ "type": "Feature", "properties": { "element": "node", "id": 8259046780, "kind": "clothes" }, "geometry": { "type": "Point", "coordinates": [ -74.1689848, 40.5787387 ] } },
{ "type": "Feature", "properties": { "element": "node", "id": 8259046781, "kind": "optician" }, "geometry": { "type": "Point", "coordinates": [ -74.1689932, 40.5786764 ] } },
{ "type": "Feature", "properties": { "element": "node", "id": 8259046785, "kind": "beauty" }, "geometry": { "type": "Point", "coordinates": [ -74.1644389, 40.5762181 ] } },
{ "type": "Feature", "properties": { "element": "node", "id": 8259046787, "kind": "pet" }, "geometry": { "type": "Point", "coordinates": [ -74.1643638, 40.5763124 ] } },
{ "type": "Feature", "properties": { "element": "node", "id": 8259046788, "kind": "variety_store" }, "geometry": { "type": "Point", "coordinates": [ -74.1644074, 40.5764817 ] } },
{ "type": "Feature", "properties": { "element": "node", "id": 8262422486, "kind": "clothes" }, "geometry": { "type": "Point", "coordinates": [ -74.1637856, 40.5914461 ] } },
{ "type": "Feature", "properties": { "element": "node", "id": 8262422487, "kind": "optician" }, "geometry": { "type": "Point", "coordinates": [ -74.1638431, 40.5914069 ] } },
{ "type": "Feature", "properties": { "element": "node", "id": 8262422488, "kind": "copyshop" }, "geometry": { "type": "Point", "coordinates": [ -74.1638881, 40.5913763 ] } },
{ "type": "Feature", "properties": { "element": "node", "id": 8262422489, "kind": "bakery" }, "geometry": { "type": "Point", "coordinates": [ -74.1639465, 40.5913327 ] } },
{ "type": "Feature", "properties": { "element": "node", "id": 8262422490, "kind": "copyshop" }, "geometry": { "type": "Point", "coordinates": [ -74.1639983, 40.591295 ] } },
{ "type": "Feature", "properties": { "element": "node", "id": 8262422491, "kind": "hairdresser" }, "geometry": { "type": "Point", "coordinates": [ -74.1640557, 40.5912527 ] } },
{ "type": "Feature", "properties": { "element": "node", "id": 8262422492, "kind": "beauty" }, "geometry": { "type": "Point", "coordinates": [ -74.1641045, 40.5912192 ] } },
{ "type": "Feature", "properties": { "element": "node", "id": 8262422494, "kind": "jewelry" }, "geometry": { "type": "Point", "coordinates": [ -74.1642153, 40.591143 ] } },
{ "type": "Feature", "properties": { "element": "node", "id": 8262422495, "kind": "hearing_aids" }, "geometry": { "type": "Point", "coordinates": [ -74.1642632, 40.5911084 ] } },
{ "type": "Feature", "properties": { "element": "node", "id": 8262422496, "kind": "beauty" }, "geometry": { "type": "Point", "coordinates": [ -74.1643843, 40.5910111 ] } },
{ "type": "Feature", "properties": { "element": "node", "id": 8262422502, "kind": "car_parts" }, "geometry": { "type": "Point", "coordinates": [ -74.1647994, 40.5907144 ] } },
{ "type": "Feature", "properties": { "element": "node", "id": 8262422503, "kind": "mobile_phone" }, "geometry": { "type": "Point", "coordinates": [ -74.1650734, 40.59051 ] } },
{ "type": "Feature", "properties": { "element": "node", "id": 8262422504, "kind": "locksmith" }, "geometry": { "type": "Point", "coordinates": [ -74.1651821, 40.5906753 ] } },
{ "type": "Feature", "properties": { "element": "node", "id": 8262422509, "kind": "convenience" }, "geometry": { "type": "Point", "coordinates": [ -74.16487, 40.5910444 ] } },
{ "type": "Feature", "properties": { "element": "node", "id": 8263092678, "kind": "clothes" }, "geometry": { "type": "Point", "coordinates": [ -74.1652851, 40.5901468 ] } },
{ "type": "Feature", "properties": { "element": "node", "id": 8263092680, "kind": "variety_store" }, "geometry": { "type": "Point", "coordinates": [ -74.1651807, 40.590097 ] } },
{ "type": "Feature", "properties": { "element": "node", "id": 8263092682, "kind": "hairdresser" }, "geometry": { "type": "Point", "coordinates": [ -74.1651097, 40.5899796 ] } },
{ "type": "Feature", "properties": { "element": "node", "id": 8263092683, "kind": "deli" }, "geometry": { "type": "Point", "coordinates": [ -74.1649907, 40.5899092 ] } },
{ "type": "Feature", "properties": { "element": "node", "id": 8263092684, "kind": "beauty" }, "geometry": { "type": "Point", "coordinates": [ -74.1648633, 40.5898345 ] } },
{ "type": "Feature", "properties": { "element": "node", "id": 8263092685, "kind": "beauty" }, "geometry": { "type": "Point", "coordinates": [ -74.1647918, 40.5897926 ] } },
{ "type": "Feature", "properties": { "element": "node", "id": 8263092687, "kind": "laundry" }, "geometry": { "type": "Point", "coordinates": [ -74.1645052, 40.5897044 ] } },
{ "type": "Feature", "properties": { "element": "node", "id": 8263300596, "kind": "furniture" }, "geometry": { "type": "Point", "coordinates": [ -74.1660339, 40.5897748 ] } },
{ "type": "Feature", "properties": { "element": "node", "id": 8265230599, "kind": "convenience" }, "geometry": { "type": "Point", "coordinates": [ -74.1652843, 40.5880363 ] } },
{ "type": "Feature", "properties": { "element": "node", "id": 8265230600, "kind": "alcohol" }, "geometry": { "type": "Point", "coordinates": [ -74.1651785, 40.5881378 ] } },
{ "type": "Feature", "properties": { "element": "node", "id": 8265230601, "kind": "beauty" }, "geometry": { "type": "Point", "coordinates": [ -74.1651329, 40.588182 ] } },
{ "type": "Feature", "properties": { "element": "node", "id": 8265230602, "kind": "hairdresser" }, "geometry": { "type": "Point", "coordinates": [ -74.1650712, 40.5882507 ] } },
{ "type": "Feature", "properties": { "element": "node", "id": 8265230603, "kind": "laundry" }, "geometry": { "type": "Point", "coordinates": [ -74.1649903, 40.5883362 ] } },
{ "type": "Feature", "properties": { "element": "node", "id": 8265230604, "kind": "dry_cleaning" }, "geometry": { "type": "Point", "coordinates": [ -74.1649102, 40.5884148 ] } },
{ "type": "Feature", "properties": { "element": "node", "id": 8265230605, "kind": "variety_store" }, "geometry": { "type": "Point", "coordinates": [ -74.1647801, 40.5885472 ] } },
{ "type": "Feature", "properties": { "element": "node", "id": 8265230607, "kind": "electronics" }, "geometry": { "type": "Point", "coordinates": [ -74.1665103, 40.5891588 ] } },
{ "type": "Feature", "properties": { "element": "node", "id": 8265230615, "kind": "deli" }, "geometry": { "type": "Point", "coordinates": [ -74.1658331, 40.5882474 ] } },
{ "type": "Feature", "properties": { "element": "node", "id": 8265230616, "kind": "variety_store" }, "geometry": { "type": "Point", "coordinates": [ -74.1657079, 40.5881756 ] } },
{ "type": "Feature", "properties": { "element": "node", "id": 8275545149, "kind": "car_repair" }, "geometry": { "type": "Point", "coordinates": [ -74.1673897, 40.5882376 ] } },
{ "type": "Feature", "properties": { "element": "node", "id": 8276633623, "kind": "mobile_phone" }, "geometry": { "type": "Point", "coordinates": [ -74.1622802, 40.5953243 ] } },
{ "type": "Feature", "properties": { "element": "node", "id": 8298283239, "kind": "convenience" }, "geometry": { "type": "Point", "coordinates": [ -74.1587759, 40.5457116 ] } },
{ "type": "Feature", "properties": { "element": "node", "id": 8298283240, "kind": "beauty" }, "geometry": { "type": "Point", "coordinates": [ -74.1588496, 40.5456715 ] } },
{ "type": "Feature", "properties": { "element": "node", "id": 8333874055, "kind": "convenience" }, "geometry": { "type": "Point", "coordinates": [ -74.0953146, 40.6430475 ] } },
{ "type": "Feature", "properties": { "element": "node", "id": 8339487074, "kind": "mobile_phone" }, "geometry": { "type": "Point", "coordinates": [ -74.1677251, 40.5597378 ] } },
{ "type": "Feature", "properties": { "element": "node", "id": 8410387324, "kind": "car_parts" }, "geometry": { "type": "Point", "coordinates": [ -74.235154, 40.5276088 ] } },
{ "type": "Feature", "properties": { "element": "node", "id": 8410387325, "kind": "mobile_phone" }, "geometry": { "type": "Point", "coordinates": [ -74.2353639, 40.5276191 ] } },
{ "type": "Feature", "properties": { "element": "node", "id": 8413455506, "kind": "copyshop" }, "geometry": { "type": "Point", "coordinates": [ -74.2399694, 40.5280299 ] } },
{ "type": "Feature", "properties": { "element": "node", "id": 8413455507, "kind": "wine" }, "geometry": { "type": "Point", "coordinates": [ -74.2398632, 40.5280256 ] } },
{ "type": "Feature", "properties": { "element": "node", "id": 8413455508, "kind": "convenience" }, "geometry": { "type": "Point", "coordinates": [ -74.2397623, 40.5280196 ] } },
{ "type": "Feature", "properties": { "element": "node", "id": 8418876779, "kind": "beauty" }, "geometry": { "type": "Point", "coordinates": [ -74.2395031, 40.532096 ] } },
{ "type": "Feature", "properties": { "element": "node", "id": 8419209910, "kind": "storage_rental" }, "geometry": { "type": "Point", "coordinates": [ -74.2362157, 40.5283268 ] } },
{ "type": "Feature", "properties": { "element": "node", "id": 8419209911, "kind": "kitchen" }, "geometry": { "type": "Point", "coordinates": [ -74.2367322, 40.5283255 ] } },
{ "type": "Feature", "properties": { "element": "node", "id": 8419209912, "kind": "hairdresser_supply" }, "geometry": { "type": "Point", "coordinates": [ -74.2366528, 40.5283781 ] } },
{ "type": "Feature", "properties": { "element": "node", "id": 8419209953, "kind": "car_parts" }, "geometry": { "type": "Point", "coordinates": [ -74.2370783, 40.5278062 ] } },
{ "type": "Feature", "properties": { "element": "node", "id": 8419209966, "kind": "tiles" }, "geometry": { "type": "Point", "coordinates": [ -74.2354386, 40.5260809 ] } },
{ "type": "Feature", "properties": { "element": "node", "id": 8419629304, "kind": "convenience" }, "geometry": { "type": "Point", "coordinates": [ -74.1653131, 40.544654 ] } },
{ "type": "Feature", "properties": { "element": "node", "id": 8427251511, "kind": "supermarket" }, "geometry": { "type": "Point", "coordinates": [ -74.2349388, 40.5289734 ] } },
{ "type": "Feature", "properties": { "element": "node", "id": 8447209372, "kind": "alcohol" }, "geometry": { "type": "Point", "coordinates": [ -74.1432251, 40.5541757 ] } },
{ "type": "Feature", "properties": { "element": "node", "id": 8447209373, "kind": "hairdresser" }, "geometry": { "type": "Point", "coordinates": [ -74.1431272, 40.5541047 ] } },
{ "type": "Feature", "properties": { "element": "node", "id": 8447209374, "kind": "gift" }, "geometry": { "type": "Point", "coordinates": [ -74.143088, 40.5540741 ] } },
{ "type": "Feature", "properties": { "element": "node", "id": 8447209375, "kind": "deli" }, "geometry": { "type": "Point", "coordinates": [ -74.1430195, 40.5540258 ] } },
{ "type": "Feature", "properties": { "element": "node", "id": 8447209377, "kind": "e-cigarette" }, "geometry": { "type": "Point", "coordinates": [ -74.1429014, 40.5539468 ] } },
{ "type": "Feature", "properties": { "element": "node", "id": 8447209378, "kind": "beauty" }, "geometry": { "type": "Point", "coordinates": [ -74.1428478, 40.5539135 ] } },
{ "type": "Feature", "properties": { "element": "node", "id": 8447209379, "kind": "dry_cleaning" }, "geometry": { "type": "Point", "coordinates": [ -74.1427875, 40.5538734 ] } },
{ "type": "Feature", "properties": { "element": "node", "id": 8447209380, "kind": "laundry" }, "geometry": { "type": "Point", "coordinates": [ -74.1427364, 40.5538377 ] } },
{ "type": "Feature", "properties": { "element": "node", "id": 8512192851, "kind": "mobile_phone" }, "geometry": { "type": "Point", "coordinates": [ -74.1658624, 40.5815547 ] } },
{ "type": "Feature", "properties": { "element": "node", "id": 8512192853, "kind": "perfumery" }, "geometry": { "type": "Point", "coordinates": [ -74.1657967, 40.581669 ] } },
{ "type": "Feature", "properties": { "element": "node", "id": 8512192855, "kind": "beauty" }, "geometry": { "type": "Point", "coordinates": [ -74.1655878, 40.5828814 ] } },
{ "type": "Feature", "properties": { "element": "node", "id": 8512192856, "kind": "mobile_phone" }, "geometry": { "type": "Point", "coordinates": [ -74.1657059, 40.5825402 ] } },
{ "type": "Feature", "properties": { "element": "node", "id": 8512192857, "kind": "fashion_accessories" }, "geometry": { "type": "Point", "coordinates": [ -74.1658195, 40.5822327 ] } },
{ "type": "Feature", "properties": { "element": "node", "id": 8572660903, "kind": "ticket" }, "geometry": { "type": "Point", "coordinates": [ -74.104233, 40.6428409 ] } },
{ "type": "Feature", "properties": { "element": "node", "id": 8984221661, "kind": "convenience" }, "geometry": { "type": "Point", "coordinates": [ -74.1581049, 40.5473631 ] } },
{ "type": "Feature", "properties": { "element": "node", "id": 9057614828, "kind": "art" }, "geometry": { "type": "Point", "coordinates": [ -74.1661376, 40.5812126 ] } },
{ "type": "Feature", "properties": { "element": "node", "id": 9057614833, "kind": "jewelry" }, "geometry": { "type": "Point", "coordinates": [ -74.1660402, 40.5814654 ] } },
{ "type": "Feature", "properties": { "element": "node", "id": 9057614844, "kind": "fashion_accessories" }, "geometry": { "type": "Point", "coordinates": [ -74.1658442, 40.5816763 ] } },
{ "type": "Feature", "properties": { "element": "node", "id": 9057614845, "kind": "fashion_accessories" }, "geometry": { "type": "Point", "coordinates": [ -74.165787, 40.5816684 ] } },
{ "type": "Feature", "properties": { "element": "node", "id": 9057614846, "kind": "clothes" }, "geometry": { "type": "Point", "coordinates": [ -74.165737, 40.5816563 ] } },
{ "type": "Feature", "properties": { "element": "node", "id": 9057614851, "kind": "gift" }, "geometry": { "type": "Point", "coordinates": [ -74.1655178, 40.5816169 ] } },
{ "type": "Feature", "properties": { "element": "node", "id": 9057614855, "kind": "vacant" }, "geometry": { "type": "Point", "coordinates": [ -74.1654499, 40.581604 ] } },
{ "type": "Feature", "properties": { "element": "node", "id": 9057614870, "kind": "beauty" }, "geometry": { "type": "Point", "coordinates": [ -74.1649256, 40.5814894 ] } },
{ "type": "Feature", "properties": { "element": "node", "id": 9057614900, "kind": "clothes" }, "geometry": { "type": "Point", "coordinates": [ -74.1657347, 40.5824674 ] } },
{ "type": "Feature", "properties": { "element": "node", "id": 9057614901, "kind": "perfumery" }, "geometry": { "type": "Point", "coordinates": [ -74.1657529, 40.5824219 ] } },
{ "type": "Feature", "properties": { "element": "node", "id": 9057614905, "kind": "hairdresser_supply" }, "geometry": { "type": "Point", "coordinates": [ -74.1657941, 40.5823132 ] } },
{ "type": "Feature", "properties": { "element": "node", "id": 9057614906, "kind": "vacant" }, "geometry": { "type": "Point", "coordinates": [ -74.165806, 40.5822807 ] } },
{ "type": "Feature", "properties": { "element": "node", "id": 9057614907, "kind": "gift" }, "geometry": { "type": "Point", "coordinates": [ -74.165827, 40.5822231 ] } },
{ "type": "Feature", "properties": { "element": "node", "id": 9057614908, "kind": "jewelry" }, "geometry": { "type": "Point", "coordinates": [ -74.1658399, 40.5821882 ] } },
{ "type": "Feature", "properties": { "element": "node", "id": 9057614909, "kind": "toys" }, "geometry": { "type": "Point", "coordinates": [ -74.1658539, 40.5821477 ] } },
{ "type": "Feature", "properties": { "element": "node", "id": 9057614911, "kind": "gift" }, "geometry": { "type": "Point", "coordinates": [ -74.1658731, 40.5820983 ] } },
{ "type": "Feature", "properties": { "element": "node", "id": 9057614913, "kind": "medical_supply" }, "geometry": { "type": "Point", "coordinates": [ -74.1658884, 40.5820539 ] } },
{ "type": "Feature", "properties": { "element": "node", "id": 9057614914, "kind": "jewelry" }, "geometry": { "type": "Point", "coordinates": [ -74.1659022, 40.582017 ] } },
{ "type": "Feature", "properties": { "element": "node", "id": 9057614916, "kind": "psychic" }, "geometry": { "type": "Point", "coordinates": [ -74.1659538, 40.581915 ] } },
{ "type": "Feature", "properties": { "element": "node", "id": 9057615118, "kind": "fashion_accessories" }, "geometry": { "type": "Point", "coordinates": [ -74.1658447, 40.5818036 ] } },
{ "type": "Feature", "properties": { "element": "node", "id": 9247313011, "kind": "convenience" }, "geometry": { "type": "Point", "coordinates": [ -74.0776362, 40.644042 ] } },
{ "type": "Feature", "properties": { "element": "node", "id": 9247313015, "kind": "supermarket" }, "geometry": { "type": "Point", "coordinates": [ -74.1650759, 40.6267099 ] } },
{ "type": "Feature", "properties": { "element": "node", "id": 9247313016, "kind": "variety_store" }, "geometry": { "type": "Point", "coordinates": [ -74.1654988, 40.6265966 ] } },
{ "type": "Feature", "properties": { "element": "node", "id": 9247328218, "kind": "department_store" }, "geometry": { "type": "Point", "coordinates": [ -74.1644374, 40.6281115 ] } },
{ "type": "Feature", "properties": { "element": "node", "id": 9247328219, "kind": "supermarket" }, "geometry": { "type": "Point", "coordinates": [ -74.157537, 40.6250521 ] } },
{ "type": "Feature", "properties": { "element": "node", "id": 9342356472, "kind": "car_repair" }, "geometry": { "type": "Point", "coordinates": [ -74.2132676, 40.5555853 ] } },
{ "type": "Feature", "properties": { "element": "node", "id": 9342453798, "kind": "convenience" }, "geometry": { "type": "Point", "coordinates": [ -74.108975, 40.5799355 ] } },
{ "type": "Feature", "properties": { "element": "node", "id": 9342453799, "kind": "beauty" }, "geometry": { "type": "Point", "coordinates": [ -74.1093112, 40.5798418 ] } },
{ "type": "Feature", "properties": { "element": "node", "id": 9371319359, "kind": "convenience" }, "geometry": { "type": "Point", "coordinates": [ -74.169302, 40.5606504 ] } },
{ "type": "Feature", "properties": { "element": "node", "id": 9380308278, "kind": "deli" }, "geometry": { "type": "Point", "coordinates": [ -74.2393004, 40.5117654 ] } },
{ "type": "Feature", "properties": { "element": "node", "id": 9380903609, "kind": "boat" }, "geometry": { "type": "Point", "coordinates": [ -74.1418954, 40.5428193 ] } },
{ "type": "Feature", "properties": { "element": "node", "id": 9422582914, "kind": "convenience" }, "geometry": { "type": "Point", "coordinates": [ -74.1601857, 40.6268917 ] } },
{ "type": "Feature", "properties": { "element": "node", "id": 9422615849, "kind": "convenience" }, "geometry": { "type": "Point", "coordinates": [ -74.0696071, 40.6194599 ] } },
{ "type": "Feature", "properties": { "element": "node", "id": 9422624944, "kind": "deli" }, "geometry": { "type": "Point", "coordinates": [ -74.1107083, 40.5708378 ] } },
{ "type": "Feature", "properties": { "element": "node", "id": 9422624949, "kind": "convenience" }, "geometry": { "type": "Point", "coordinates": [ -74.1090824, 40.5707843 ] } },
{ "type": "Feature", "properties": { "element": "node", "id": 9525943489, "kind": "hairdresser" }, "geometry": { "type": "Point", "coordinates": [ -74.2313419, 40.5267854 ] } },
{ "type": "Feature", "properties": { "element": "node", "id": 9526028871, "kind": "pet_grooming" }, "geometry": { "type": "Point", "coordinates": [ -74.1631075, 40.6081915 ] } },
{ "type": "Feature", "properties": { "element": "node", "id": 9526028872, "kind": "dry_cleaning" }, "geometry": { "type": "Point", "coordinates": [ -74.1631761, 40.6082031 ] } },
{ "type": "Feature", "properties": { "element": "node", "id": 9526028873, "kind": "convenience" }, "geometry": { "type": "Point", "coordinates": [ -74.1632436, 40.6082162 ] } },
{ "type": "Feature", "properties": { "element": "node", "id": 9526028874, "kind": "shoe_repair" }, "geometry": { "type": "Point", "coordinates": [ -74.1633125, 40.6082272 ] } },
{ "type": "Feature", "properties": { "element": "node", "id": 9526028875, "kind": "hairdresser_supply" }, "geometry": { "type": "Point", "coordinates": [ -74.1633886, 40.6082408 ] } },
{ "type": "Feature", "properties": { "element": "node", "id": 9526028876, "kind": "alcohol" }, "geometry": { "type": "Point", "coordinates": [ -74.1634563, 40.6082519 ] } },
{ "type": "Feature", "properties": { "element": "node", "id": 9526028878, "kind": "laundry" }, "geometry": { "type": "Point", "coordinates": [ -74.1635755, 40.6082736 ] } },
{ "type": "Feature", "properties": { "element": "node", "id": 9526028880, "kind": "gift" }, "geometry": { "type": "Point", "coordinates": [ -74.1636877, 40.6083575 ] } },
{ "type": "Feature", "properties": { "element": "node", "id": 9526028881, "kind": "hairdresser" }, "geometry": { "type": "Point", "coordinates": [ -74.1638018, 40.6083805 ] } },
{ "type": "Feature", "properties": { "element": "node", "id": 9526028882, "kind": "gift" }, "geometry": { "type": "Point", "coordinates": [ -74.1639429, 40.6084058 ] } },
{ "type": "Feature", "properties": { "element": "node", "id": 9526028888, "kind": "convenience" }, "geometry": { "type": "Point", "coordinates": [ -74.1629434, 40.6075118 ] } },
{ "type": "Feature", "properties": { "element": "node", "id": 9526028890, "kind": "convenience" }, "geometry": { "type": "Point", "coordinates": [ -74.1616652, 40.6068055 ] } },
{ "type": "Feature", "properties": { "element": "node", "id": 9543324955, "kind": "convenience" }, "geometry": { "type": "Point", "coordinates": [ -74.0670939, 40.6071308 ] } },
{ "type": "Feature", "properties": { "element": "node", "id": 9558848660, "kind": "pastry" }, "geometry": { "type": "Point", "coordinates": [ -74.1273475, 40.6129139 ] } },
{ "type": "Feature", "properties": { "element": "node", "id": 9652034565, "kind": "clothes" }, "geometry": { "type": "Point", "coordinates": [ -74.115911, 40.5738892 ] } },
{ "type": "Feature", "properties": { "element": "node", "id": 9685605313, "kind": "clothes" }, "geometry": { "type": "Point", "coordinates": [ -74.0745276, 40.6442791 ] } },
{ "type": "Feature", "properties": { "element": "node", "id": 9694436962, "kind": "electronics" }, "geometry": { "type": "Point", "coordinates": [ -74.2411474, 40.5371923 ] } },
{ "type": "Feature", "properties": { "element": "node", "id": 9698524815, "kind": "deli" }, "geometry": { "type": "Point", "coordinates": [ -74.1657506, 40.54475 ] } },
{ "type": "Feature", "properties": { "element": "node", "id": 9710543466, "kind": "mobile_phone" }, "geometry": { "type": "Point", "coordinates": [ -74.126604, 40.6129742 ] } },
{ "type": "Feature", "properties": { "element": "node", "id": 9733270584, "kind": "beauty" }, "geometry": { "type": "Point", "coordinates": [ -74.1356426, 40.5611134 ] } },
{ "type": "Feature", "properties": { "element": "node", "id": 9733270585, "kind": "hairdresser" }, "geometry": { "type": "Point", "coordinates": [ -74.13571, 40.5611398 ] } },
{ "type": "Feature", "properties": { "element": "node", "id": 9733270586, "kind": "beauty" }, "geometry": { "type": "Point", "coordinates": [ -74.1357541, 40.561164 ] } },
{ "type": "Feature", "properties": { "element": "node", "id": 9733628814, "kind": "psychic" }, "geometry": { "type": "Point", "coordinates": [ -74.1669015, 40.5498786 ] } },
{ "type": "Feature", "properties": { "element": "node", "id": 9775537805, "kind": "cosmetics" }, "geometry": { "type": "Point", "coordinates": [ -74.111162, 40.5661914 ] } },
{ "type": "Feature", "properties": { "element": "node", "id": 9775537806, "kind": "cosmetics" }, "geometry": { "type": "Point", "coordinates": [ -74.1111935, 40.5664642 ] } },
{ "type": "Feature", "properties": { "element": "node", "id": 9775537807, "kind": "optician" }, "geometry": { "type": "Point", "coordinates": [ -74.1110043, 40.5663474 ] } },
{ "type": "Feature", "properties": { "element": "node", "id": 9775537809, "kind": "clothes" }, "geometry": { "type": "Point", "coordinates": [ -74.1105402, 40.5669344 ] } },
{ "type": "Feature", "properties": { "element": "node", "id": 9775537810, "kind": "party" }, "geometry": { "type": "Point", "coordinates": [ -74.1102724, 40.5667823 ] } },
{ "type": "Feature", "properties": { "element": "node", "id": 9775537814, "kind": "pet" }, "geometry": { "type": "Point", "coordinates": [ -74.110472, 40.5657683 ] } },
{ "type": "Feature", "properties": { "element": "node", "id": 9775537816, "kind": "supermarket" }, "geometry": { "type": "Point", "coordinates": [ -74.1114487, 40.5663678 ] } },
{ "type": "Feature", "properties": { "element": "node", "id": 9775666617, "kind": "department_store" }, "geometry": { "type": "Point", "coordinates": [ -74.1115477, 40.5660435 ] } },
{ "type": "Feature", "properties": { "element": "node", "id": 9809088492, "kind": "clothes" }, "geometry": { "type": "Point", "coordinates": [ -74.1398873, 40.6301214 ] } },
{ "type": "Feature", "properties": { "element": "node", "id": 9809592578, "kind": "alcohol" }, "geometry": { "type": "Point", "coordinates": [ -74.0993226, 40.6202578 ] } },
{ "type": "Feature", "properties": { "element": "node", "id": 9916729301, "kind": "convenience" }, "geometry": { "type": "Point", "coordinates": [ -74.200774, 40.5248847 ] } },
{ "type": "Feature", "properties": { "element": "node", "id": 9925299278, "kind": "copyshop" }, "geometry": { "type": "Point", "coordinates": [ -74.1777589, 40.6264542 ] } },
{ "type": "Feature", "properties": { "element": "node", "id": 9925299279, "kind": "baby_goods" }, "geometry": { "type": "Point", "coordinates": [ -74.1777165, 40.6265782 ] } },
{ "type": "Feature", "properties": { "element": "node", "id": 9925299280, "kind": "clothes" }, "geometry": { "type": "Point", "coordinates": [ -74.1776671, 40.6267224 ] } },
{ "type": "Feature", "properties": { "element": "node", "id": 9928082457, "kind": "car_parts" }, "geometry": { "type": "Point", "coordinates": [ -74.1743598, 40.6263013 ] } },
{ "type": "Feature", "properties": { "element": "node", "id": 9928082459, "kind": "deli" }, "geometry": { "type": "Point", "coordinates": [ -74.173893, 40.626605 ] } },
{ "type": "Feature", "properties": { "element": "node", "id": 9928082508, "kind": "storage_rental" }, "geometry": { "type": "Point", "coordinates": [ -74.175139, 40.6264424 ] } },
{ "type": "Feature", "properties": { "element": "node", "id": 9939526743, "kind": "convenience" }, "geometry": { "type": "Point", "coordinates": [ -74.1686394, 40.6221497 ] } },
{ "type": "Feature", "properties": { "element": "node", "id": 9939892546, "kind": "car" }, "geometry": { "type": "Point", "coordinates": [ -74.1916897, 40.5630892 ] } },
{ "type": "Feature", "properties": { "element": "node", "id": 9939892547, "kind": "beauty" }, "geometry": { "type": "Point", "coordinates": [ -74.1917021, 40.5632122 ] } },
{ "type": "Feature", "properties": { "element": "node", "id": 9939892549, "kind": "convenience" }, "geometry": { "type": "Point", "coordinates": [ -74.1917361, 40.5634205 ] } },
{ "type": "Feature", "properties": { "element": "node", "id": 9939892551, "kind": "beauty" }, "geometry": { "type": "Point", "coordinates": [ -74.1917792, 40.563706 ] } },
{ "type": "Feature", "properties": { "element": "node", "id": 9939892553, "kind": "kitchen" }, "geometry": { "type": "Point", "coordinates": [ -74.1910362, 40.5633429 ] } },
{ "type": "Feature", "properties": { "element": "node", "id": 9939892554, "kind": "interior_decoration" }, "geometry": { "type": "Point", "coordinates": [ -74.1911856, 40.5633269 ] } },
{ "type": "Feature", "properties": { "element": "node", "id": 9939892555, "kind": "tiles" }, "geometry": { "type": "Point", "coordinates": [ -74.1910837, 40.5636824 ] } },
{ "type": "Feature", "properties": { "element": "node", "id": 9952022097, "kind": "convenience" }, "geometry": { "type": "Point", "coordinates": [ -74.0863079, 40.5938177 ] } },
{ "type": "Feature", "properties": { "element": "node", "id": 9955434012, "kind": "garden_centre" }, "geometry": { "type": "Point", "coordinates": [ -74.135417, 40.5589621 ] } },
{ "type": "Feature", "properties": { "element": "node", "id": 9988507512, "kind": "tattoo" }, "geometry": { "type": "Point", "coordinates": [ -74.1395406, 40.6309857 ] } },
{ "type": "Feature", "properties": { "element": "node", "id": 10005625628, "kind": "car_repair" }, "geometry": { "type": "Point", "coordinates": [ -74.1430282, 40.5530853 ] } },
{ "type": "Feature", "properties": { "element": "node", "id": 10062565751, "kind": "hardware" }, "geometry": { "type": "Point", "coordinates": [ -74.1328303, 40.5640403 ] } },
{ "type": "Feature", "properties": { "element": "node", "id": 10062565752, "kind": "pet" }, "geometry": { "type": "Point", "coordinates": [ -74.1331166, 40.5641743 ] } },
{ "type": "Feature", "properties": { "element": "node", "id": 10062565753, "kind": "mobile_phone" }, "geometry": { "type": "Point", "coordinates": [ -74.1332047, 40.5642155 ] } },
{ "type": "Feature", "properties": { "element": "node", "id": 10062565754, "kind": "beauty" }, "geometry": { "type": "Point", "coordinates": [ -74.1334572, 40.5643337 ] } },
{ "type": "Feature", "properties": { "element": "node", "id": 10062565755, "kind": "dry_cleaning" }, "geometry": { "type": "Point", "coordinates": [ -74.1335101, 40.5643584 ] } },
{ "type": "Feature", "properties": { "element": "node", "id": 10062565756, "kind": "laundry" }, "geometry": { "type": "Point", "coordinates": [ -74.1335646, 40.5643839 ] } },
{ "type": "Feature", "properties": { "element": "node", "id": 10062565757, "kind": "variety_store" }, "geometry": { "type": "Point", "coordinates": [ -74.1338697, 40.5645266 ] } },
{ "type": "Feature", "properties": { "element": "node", "id": 10062565758, "kind": "alcohol" }, "geometry": { "type": "Point", "coordinates": [ -74.1337957, 40.564492 ] } },
{ "type": "Feature", "properties": { "element": "node", "id": 10062565760, "kind": "gift" }, "geometry": { "type": "Point", "coordinates": [ -74.1336261, 40.5644127 ] } },
{ "type": "Feature", "properties": { "element": "node", "id": 10092163178, "kind": "dry_cleaning" }, "geometry": { "type": "Point", "coordinates": [ -74.1689847, 40.5584203 ] } },
{ "type": "Feature", "properties": { "element": "node", "id": 10195932409, "kind": "hairdresser" }, "geometry": { "type": "Point", "coordinates": [ -74.1106, 40.5710704 ] } },
{ "type": "Feature", "properties": { "element": "node", "id": 10195932411, "kind": "hairdresser" }, "geometry": { "type": "Point", "coordinates": [ -74.1108398, 40.5711954 ] } },
{ "type": "Feature", "properties": { "element": "node", "id": 10195939220, "kind": "convenience" }, "geometry": { "type": "Point", "coordinates": [ -74.1117251, 40.5716642 ] } },
{ "type": "Feature", "properties": { "element": "node", "id": 10195939221, "kind": "laundry" }, "geometry": { "type": "Point", "coordinates": [ -74.1118134, 40.5717094 ] } },
{ "type": "Feature", "properties": { "element": "node", "id": 10195939222, "kind": "jewelry" }, "geometry": { "type": "Point", "coordinates": [ -74.1122692, 40.5719653 ] } },
{ "type": "Feature", "properties": { "element": "node", "id": 10195939223, "kind": "interior_decoration" }, "geometry": { "type": "Point", "coordinates": [ -74.1123656, 40.5720087 ] } },
{ "type": "Feature", "properties": { "element": "node", "id": 10195939224, "kind": "collector" }, "geometry": { "type": "Point", "coordinates": [ -74.1124254, 40.5720427 ] } },
{ "type": "Feature", "properties": { "element": "node", "id": 10195939225, "kind": "clothes" }, "geometry": { "type": "Point", "coordinates": [ -74.1124845, 40.5720726 ] } },
{ "type": "Feature", "properties": { "element": "node", "id": 10195939226, "kind": "beauty" }, "geometry": { "type": "Point", "coordinates": [ -74.1125501, 40.5721035 ] } },
{ "type": "Feature", "properties": { "element": "node", "id": 10195939227, "kind": "beauty" }, "geometry": { "type": "Point", "coordinates": [ -74.1125969, 40.5721325 ] } },
{ "type": "Feature", "properties": { "element": "node", "id": 10195939230, "kind": "lighting" }, "geometry": { "type": "Point", "coordinates": [ -74.1130783, 40.5723874 ] } },
{ "type": "Feature", "properties": { "element": "node", "id": 10195939232, "kind": "beauty" }, "geometry": { "type": "Point", "coordinates": [ -74.113307, 40.5725078 ] } },
{ "type": "Feature", "properties": { "element": "node", "id": 10195939233, "kind": "deli" }, "geometry": { "type": "Point", "coordinates": [ -74.1133698, 40.5725429 ] } },
{ "type": "Feature", "properties": { "element": "node", "id": 10195939235, "kind": "beauty" }, "geometry": { "type": "Point", "coordinates": [ -74.1137603, 40.5727434 ] } },
{ "type": "Feature", "properties": { "element": "node", "id": 10195939236, "kind": "shoe_repair" }, "geometry": { "type": "Point", "coordinates": [ -74.1137963, 40.5727612 ] } },
{ "type": "Feature", "properties": { "element": "node", "id": 10195939240, "kind": "dry_cleaning" }, "geometry": { "type": "Point", "coordinates": [ -74.1144548, 40.5731198 ] } },
{ "type": "Feature", "properties": { "element": "node", "id": 10195939243, "kind": "pastry" }, "geometry": { "type": "Point", "coordinates": [ -74.1148928, 40.5733498 ] } },
{ "type": "Feature", "properties": { "element": "node", "id": 10195939244, "kind": "vacant" }, "geometry": { "type": "Point", "coordinates": [ -74.1149845, 40.5733999 ] } },
{ "type": "Feature", "properties": { "element": "node", "id": 10195939245, "kind": "car_repair" }, "geometry": { "type": "Point", "coordinates": [ -74.1149998, 40.5735457 ] } },
{ "type": "Feature", "properties": { "element": "node", "id": 10195939253, "kind": "kitchen" }, "geometry": { "type": "Point", "coordinates": [ -74.115817, 40.5738374 ] } },
{ "type": "Feature", "properties": { "element": "node", "id": 10195939256, "kind": "bakery" }, "geometry": { "type": "Point", "coordinates": [ -74.1162609, 40.5737929 ] } },
{ "type": "Feature", "properties": { "element": "node", "id": 10195939257, "kind": "convenience" }, "geometry": { "type": "Point", "coordinates": [ -74.1161943, 40.5737579 ] } },
{ "type": "Feature", "properties": { "element": "node", "id": 10195939262, "kind": "jewelry" }, "geometry": { "type": "Point", "coordinates": [ -74.1157386, 40.5735148 ] } },
{ "type": "Feature", "properties": { "element": "node", "id": 10195939263, "kind": "medical_supply" }, "geometry": { "type": "Point", "coordinates": [ -74.1155146, 40.573398 ] } },
{ "type": "Feature", "properties": { "element": "node", "id": 10195939264, "kind": "beauty" }, "geometry": { "type": "Point", "coordinates": [ -74.1154471, 40.573364 ] } },
{ "type": "Feature", "properties": { "element": "node", "id": 10195939268, "kind": "mobile_phone" }, "geometry": { "type": "Point", "coordinates": [ -74.115076, 40.573167 ] } },
{ "type": "Feature", "properties": { "element": "node", "id": 10195939270, "kind": "mobile_phone" }, "geometry": { "type": "Point", "coordinates": [ -74.1134157, 40.5722662 ] } },
{ "type": "Feature", "properties": { "element": "node", "id": 10195939278, "kind": "collector" }, "geometry": { "type": "Point", "coordinates": [ -74.1130009, 40.5720613 ] } },
{ "type": "Feature", "properties": { "element": "node", "id": 10195939279, "kind": "tattoo" }, "geometry": { "type": "Point", "coordinates": [ -74.1129514, 40.572036 ] } },
{ "type": "Feature", "properties": { "element": "node", "id": 10195939282, "kind": "hairdresser" }, "geometry": { "type": "Point", "coordinates": [ -74.1126994, 40.5719019 ] } },
{ "type": "Feature", "properties": { "element": "node", "id": 10195939283, "kind": "beauty" }, "geometry": { "type": "Point", "coordinates": [ -74.1125957, 40.5718455 ] } },
{ "type": "Feature", "properties": { "element": "node", "id": 10195939285, "kind": "jewelry" }, "geometry": { "type": "Point", "coordinates": [ -74.1124108, 40.571752 ] } },
{ "type": "Feature", "properties": { "element": "node", "id": 10195939288, "kind": "jewelry" }, "geometry": { "type": "Point", "coordinates": [ -74.1122435, 40.5716562 ] } },
{ "type": "Feature", "properties": { "element": "node", "id": 10195939289, "kind": "e-cigarette" }, "geometry": { "type": "Point", "coordinates": [ -74.1123045, 40.5716973 ] } },
{ "type": "Feature", "properties": { "element": "node", "id": 10195939291, "kind": "beauty" }, "geometry": { "type": "Point", "coordinates": [ -74.1118378, 40.5714426 ] } },
{ "type": "Feature", "properties": { "element": "node", "id": 10195939294, "kind": "tea" }, "geometry": { "type": "Point", "coordinates": [ -74.111718, 40.5713841 ] } },
{ "type": "Feature", "properties": { "element": "node", "id": 10195939295, "kind": "hairdresser" }, "geometry": { "type": "Point", "coordinates": [ -74.1116667, 40.5713571 ] } },
{ "type": "Feature", "properties": { "element": "node", "id": 10195939297, "kind": "clothes" }, "geometry": { "type": "Point", "coordinates": [ -74.1114162, 40.5712255 ] } },
{ "type": "Feature", "properties": { "element": "node", "id": 10195939298, "kind": "cannabis" }, "geometry": { "type": "Point", "coordinates": [ -74.1113252, 40.5711781 ] } },
{ "type": "Feature", "properties": { "element": "node", "id": 10195939300, "kind": "florist" }, "geometry": { "type": "Point", "coordinates": [ -74.1111852, 40.5711052 ] } },
{ "type": "Feature", "properties": { "element": "node", "id": 10195939301, "kind": "massage" }, "geometry": { "type": "Point", "coordinates": [ -74.111071, 40.5710357 ] } },
{ "type": "Feature", "properties": { "element": "node", "id": 10202866000, "kind": "beauty" }, "geometry": { "type": "Point", "coordinates": [ -74.236714, 40.5216198 ] } },
{ "type": "Feature", "properties": { "element": "node", "id": 10208385456, "kind": "shoe_repair" }, "geometry": { "type": "Point", "coordinates": [ -74.2494575, 40.5113432 ] } },
{ "type": "Feature", "properties": { "element": "node", "id": 10208425283, "kind": "beauty" }, "geometry": { "type": "Point", "coordinates": [ -74.2417357, 40.5110429 ] } },
{ "type": "Feature", "properties": { "element": "node", "id": 10208425285, "kind": "beauty" }, "geometry": { "type": "Point", "coordinates": [ -74.2415272, 40.5111655 ] } },
{ "type": "Feature", "properties": { "element": "node", "id": 10208425286, "kind": "interior_decoration" }, "geometry": { "type": "Point", "coordinates": [ -74.2414791, 40.5111944 ] } },
{ "type": "Feature", "properties": { "element": "node", "id": 10208425287, "kind": "chocolate" }, "geometry": { "type": "Point", "coordinates": [ -74.2414098, 40.5112274 ] } },
{ "type": "Feature", "properties": { "element": "node", "id": 10208425288, "kind": "deli" }, "geometry": { "type": "Point", "coordinates": [ -74.2414181, 40.5114335 ] } },
{ "type": "Feature", "properties": { "element": "node", "id": 10208425290, "kind": "hairdresser" }, "geometry": { "type": "Point", "coordinates": [ -74.2411297, 40.5113369 ] } },
{ "type": "Feature", "properties": { "element": "node", "id": 10208425291, "kind": "tobacco" }, "geometry": { "type": "Point", "coordinates": [ -74.2410789, 40.5113593 ] } },
{ "type": "Feature", "properties": { "element": "node", "id": 10208425292, "kind": "collector" }, "geometry": { "type": "Point", "coordinates": [ -74.2410334, 40.5113822 ] } },
{ "type": "Feature", "properties": { "element": "node", "id": 10208425294, "kind": "toys" }, "geometry": { "type": "Point", "coordinates": [ -74.2409158, 40.5114367 ] } },
{ "type": "Feature", "properties": { "element": "node", "id": 10208425296, "kind": "deli" }, "geometry": { "type": "Point", "coordinates": [ -74.2407691, 40.5115094 ] } },
{ "type": "Feature", "properties": { "element": "node", "id": 10208425297, "kind": "bakery" }, "geometry": { "type": "Point", "coordinates": [ -74.2422604, 40.5105389 ] } },
{ "type": "Feature", "properties": { "element": "node", "id": 10208425298, "kind": "convenience" }, "geometry": { "type": "Point", "coordinates": [ -74.2419204, 40.5107482 ] } },
{ "type": "Feature", "properties": { "element": "node", "id": 10210438034, "kind": "vacant" }, "geometry": { "type": "Point", "coordinates": [ -74.1759832, 40.5404109 ] } },
{ "type": "Feature", "properties": { "element": "node", "id": 10210438035, "kind": "vacant" }, "geometry": { "type": "Point", "coordinates": [ -74.1762526, 40.5403823 ] } },
{ "type": "Feature", "properties": { "element": "node", "id": 10210438036, "kind": "vacant" }, "geometry": { "type": "Point", "coordinates": [ -74.1763504, 40.5403533 ] } },
{ "type": "Feature", "properties": { "element": "node", "id": 10212994186, "kind": "hairdresser" }, "geometry": { "type": "Point", "coordinates": [ -74.1918799, 40.5907483 ] } },
{ "type": "Feature", "properties": { "element": "node", "id": 10212994188, "kind": "butcher" }, "geometry": { "type": "Point", "coordinates": [ -74.1922608, 40.5905177 ] } },
{ "type": "Feature", "properties": { "element": "node", "id": 10212994190, "kind": "deli" }, "geometry": { "type": "Point", "coordinates": [ -74.1923372, 40.5904762 ] } },
{ "type": "Feature", "properties": { "element": "node", "id": 10212994191, "kind": "pet_grooming" }, "geometry": { "type": "Point", "coordinates": [ -74.1923783, 40.5904539 ] } },
{ "type": "Feature", "properties": { "element": "node", "id": 10212994192, "kind": "hairdresser" }, "geometry": { "type": "Point", "coordinates": [ -74.192414, 40.5904346 ] } },
{ "type": "Feature", "properties": { "element": "node", "id": 10213036748, "kind": "storage_rental" }, "geometry": { "type": "Point", "coordinates": [ -74.1904698, 40.5874416 ] } },
{ "type": "Feature", "properties": { "element": "node", "id": 10241372988, "kind": "hairdresser" }, "geometry": { "type": "Point", "coordinates": [ -74.1490816, 40.5516848 ] } },
{ "type": "Feature", "properties": { "element": "node", "id": 10241372990, "kind": "pet_grooming" }, "geometry": { "type": "Point", "coordinates": [ -74.1491277, 40.5516724 ] } },
{ "type": "Feature", "properties": { "element": "node", "id": 10258019224, "kind": "deli" }, "geometry": { "type": "Point", "coordinates": [ -74.1349696, 40.6401556 ] } },
{ "type": "Feature", "properties": { "element": "node", "id": 10258084208, "kind": "alcohol" }, "geometry": { "type": "Point", "coordinates": [ -74.0766214, 40.6368662 ] } },
{ "type": "Feature", "properties": { "element": "node", "id": 10258109509, "kind": "hairdresser" }, "geometry": { "type": "Point", "coordinates": [ -74.0766869, 40.6370003 ] } },
{ "type": "Feature", "properties": { "element": "node", "id": 10258109510, "kind": "beauty" }, "geometry": { "type": "Point", "coordinates": [ -74.0767156, 40.6370606 ] } },
{ "type": "Feature", "properties": { "element": "node", "id": 10258109511, "kind": "beauty" }, "geometry": { "type": "Point", "coordinates": [ -74.0767457, 40.6371288 ] } },
{ "type": "Feature", "properties": { "element": "node", "id": 10258109513, "kind": "wigs" }, "geometry": { "type": "Point", "coordinates": [ -74.0767964, 40.6371128 ] } },
{ "type": "Feature", "properties": { "element": "node", "id": 10258109514, "kind": "deli" }, "geometry": { "type": "Point", "coordinates": [ -74.0768057, 40.6372542 ] } },
{ "type": "Feature", "properties": { "element": "node", "id": 10258109516, "kind": "convenience" }, "geometry": { "type": "Point", "coordinates": [ -74.0768425, 40.6373164 ] } },
{ "type": "Feature", "properties": { "element": "node", "id": 10261359090, "kind": "mobile_phone" }, "geometry": { "type": "Point", "coordinates": [ -74.1558029, 40.6256916 ] } },
{ "type": "Feature", "properties": { "element": "node", "id": 10261359093, "kind": "convenience" }, "geometry": { "type": "Point", "coordinates": [ -74.1558527, 40.6254409 ] } },
{ "type": "Feature", "properties": { "element": "node", "id": 10261359094, "kind": "nutrition_supplements" }, "geometry": { "type": "Point", "coordinates": [ -74.1558674, 40.625363 ] } },
{ "type": "Feature", "properties": { "element": "node", "id": 10261359095, "kind": "hairdresser_supply" }, "geometry": { "type": "Point", "coordinates": [ -74.1558828, 40.6252812 ] } },
{ "type": "Feature", "properties": { "element": "node", "id": 10261359097, "kind": "alcohol" }, "geometry": { "type": "Point", "coordinates": [ -74.1559187, 40.6250907 ] } },
{ "type": "Feature", "properties": { "element": "node", "id": 10261359099, "kind": "furniture" }, "geometry": { "type": "Point", "coordinates": [ -74.1562031, 40.6248064 ] } },
{ "type": "Feature", "properties": { "element": "node", "id": 10261359100, "kind": "shoes" }, "geometry": { "type": "Point", "coordinates": [ -74.1563615, 40.6248241 ] } },
{ "type": "Feature", "properties": { "element": "node", "id": 10261359101, "kind": "furniture" }, "geometry": { "type": "Point", "coordinates": [ -74.1565368, 40.6248438 ] } },
{ "type": "Feature", "properties": { "element": "node", "id": 10261359102, "kind": "laundry" }, "geometry": { "type": "Point", "coordinates": [ -74.1566827, 40.6248601 ] } },
{ "type": "Feature", "properties": { "element": "node", "id": 10261359103, "kind": "variety_store" }, "geometry": { "type": "Point", "coordinates": [ -74.1568344, 40.6248771 ] } },
{ "type": "Feature", "properties": { "element": "node", "id": 10261359104, "kind": "variety_store" }, "geometry": { "type": "Point", "coordinates": [ -74.1571331, 40.6250122 ] } },
{ "type": "Feature", "properties": { "element": "node", "id": 10261359106, "kind": "flooring" }, "geometry": { "type": "Point", "coordinates": [ -74.1581819, 40.6251057 ] } },
{ "type": "Feature", "properties": { "element": "node", "id": 10261359107, "kind": "paint" }, "geometry": { "type": "Point", "coordinates": [ -74.1584512, 40.6251322 ] } },
{ "type": "Feature", "properties": { "element": "node", "id": 10261359108, "kind": "car_repair" }, "geometry": { "type": "Point", "coordinates": [ -74.1581415, 40.6258869 ] } },
{ "type": "Feature", "properties": { "element": "node", "id": 10261370109, "kind": "car_parts" }, "geometry": { "type": "Point", "coordinates": [ -74.1581632, 40.6257314 ] } },
{ "type": "Feature", "properties": { "element": "node", "id": 10265943253, "kind": "bed" }, "geometry": { "type": "Point", "coordinates": [ -74.112151, 40.5677721 ] } },
{ "type": "Feature", "properties": { "element": "node", "id": 10265943254, "kind": "vacant" }, "geometry": { "type": "Point", "coordinates": [ -74.1120361, 40.5677093 ] } },
{ "type": "Feature", "properties": { "element": "node", "id": 10268477349, "kind": "beauty" }, "geometry": { "type": "Point", "coordinates": [ -74.1389749, 40.6254773 ] } },
{ "type": "Feature", "properties": { "element": "node", "id": 10268477350, "kind": "department_store" }, "geometry": { "type": "Point", "coordinates": [ -74.1391235, 40.6253621 ] } },
{ "type": "Feature", "properties": { "element": "node", "id": 10268477351, "kind": "party" }, "geometry": { "type": "Point", "coordinates": [ -74.1388155, 40.625616 ] } },
{ "type": "Feature", "properties": { "element": "node", "id": 10268477355, "kind": "clothes" }, "geometry": { "type": "Point", "coordinates": [ -74.1385464, 40.6258346 ] } },
{ "type": "Feature", "properties": { "element": "node", "id": 10268477357, "kind": "department_store" }, "geometry": { "type": "Point", "coordinates": [ -74.1378032, 40.6261209 ] } },
{ "type": "Feature", "properties": { "element": "node", "id": 10268477359, "kind": "mobile_phone" }, "geometry": { "type": "Point", "coordinates": [ -74.1369386, 40.6256609 ] } },
{ "type": "Feature", "properties": { "element": "node", "id": 10268477360, "kind": "craft" }, "geometry": { "type": "Point", "coordinates": [ -74.1368662, 40.6252537 ] } },
{ "type": "Feature", "properties": { "element": "node", "id": 10268477361, "kind": "alcohol" }, "geometry": { "type": "Point", "coordinates": [ -74.1367919, 40.6248863 ] } },
{ "type": "Feature", "properties": { "element": "node", "id": 10287928623, "kind": "clothes" }, "geometry": { "type": "Point", "coordinates": [ -74.1661481, 40.5443853 ] } },
{ "type": "Feature", "properties": { "element": "node", "id": 10287928625, "kind": "hairdresser" }, "geometry": { "type": "Point", "coordinates": [ -74.1662912, 40.5443499 ] } },
{ "type": "Feature", "properties": { "element": "node", "id": 10293891494, "kind": "hairdresser" }, "geometry": { "type": "Point", "coordinates": [ -74.2343666, 40.5387044 ] } },
{ "type": "Feature", "properties": { "element": "node", "id": 10293891495, "kind": "hairdresser" }, "geometry": { "type": "Point", "coordinates": [ -74.2345762, 40.5387351 ] } },
{ "type": "Feature", "properties": { "element": "node", "id": 10303290597, "kind": "books" }, "geometry": { "type": "Point", "coordinates": [ -74.1364963, 40.6126226 ] } },
{ "type": "Feature", "properties": { "element": "node", "id": 10309850408, "kind": "beauty" }, "geometry": { "type": "Point", "coordinates": [ -74.1929431, 40.5536866 ] } },
{ "type": "Feature", "properties": { "element": "node", "id": 10309915714, "kind": "supermarket" }, "geometry": { "type": "Point", "coordinates": [ -74.1938383, 40.5529036 ] } },
{ "type": "Feature", "properties": { "element": "node", "id": 10310031540, "kind": "pet" }, "geometry": { "type": "Point", "coordinates": [ -74.1635945, 40.6077222 ] } },
{ "type": "Feature", "properties": { "element": "node", "id": 10310031543, "kind": "beauty" }, "geometry": { "type": "Point", "coordinates": [ -74.1635803, 40.607499 ] } },
{ "type": "Feature", "properties": { "element": "node", "id": 10566875311, "kind": "alcohol" }, "geometry": { "type": "Point", "coordinates": [ -74.1218088, 40.6087525 ] } },
{ "type": "Feature", "properties": { "element": "node", "id": 10566875312, "kind": "mobile_phone" }, "geometry": { "type": "Point", "coordinates": [ -74.1218129, 40.6088024 ] } },
{ "type": "Feature", "properties": { "element": "node", "id": 10566875313, "kind": "beauty" }, "geometry": { "type": "Point", "coordinates": [ -74.1218175, 40.6088577 ] } },
{ "type": "Feature", "properties": { "element": "node", "id": 10593165401, "kind": "variety_store" }, "geometry": { "type": "Point", "coordinates": [ -74.1051756, 40.5753599 ] } },
{ "type": "Feature", "properties": { "element": "node", "id": 10593165402, "kind": "supermarket" }, "geometry": { "type": "Point", "coordinates": [ -74.1046389, 40.5752681 ] } },
{ "type": "Feature", "properties": { "element": "node", "id": 10593165403, "kind": "hardware" }, "geometry": { "type": "Point", "coordinates": [ -74.1045557, 40.5759121 ] } },
{ "type": "Feature", "properties": { "element": "node", "id": 10593165404, "kind": "alcohol" }, "geometry": { "type": "Point", "coordinates": [ -74.1041407, 40.5756448 ] } },
{ "type": "Feature", "properties": { "element": "node", "id": 10677541967, "kind": "beauty" }, "geometry": { "type": "Point", "coordinates": [ -74.1107183, 40.5661673 ] } },
{ "type": "Feature", "properties": { "element": "node", "id": 10677541970, "kind": "clothes" }, "geometry": { "type": "Point", "coordinates": [ -74.1107772, 40.5659899 ] } },
{ "type": "Feature", "properties": { "element": "node", "id": 10677541979, "kind": "vacant" }, "geometry": { "type": "Point", "coordinates": [ -74.1118791, 40.567627 ] } },
{ "type": "Feature", "properties": { "element": "node", "id": 10677541980, "kind": "variety_store" }, "geometry": { "type": "Point", "coordinates": [ -74.1116983, 40.5675304 ] } },
{ "type": "Feature", "properties": { "element": "node", "id": 10677541981, "kind": "wine" }, "geometry": { "type": "Point", "coordinates": [ -74.11157, 40.5674582 ] } },
{ "type": "Feature", "properties": { "element": "node", "id": 10677541982, "kind": "hairdresser" }, "geometry": { "type": "Point", "coordinates": [ -74.1113798, 40.5673567 ] } },
{ "type": "Feature", "properties": { "element": "node", "id": 10677541983, "kind": "dry_cleaning" }, "geometry": { "type": "Point", "coordinates": [ -74.1112944, 40.5673148 ] } },
{ "type": "Feature", "properties": { "element": "node", "id": 10677541999, "kind": "telecommunication" }, "geometry": { "type": "Point", "coordinates": [ -74.1104612, 40.5667277 ] } },
{ "type": "Feature", "properties": { "element": "node", "id": 10677604611, "kind": "hairdresser" }, "geometry": { "type": "Point", "coordinates": [ -74.1642076, 40.5444123 ] } },
{ "type": "Feature", "properties": { "element": "node", "id": 10679721458, "kind": "hairdresser" }, "geometry": { "type": "Point", "coordinates": [ -74.149835, 40.5515955 ] } },
{ "type": "Feature", "properties": { "element": "node", "id": 10679721460, "kind": "beauty" }, "geometry": { "type": "Point", "coordinates": [ -74.1499664, 40.551553 ] } },
{ "type": "Feature", "properties": { "element": "node", "id": 10679721462, "kind": "deli" }, "geometry": { "type": "Point", "coordinates": [ -74.1503157, 40.5514759 ] } },
{ "type": "Feature", "properties": { "element": "node", "id": 10679721463, "kind": "laundry" }, "geometry": { "type": "Point", "coordinates": [ -74.150182, 40.5513641 ] } },
{ "type": "Feature", "properties": { "element": "node", "id": 10679721464, "kind": "alcohol" }, "geometry": { "type": "Point", "coordinates": [ -74.150157, 40.5513063 ] } },
{ "type": "Feature", "properties": { "element": "node", "id": 10679721504, "kind": "convenience" }, "geometry": { "type": "Point", "coordinates": [ -74.1503437, 40.5515452 ] } },
{ "type": "Feature", "properties": { "element": "node", "id": 10679721507, "kind": "hairdresser" }, "geometry": { "type": "Point", "coordinates": [ -74.1503269, 40.5509618 ] } },
{ "type": "Feature", "properties": { "element": "node", "id": 10679721510, "kind": "mobile_phone" }, "geometry": { "type": "Point", "coordinates": [ -74.1502888, 40.5508215 ] } },
{ "type": "Feature", "properties": { "element": "node", "id": 10679721511, "kind": "beauty" }, "geometry": { "type": "Point", "coordinates": [ -74.1500494, 40.5507206 ] } },
{ "type": "Feature", "properties": { "element": "node", "id": 10679721512, "kind": "medical_supply" }, "geometry": { "type": "Point", "coordinates": [ -74.1499705, 40.5505924 ] } },
{ "type": "Feature", "properties": { "element": "node", "id": 10699989879, "kind": "beauty" }, "geometry": { "type": "Point", "coordinates": [ -74.2125058, 40.551381 ] } },
{ "type": "Feature", "properties": { "element": "node", "id": 10699989880, "kind": "wine" }, "geometry": { "type": "Point", "coordinates": [ -74.2125353, 40.5514376 ] } },
{ "type": "Feature", "properties": { "element": "node", "id": 10699989883, "kind": "deli" }, "geometry": { "type": "Point", "coordinates": [ -74.2122832, 40.5516913 ] } },
{ "type": "Feature", "properties": { "element": "node", "id": 10722347705, "kind": "games" }, "geometry": { "type": "Point", "coordinates": [ -74.1274571, 40.5758092 ] } },
{ "type": "Feature", "properties": { "element": "node", "id": 10722347706, "kind": "e-cigarette" }, "geometry": { "type": "Point", "coordinates": [ -74.12743, 40.5758887 ] } },
{ "type": "Feature", "properties": { "element": "node", "id": 10722347708, "kind": "beauty" }, "geometry": { "type": "Point", "coordinates": [ -74.1278164, 40.5755328 ] } },
{ "type": "Feature", "properties": { "element": "node", "id": 10722347711, "kind": "deli" }, "geometry": { "type": "Point", "coordinates": [ -74.1279291, 40.5753127 ] } },
{ "type": "Feature", "properties": { "element": "node", "id": 10753321256, "kind": "deli" }, "geometry": { "type": "Point", "coordinates": [ -74.2111238, 40.5506 ] } },
{ "type": "Feature", "properties": { "element": "node", "id": 10753321261, "kind": "beauty" }, "geometry": { "type": "Point", "coordinates": [ -74.2105952, 40.5507927 ] } },
{ "type": "Feature", "properties": { "element": "node", "id": 10753321262, "kind": "laundry" }, "geometry": { "type": "Point", "coordinates": [ -74.2105082, 40.5508118 ] } },
{ "type": "Feature", "properties": { "element": "node", "id": 10759352796, "kind": "beauty" }, "geometry": { "type": "Point", "coordinates": [ -74.0734712, 40.6287315 ] } },
{ "type": "Feature", "properties": { "element": "node", "id": 10759516693, "kind": "beauty" }, "geometry": { "type": "Point", "coordinates": [ -74.1481276, 40.6246841 ] } },
{ "type": "Feature", "properties": { "element": "node", "id": 10759516694, "kind": "convenience" }, "geometry": { "type": "Point", "coordinates": [ -74.1480664, 40.6246769 ] } },
{ "type": "Feature", "properties": { "element": "node", "id": 10759516696, "kind": "shoes" }, "geometry": { "type": "Point", "coordinates": [ -74.1476775, 40.6246037 ] } },
{ "type": "Feature", "properties": { "element": "node", "id": 10759516697, "kind": "variety_store" }, "geometry": { "type": "Point", "coordinates": [ -74.1472591, 40.6245559 ] } },
{ "type": "Feature", "properties": { "element": "node", "id": 10759516699, "kind": "video_games" }, "geometry": { "type": "Point", "coordinates": [ -74.1472332, 40.6243341 ] } },
{ "type": "Feature", "properties": { "element": "node", "id": 10759516700, "kind": "clothes" }, "geometry": { "type": "Point", "coordinates": [ -74.1472714, 40.6242406 ] } },
{ "type": "Feature", "properties": { "element": "node", "id": 10759516704, "kind": "vacant" }, "geometry": { "type": "Point", "coordinates": [ -74.1475205, 40.6237146 ] } },
{ "type": "Feature", "properties": { "element": "node", "id": 10759517305, "kind": "mobile_phone" }, "geometry": { "type": "Point", "coordinates": [ -74.1476197, 40.6235564 ] } },
{ "type": "Feature", "properties": { "element": "node", "id": 10759517306, "kind": "tobacco" }, "geometry": { "type": "Point", "coordinates": [ -74.1476692, 40.6234784 ] } },
{ "type": "Feature", "properties": { "element": "node", "id": 10759517307, "kind": "furniture" }, "geometry": { "type": "Point", "coordinates": [ -74.1477806, 40.6232944 ] } },
{ "type": "Feature", "properties": { "element": "node", "id": 10759517308, "kind": "alcohol" }, "geometry": { "type": "Point", "coordinates": [ -74.147845, 40.6231741 ] } },
{ "type": "Feature", "properties": { "element": "node", "id": 10759517309, "kind": "supermarket" }, "geometry": { "type": "Point", "coordinates": [ -74.1485547, 40.6232018 ] } },
{ "type": "Feature", "properties": { "element": "node", "id": 10759517312, "kind": "convenience" }, "geometry": { "type": "Point", "coordinates": [ -74.1493635, 40.6248903 ] } },
{ "type": "Feature", "properties": { "element": "node", "id": 10759517313, "kind": "hairdresser" }, "geometry": { "type": "Point", "coordinates": [ -74.1489955, 40.6252907 ] } },
{ "type": "Feature", "properties": { "element": "node", "id": 10759517315, "kind": "e-cigarette" }, "geometry": { "type": "Point", "coordinates": [ -74.1490693, 40.6253001 ] } },
{ "type": "Feature", "properties": { "element": "node", "id": 10759517334, "kind": "deli" }, "geometry": { "type": "Point", "coordinates": [ -74.1485084, 40.6252485 ] } },
{ "type": "Feature", "properties": { "element": "node", "id": 10759517407, "kind": "beauty" }, "geometry": { "type": "Point", "coordinates": [ -74.1497185, 40.6253829 ] } },
{ "type": "Feature", "properties": { "element": "node", "id": 10759517408, "kind": "mobile_phone" }, "geometry": { "type": "Point", "coordinates": [ -74.1496615, 40.6253778 ] } },
{ "type": "Feature", "properties": { "element": "node", "id": 10759831023, "kind": "car_repair" }, "geometry": { "type": "Point", "coordinates": [ -74.1668651, 40.6276574 ] } },
{ "type": "Feature", "properties": { "element": "node", "id": 10759831024, "kind": "kitchen" }, "geometry": { "type": "Point", "coordinates": [ -74.1667282, 40.6276356 ] } },
{ "type": "Feature", "properties": { "element": "node", "id": 10759831025, "kind": "supermarket" }, "geometry": { "type": "Point", "coordinates": [ -74.1671851, 40.6286269 ] } },
{ "type": "Feature", "properties": { "element": "node", "id": 10759831028, "kind": "beauty" }, "geometry": { "type": "Point", "coordinates": [ -74.1673406, 40.6287783 ] } },
{ "type": "Feature", "properties": { "element": "node", "id": 10759831029, "kind": "vacant" }, "geometry": { "type": "Point", "coordinates": [ -74.1677163, 40.6287758 ] } },
{ "type": "Feature", "properties": { "element": "node", "id": 10759831030, "kind": "car_repair" }, "geometry": { "type": "Point", "coordinates": [ -74.1672409, 40.6281037 ] } },
{ "type": "Feature", "properties": { "element": "node", "id": 10759831031, "kind": "mobile_phone" }, "geometry": { "type": "Point", "coordinates": [ -74.1684186, 40.6283384 ] } },
{ "type": "Feature", "properties": { "element": "node", "id": 10759831032, "kind": "shoes" }, "geometry": { "type": "Point", "coordinates": [ -74.1684365, 40.6282813 ] } },
{ "type": "Feature", "properties": { "element": "node", "id": 10759831048, "kind": "car_repair" }, "geometry": { "type": "Point", "coordinates": [ -74.1564188, 40.6265686 ] } },
{ "type": "Feature", "properties": { "element": "node", "id": 10759831050, "kind": "mobile_phone" }, "geometry": { "type": "Point", "coordinates": [ -74.1570169, 40.6264113 ] } },
{ "type": "Feature", "properties": { "element": "node", "id": 10759831051, "kind": "deli" }, "geometry": { "type": "Point", "coordinates": [ -74.1570154, 40.626473 ] } },
{ "type": "Feature", "properties": { "element": "node", "id": 10759831052, "kind": "tattoo" }, "geometry": { "type": "Point", "coordinates": [ -74.1570139, 40.6265362 ] } },
{ "type": "Feature", "properties": { "element": "node", "id": 10759831053, "kind": "beauty" }, "geometry": { "type": "Point", "coordinates": [ -74.1570125, 40.6265935 ] } },
{ "type": "Feature", "properties": { "element": "node", "id": 10759831055, "kind": "hairdresser" }, "geometry": { "type": "Point", "coordinates": [ -74.15701, 40.6266979 ] } },
{ "type": "Feature", "properties": { "element": "node", "id": 10759831056, "kind": "beauty" }, "geometry": { "type": "Point", "coordinates": [ -74.1570764, 40.6263702 ] } },
{ "type": "Feature", "properties": { "element": "node", "id": 10759831059, "kind": "car_repair" }, "geometry": { "type": "Point", "coordinates": [ -74.1581834, 40.6265382 ] } },
{ "type": "Feature", "properties": { "element": "node", "id": 10759831062, "kind": "car_repair" }, "geometry": { "type": "Point", "coordinates": [ -74.1592018, 40.6266615 ] } },
{ "type": "Feature", "properties": { "element": "node", "id": 10759831063, "kind": "car_repair" }, "geometry": { "type": "Point", "coordinates": [ -74.1596341, 40.6267483 ] } },
{ "type": "Feature", "properties": { "element": "node", "id": 10759831065, "kind": "car_repair" }, "geometry": { "type": "Point", "coordinates": [ -74.1608031, 40.626855 ] } },
{ "type": "Feature", "properties": { "element": "node", "id": 10759831066, "kind": "car_repair" }, "geometry": { "type": "Point", "coordinates": [ -74.1610579, 40.626912 ] } },
{ "type": "Feature", "properties": { "element": "node", "id": 10759831068, "kind": "deli" }, "geometry": { "type": "Point", "coordinates": [ -74.1616058, 40.626495 ] } },
{ "type": "Feature", "properties": { "element": "node", "id": 10759831069, "kind": "hairdresser" }, "geometry": { "type": "Point", "coordinates": [ -74.161527, 40.626474 ] } },
{ "type": "Feature", "properties": { "element": "node", "id": 10759831071, "kind": "cannabis" }, "geometry": { "type": "Point", "coordinates": [ -74.1610757, 40.6264215 ] } },
{ "type": "Feature", "properties": { "element": "node", "id": 10759831073, "kind": "hairdresser" }, "geometry": { "type": "Point", "coordinates": [ -74.1598353, 40.6262978 ] } },
{ "type": "Feature", "properties": { "element": "node", "id": 10759831078, "kind": "kitchen" }, "geometry": { "type": "Point", "coordinates": [ -74.1630861, 40.6264067 ] } },
{ "type": "Feature", "properties": { "element": "node", "id": 10759831079, "kind": "alcohol" }, "geometry": { "type": "Point", "coordinates": [ -74.16315, 40.6262444 ] } },
{ "type": "Feature", "properties": { "element": "node", "id": 10759831082, "kind": "beauty" }, "geometry": { "type": "Point", "coordinates": [ -74.1634337, 40.6262409 ] } },
{ "type": "Feature", "properties": { "element": "node", "id": 10759831086, "kind": "money_lender" }, "geometry": { "type": "Point", "coordinates": [ -74.1638626, 40.6267185 ] } },
{ "type": "Feature", "properties": { "element": "node", "id": 10759831087, "kind": "convenience" }, "geometry": { "type": "Point", "coordinates": [ -74.1639981, 40.6262834 ] } },
{ "type": "Feature", "properties": { "element": "node", "id": 10759831088, "kind": "hairdresser" }, "geometry": { "type": "Point", "coordinates": [ -74.1641299, 40.6262996 ] } },
{ "type": "Feature", "properties": { "element": "node", "id": 10759831090, "kind": "deli" }, "geometry": { "type": "Point", "coordinates": [ -74.1643021, 40.6263208 ] } },
{ "type": "Feature", "properties": { "element": "node", "id": 10759831093, "kind": "convenience" }, "geometry": { "type": "Point", "coordinates": [ -74.1644108, 40.6267464 ] } },
{ "type": "Feature", "properties": { "element": "node", "id": 10759831094, "kind": "tyres" }, "geometry": { "type": "Point", "coordinates": [ -74.1647225, 40.626633 ] } },
{ "type": "Feature", "properties": { "element": "node", "id": 10759831095, "kind": "laundry" }, "geometry": { "type": "Point", "coordinates": [ -74.164917, 40.6266819 ] } },
{ "type": "Feature", "properties": { "element": "node", "id": 10759831096, "kind": "convenience" }, "geometry": { "type": "Point", "coordinates": [ -74.1658776, 40.6270192 ] } },
{ "type": "Feature", "properties": { "element": "node", "id": 10759831097, "kind": "car_parts" }, "geometry": { "type": "Point", "coordinates": [ -74.1663819, 40.6267663 ] } },
{ "type": "Feature", "properties": { "element": "node", "id": 10759831102, "kind": "hardware" }, "geometry": { "type": "Point", "coordinates": [ -74.1660538, 40.6276774 ] } },
{ "type": "Feature", "properties": { "element": "node", "id": 10759831103, "kind": "hardware" }, "geometry": { "type": "Point", "coordinates": [ -74.1687786, 40.6275632 ] } },
{ "type": "Feature", "properties": { "element": "node", "id": 10759831104, "kind": "furniture" }, "geometry": { "type": "Point", "coordinates": [ -74.168929, 40.6275798 ] } },
{ "type": "Feature", "properties": { "element": "node", "id": 10759848713, "kind": "tiles" }, "geometry": { "type": "Point", "coordinates": [ -74.1696737, 40.6279564 ] } },
{ "type": "Feature", "properties": { "element": "node", "id": 10759848714, "kind": "tyres" }, "geometry": { "type": "Point", "coordinates": [ -74.1699451, 40.6279352 ] } },
{ "type": "Feature", "properties": { "element": "node", "id": 10759848715, "kind": "motorcycle" }, "geometry": { "type": "Point", "coordinates": [ -74.1548161, 40.6261044 ] } },
{ "type": "Feature", "properties": { "element": "node", "id": 10759848767, "kind": "tyres" }, "geometry": { "type": "Point", "coordinates": [ -74.1435876, 40.6251636 ] } },
{ "type": "Feature", "properties": { "element": "node", "id": 10759848827, "kind": "laundry" }, "geometry": { "type": "Point", "coordinates": [ -74.1434312, 40.624773 ] } },
{ "type": "Feature", "properties": { "element": "node", "id": 10759848828, "kind": "pastry" }, "geometry": { "type": "Point", "coordinates": [ -74.143332, 40.6247659 ] } },
{ "type": "Feature", "properties": { "element": "node", "id": 10759848836, "kind": "hairdresser" }, "geometry": { "type": "Point", "coordinates": [ -74.1417614, 40.6250082 ] } },
{ "type": "Feature", "properties": { "element": "node", "id": 10759848841, "kind": "beauty" }, "geometry": { "type": "Point", "coordinates": [ -74.1447865, 40.6248199 ] } },
{ "type": "Feature", "properties": { "element": "node", "id": 10759848849, "kind": "car" }, "geometry": { "type": "Point", "coordinates": [ -74.1447034, 40.6253547 ] } },
{ "type": "Feature", "properties": { "element": "node", "id": 10759848851, "kind": "pawnbroker" }, "geometry": { "type": "Point", "coordinates": [ -74.1443909, 40.6253807 ] } },
{ "type": "Feature", "properties": { "element": "node", "id": 10759848852, "kind": "deli" }, "geometry": { "type": "Point", "coordinates": [ -74.1442186, 40.6254148 ] } },
{ "type": "Feature", "properties": { "element": "node", "id": 10759848855, "kind": "tobacco" }, "geometry": { "type": "Point", "coordinates": [ -74.1435681, 40.6256996 ] } },
{ "type": "Feature", "properties": { "element": "node", "id": 10759848856, "kind": "beauty" }, "geometry": { "type": "Point", "coordinates": [ -74.1434448, 40.6256634 ] } },
{ "type": "Feature", "properties": { "element": "node", "id": 10759848857, "kind": "hairdresser" }, "geometry": { "type": "Point", "coordinates": [ -74.1433736, 40.6256425 ] } },
{ "type": "Feature", "properties": { "element": "node", "id": 10767181149, "kind": "clothes" }, "geometry": { "type": "Point", "coordinates": [ -74.2218437, 40.5485203 ] } },
{ "type": "Feature", "properties": { "element": "node", "id": 10767181150, "kind": "convenience" }, "geometry": { "type": "Point", "coordinates": [ -74.2218726, 40.548599 ] } },
{ "type": "Feature", "properties": { "element": "node", "id": 10767181151, "kind": "car_repair" }, "geometry": { "type": "Point", "coordinates": [ -74.2217294, 40.5488654 ] } },
{ "type": "Feature", "properties": { "element": "node", "id": 10767181152, "kind": "hairdresser" }, "geometry": { "type": "Point", "coordinates": [ -74.2226616, 40.547205 ] } },
{ "type": "Feature", "properties": { "element": "node", "id": 10767181154, "kind": "optician" }, "geometry": { "type": "Point", "coordinates": [ -74.2224186, 40.5472973 ] } },
{ "type": "Feature", "properties": { "element": "node", "id": 10767181155, "kind": "doityourself" }, "geometry": { "type": "Point", "coordinates": [ -74.2239495, 40.5475584 ] } },
{ "type": "Feature", "properties": { "element": "node", "id": 10767181156, "kind": "e-cigarette" }, "geometry": { "type": "Point", "coordinates": [ -74.2211365, 40.5493789 ] } },
{ "type": "Feature", "properties": { "element": "node", "id": 10767181159, "kind": "deli" }, "geometry": { "type": "Point", "coordinates": [ -74.2211984, 40.5495434 ] } },
{ "type": "Feature", "properties": { "element": "node", "id": 10767181160, "kind": "hairdresser" }, "geometry": { "type": "Point", "coordinates": [ -74.2212245, 40.5496081 ] } },
{ "type": "Feature", "properties": { "element": "node", "id": 10767181167, "kind": "storage_rental" }, "geometry": { "type": "Point", "coordinates": [ -74.2192869, 40.5515763 ] } },
{ "type": "Feature", "properties": { "element": "node", "id": 10767181266, "kind": "convenience" }, "geometry": { "type": "Point", "coordinates": [ -74.2068683, 40.5580569 ] } },
{ "type": "Feature", "properties": { "element": "node", "id": 10769247428, "kind": "optician" }, "geometry": { "type": "Point", "coordinates": [ -74.1540136, 40.5346514 ] } },
{ "type": "Feature", "properties": { "element": "node", "id": 10769247446, "kind": "deli" }, "geometry": { "type": "Point", "coordinates": [ -74.1509664, 40.5364335 ] } },
{ "type": "Feature", "properties": { "element": "node", "id": 10769247456, "kind": "convenience" }, "geometry": { "type": "Point", "coordinates": [ -74.1505276, 40.5377537 ] } },
{ "type": "Feature", "properties": { "element": "node", "id": 10769247457, "kind": "beauty" }, "geometry": { "type": "Point", "coordinates": [ -74.1504905, 40.5377922 ] } },
{ "type": "Feature", "properties": { "element": "node", "id": 10769247460, "kind": "car_repair" }, "geometry": { "type": "Point", "coordinates": [ -74.1495663, 40.5376882 ] } },
{ "type": "Feature", "properties": { "element": "node", "id": 10769247466, "kind": "clothes" }, "geometry": { "type": "Point", "coordinates": [ -74.1491996, 40.5380094 ] } },
{ "type": "Feature", "properties": { "element": "node", "id": 10769247467, "kind": "beauty" }, "geometry": { "type": "Point", "coordinates": [ -74.1491456, 40.5380717 ] } },
{ "type": "Feature", "properties": { "element": "node", "id": 10769247468, "kind": "clothes" }, "geometry": { "type": "Point", "coordinates": [ -74.1490856, 40.5381449 ] } },
{ "type": "Feature", "properties": { "element": "node", "id": 10769247471, "kind": "car_parts" }, "geometry": { "type": "Point", "coordinates": [ -74.1488752, 40.5383979 ] } },
{ "type": "Feature", "properties": { "element": "node", "id": 10770027060, "kind": "furniture" }, "geometry": { "type": "Point", "coordinates": [ -74.167034, 40.5765176 ] } },
{ "type": "Feature", "properties": { "element": "node", "id": 10812977324, "kind": "clothes" }, "geometry": { "type": "Point", "coordinates": [ -74.177445, 40.5402013 ] } },
{ "type": "Feature", "properties": { "element": "node", "id": 10812977325, "kind": "convenience" }, "geometry": { "type": "Point", "coordinates": [ -74.1774812, 40.5404214 ] } },
{ "type": "Feature", "properties": { "element": "node", "id": 10812977326, "kind": "butcher" }, "geometry": { "type": "Point", "coordinates": [ -74.1770925, 40.5401713 ] } },
{ "type": "Feature", "properties": { "element": "node", "id": 10903431385, "kind": "clothes" }, "geometry": { "type": "Point", "coordinates": [ -74.0746652, 40.6448801 ] } },
{ "type": "Feature", "properties": { "element": "node", "id": 11040332615, "kind": "convenience" }, "geometry": { "type": "Point", "coordinates": [ -74.1983859, 40.5588381 ] } },
{ "type": "Feature", "properties": { "element": "node", "id": 11040332638, "kind": "beauty" }, "geometry": { "type": "Point", "coordinates": [ -74.197254, 40.559651 ] } },
{ "type": "Feature", "properties": { "element": "node", "id": 11040332655, "kind": "vacant" }, "geometry": { "type": "Point", "coordinates": [ -74.1829255, 40.5658788 ] } },
{ "type": "Feature", "properties": { "element": "node", "id": 11040332656, "kind": "pet_grooming" }, "geometry": { "type": "Point", "coordinates": [ -74.1829433, 40.5659639 ] } },
{ "type": "Feature", "properties": { "element": "node", "id": 11040332657, "kind": "laundry" }, "geometry": { "type": "Point", "coordinates": [ -74.1829577, 40.5660326 ] } },
{ "type": "Feature", "properties": { "element": "node", "id": 11040332658, "kind": "e-cigarette" }, "geometry": { "type": "Point", "coordinates": [ -74.182976, 40.5661202 ] } },
{ "type": "Feature", "properties": { "element": "node", "id": 11040332659, "kind": "beauty" }, "geometry": { "type": "Point", "coordinates": [ -74.1830088, 40.5662771 ] } },
{ "type": "Feature", "properties": { "element": "node", "id": 11040332660, "kind": "health_food" }, "geometry": { "type": "Point", "coordinates": [ -74.1830246, 40.5663528 ] } },
{ "type": "Feature", "properties": { "element": "node", "id": 11040332662, "kind": "kitchen" }, "geometry": { "type": "Point", "coordinates": [ -74.1831752, 40.5663888 ] } },
{ "type": "Feature", "properties": { "element": "node", "id": 11040332663, "kind": "beauty" }, "geometry": { "type": "Point", "coordinates": [ -74.1832478, 40.5663819 ] } },
{ "type": "Feature", "properties": { "element": "node", "id": 11040468145, "kind": "car_repair" }, "geometry": { "type": "Point", "coordinates": [ -74.0630482, 40.6094131 ] } },
{ "type": "Feature", "properties": { "element": "node", "id": 11040468153, "kind": "e-cigarette" }, "geometry": { "type": "Point", "coordinates": [ -74.063019, 40.6101011 ] } },
{ "type": "Feature", "properties": { "element": "node", "id": 11040468155, "kind": "deli" }, "geometry": { "type": "Point", "coordinates": [ -74.0631094, 40.6102236 ] } },
{ "type": "Feature", "properties": { "element": "node", "id": 11040468159, "kind": "variety_store" }, "geometry": { "type": "Point", "coordinates": [ -74.0645797, 40.6123773 ] } },
{ "type": "Feature", "properties": { "element": "node", "id": 11040468162, "kind": "convenience" }, "geometry": { "type": "Point", "coordinates": [ -74.0649313, 40.6122371 ] } },
{ "type": "Feature", "properties": { "element": "node", "id": 11040468164, "kind": "hairdresser" }, "geometry": { "type": "Point", "coordinates": [ -74.0649326, 40.6127016 ] } },
{ "type": "Feature", "properties": { "element": "node", "id": 11040468166, "kind": "clothes" }, "geometry": { "type": "Point", "coordinates": [ -74.0649816, 40.6127651 ] } },
{ "type": "Feature", "properties": { "element": "node", "id": 11040468167, "kind": "houseware" }, "geometry": { "type": "Point", "coordinates": [ -74.0650239, 40.6128286 ] } },
{ "type": "Feature", "properties": { "element": "node", "id": 11040468168, "kind": "convenience" }, "geometry": { "type": "Point", "coordinates": [ -74.0653187, 40.6127651 ] } },
{ "type": "Feature", "properties": { "element": "node", "id": 11040468169, "kind": "musical_instrument" }, "geometry": { "type": "Point", "coordinates": [ -74.065486, 40.6130037 ] } },
{ "type": "Feature", "properties": { "element": "node", "id": 11040468173, "kind": "vacant" }, "geometry": { "type": "Point", "coordinates": [ -74.0654017, 40.6133375 ] } },
{ "type": "Feature", "properties": { "element": "node", "id": 11040468181, "kind": "hairdresser" }, "geometry": { "type": "Point", "coordinates": [ -74.0658312, 40.6139275 ] } },
{ "type": "Feature", "properties": { "element": "node", "id": 11040468183, "kind": "tobacco" }, "geometry": { "type": "Point", "coordinates": [ -74.0659116, 40.6140476 ] } },
{ "type": "Feature", "properties": { "element": "node", "id": 11040468184, "kind": "wine" }, "geometry": { "type": "Point", "coordinates": [ -74.0660942, 40.614253 ] } },
{ "type": "Feature", "properties": { "element": "node", "id": 11040468186, "kind": "convenience" }, "geometry": { "type": "Point", "coordinates": [ -74.0664693, 40.6141475 ] } },
{ "type": "Feature", "properties": { "element": "node", "id": 11040468187, "kind": "pawnbroker" }, "geometry": { "type": "Point", "coordinates": [ -74.066425, 40.6142676 ] } },
{ "type": "Feature", "properties": { "element": "node", "id": 11040468188, "kind": "bakery" }, "geometry": { "type": "Point", "coordinates": [ -74.0664766, 40.6143256 ] } },
{ "type": "Feature", "properties": { "element": "node", "id": 11040468190, "kind": "bicycle" }, "geometry": { "type": "Point", "coordinates": [ -74.0665672, 40.6144493 ] } },
{ "type": "Feature", "properties": { "element": "node", "id": 11040468191, "kind": "mobile_phone" }, "geometry": { "type": "Point", "coordinates": [ -74.0662694, 40.6145013 ] } },
{ "type": "Feature", "properties": { "element": "node", "id": 11040468193, "kind": "laundry" }, "geometry": { "type": "Point", "coordinates": [ -74.0665169, 40.6148418 ] } },
{ "type": "Feature", "properties": { "element": "node", "id": 11040468194, "kind": "pet" }, "geometry": { "type": "Point", "coordinates": [ -74.0665652, 40.6149019 ] } },
{ "type": "Feature", "properties": { "element": "node", "id": 11040468196, "kind": "hairdresser" }, "geometry": { "type": "Point", "coordinates": [ -74.0669008, 40.614898 ] } },
{ "type": "Feature", "properties": { "element": "node", "id": 11040468198, "kind": "beauty" }, "geometry": { "type": "Point", "coordinates": [ -74.0666083, 40.6152515 ] } },
{ "type": "Feature", "properties": { "element": "node", "id": 11040468200, "kind": "dry_cleaning" }, "geometry": { "type": "Point", "coordinates": [ -74.0672214, 40.6150204 ] } },
{ "type": "Feature", "properties": { "element": "node", "id": 11040468201, "kind": "pawnbroker" }, "geometry": { "type": "Point", "coordinates": [ -74.0672803, 40.6150194 ] } },
{ "type": "Feature", "properties": { "element": "node", "id": 11040468202, "kind": "beauty" }, "geometry": { "type": "Point", "coordinates": [ -74.0672622, 40.6150749 ] } },
{ "type": "Feature", "properties": { "element": "node", "id": 11040482705, "kind": "optician" }, "geometry": { "type": "Point", "coordinates": [ -74.0673976, 40.6152558 ] } },
{ "type": "Feature", "properties": { "element": "node", "id": 11040482706, "kind": "deli" }, "geometry": { "type": "Point", "coordinates": [ -74.0674452, 40.6153194 ] } },
{ "type": "Feature", "properties": { "element": "node", "id": 11040482707, "kind": "e-cigarette" }, "geometry": { "type": "Point", "coordinates": [ -74.0673471, 40.6154872 ] } },
{ "type": "Feature", "properties": { "element": "node", "id": 11040482708, "kind": "laundry" }, "geometry": { "type": "Point", "coordinates": [ -74.0678106, 40.6160871 ] } },
{ "type": "Feature", "properties": { "element": "node", "id": 11040482709, "kind": "convenience" }, "geometry": { "type": "Point", "coordinates": [ -74.0679141, 40.6162733 ] } },
{ "type": "Feature", "properties": { "element": "node", "id": 11040482710, "kind": "mobile_phone" }, "geometry": { "type": "Point", "coordinates": [ -74.067958, 40.6163406 ] } },
{ "type": "Feature", "properties": { "element": "node", "id": 11040482711, "kind": "hairdresser" }, "geometry": { "type": "Point", "coordinates": [ -74.0680104, 40.6164054 ] } },
{ "type": "Feature", "properties": { "element": "node", "id": 11040482712, "kind": "bakery" }, "geometry": { "type": "Point", "coordinates": [ -74.0680636, 40.6164772 ] } },
{ "type": "Feature", "properties": { "element": "node", "id": 11040482714, "kind": "kitchen" }, "geometry": { "type": "Point", "coordinates": [ -74.0682239, 40.6167044 ] } },
{ "type": "Feature", "properties": { "element": "node", "id": 11040482715, "kind": "car_repair" }, "geometry": { "type": "Point", "coordinates": [ -74.0682709, 40.616767 ] } },
{ "type": "Feature", "properties": { "element": "node", "id": 11040482718, "kind": "vacant" }, "geometry": { "type": "Point", "coordinates": [ -74.068436, 40.6169491 ] } },
{ "type": "Feature", "properties": { "element": "node", "id": 11040482720, "kind": "hairdresser" }, "geometry": { "type": "Point", "coordinates": [ -74.0676857, 40.6171807 ] } },
{ "type": "Feature", "properties": { "element": "node", "id": 11040482723, "kind": "supermarket" }, "geometry": { "type": "Point", "coordinates": [ -74.0678859, 40.6174287 ] } },
{ "type": "Feature", "properties": { "element": "node", "id": 11040482726, "kind": "rental" }, "geometry": { "type": "Point", "coordinates": [ -74.0687471, 40.6170837 ] } },
{ "type": "Feature", "properties": { "element": "node", "id": 11040482735, "kind": "vacant" }, "geometry": { "type": "Point", "coordinates": [ -74.0690559, 40.619084 ] } },
{ "type": "Feature", "properties": { "element": "node", "id": 11070047561, "kind": "supermarket" }, "geometry": { "type": "Point", "coordinates": [ -74.165322, 40.5453172 ] } },
{ "type": "Feature", "properties": { "element": "node", "id": 11070144093, "kind": "convenience" }, "geometry": { "type": "Point", "coordinates": [ -74.1017023, 40.5780864 ] } },
{ "type": "Feature", "properties": { "element": "node", "id": 11070150468, "kind": "convenience" }, "geometry": { "type": "Point", "coordinates": [ -74.0918123, 40.6001091 ] } },
{ "type": "Feature", "properties": { "element": "node", "id": 11070155113, "kind": "convenience" }, "geometry": { "type": "Point", "coordinates": [ -74.1044711, 40.5862075 ] } },
{ "type": "Feature", "properties": { "element": "node", "id": 11070228707, "kind": "convenience" }, "geometry": { "type": "Point", "coordinates": [ -74.1473196, 40.6104826 ] } },
{ "type": "Feature", "properties": { "element": "node", "id": 11070228730, "kind": "convenience" }, "geometry": { "type": "Point", "coordinates": [ -74.1326661, 40.6127756 ] } },
{ "type": "Feature", "properties": { "element": "node", "id": 11070228755, "kind": "car_repair" }, "geometry": { "type": "Point", "coordinates": [ -74.1304896, 40.6122195 ] } },
{ "type": "Feature", "properties": { "element": "node", "id": 11099960869, "kind": "deli" }, "geometry": { "type": "Point", "coordinates": [ -74.1691658, 40.5585889 ] } },
{ "type": "Feature", "properties": { "element": "node", "id": 11113259609, "kind": "toys" }, "geometry": { "type": "Point", "coordinates": [ -74.1651944, 40.5838068 ] } },
{ "type": "Feature", "properties": { "element": "node", "id": 11113259634, "kind": "repair" }, "geometry": { "type": "Point", "coordinates": [ -74.1501633, 40.5841558 ] } },
{ "type": "Feature", "properties": { "element": "node", "id": 11147398891, "kind": "hairdresser" }, "geometry": { "type": "Point", "coordinates": [ -74.1392374, 40.6306625 ] } },
{ "type": "Feature", "properties": { "element": "node", "id": 11147398893, "kind": "clothes" }, "geometry": { "type": "Point", "coordinates": [ -74.1395312, 40.630668 ] } },
{ "type": "Feature", "properties": { "element": "node", "id": 11147398894, "kind": "convenience" }, "geometry": { "type": "Point", "coordinates": [ -74.1401805, 40.6297702 ] } },
{ "type": "Feature", "properties": { "element": "node", "id": 11147398895, "kind": "beauty" }, "geometry": { "type": "Point", "coordinates": [ -74.1402245, 40.6297336 ] } },
{ "type": "Feature", "properties": { "element": "node", "id": 11147398899, "kind": "laundry" }, "geometry": { "type": "Point", "coordinates": [ -74.1406319, 40.6298961 ] } },
{ "type": "Feature", "properties": { "element": "node", "id": 11147398900, "kind": "beauty" }, "geometry": { "type": "Point", "coordinates": [ -74.1407161, 40.6299305 ] } },
{ "type": "Feature", "properties": { "element": "node", "id": 11147398901, "kind": "mobile_phone" }, "geometry": { "type": "Point", "coordinates": [ -74.1407671, 40.6299499 ] } },
{ "type": "Feature", "properties": { "element": "node", "id": 11147398902, "kind": "variety_store" }, "geometry": { "type": "Point", "coordinates": [ -74.1408583, 40.6299865 ] } },
{ "type": "Feature", "properties": { "element": "node", "id": 11147398903, "kind": "hairdresser" }, "geometry": { "type": "Point", "coordinates": [ -74.1408298, 40.6296294 ] } },
{ "type": "Feature", "properties": { "element": "node", "id": 11147398904, "kind": "second_hand" }, "geometry": { "type": "Point", "coordinates": [ -74.1408742, 40.6295754 ] } },
{ "type": "Feature", "properties": { "element": "node", "id": 11147424811, "kind": "deli" }, "geometry": { "type": "Point", "coordinates": [ -74.142191, 40.6282294 ] } },
{ "type": "Feature", "properties": { "element": "node", "id": 11147424812, "kind": "kitchen" }, "geometry": { "type": "Point", "coordinates": [ -74.1426634, 40.6260441 ] } },
{ "type": "Feature", "properties": { "element": "node", "id": 11155209886, "kind": "money_lender" }, "geometry": { "type": "Point", "coordinates": [ -74.1677938, 40.5597293 ] } },
{ "type": "Feature", "properties": { "element": "node", "id": 11163791813, "kind": "alcohol" }, "geometry": { "type": "Point", "coordinates": [ -74.1685497, 40.5596243 ] } },
{ "type": "Feature", "properties": { "element": "node", "id": 11250137564, "kind": "ticket" }, "geometry": { "type": "Point", "coordinates": [ -74.1027034, 40.6446749 ] } },
{ "type": "Feature", "properties": { "element": "node", "id": 11293310013, "kind": "massage" }, "geometry": { "type": "Point", "coordinates": [ -74.1340342, 40.6259676 ] } },
{ "type": "Feature", "properties": { "element": "node", "id": 11355733767, "kind": "car_repair" }, "geometry": { "type": "Point", "coordinates": [ -74.1475577, 40.6314227 ] } },
{ "type": "Feature", "properties": { "element": "node", "id": 11361024525, "kind": "kitchen" }, "geometry": { "type": "Point", "coordinates": [ -74.1131925, 40.5721533 ] } },
{ "type": "Feature", "properties": { "element": "node", "id": 11366634046, "kind": "nutrition_supplements" }, "geometry": { "type": "Point", "coordinates": [ -74.1115848, 40.5680282 ] } },
{ "type": "Feature", "properties": { "element": "node", "id": 11366634050, "kind": "optician" }, "geometry": { "type": "Point", "coordinates": [ -74.1107089, 40.5679298 ] } },
{ "type": "Feature", "properties": { "element": "node", "id": 11386507650, "kind": "lighting" }, "geometry": { "type": "Point", "coordinates": [ -74.1626208, 40.6064611 ] } },
{ "type": "Feature", "properties": { "element": "node", "id": 11386507651, "kind": "pawnbroker" }, "geometry": { "type": "Point", "coordinates": [ -74.1625878, 40.6063116 ] } },
{ "type": "Feature", "properties": { "element": "node", "id": 11386507652, "kind": "tiles" }, "geometry": { "type": "Point", "coordinates": [ -74.1625995, 40.6061896 ] } },
{ "type": "Feature", "properties": { "element": "node", "id": 11386507653, "kind": "beauty" }, "geometry": { "type": "Point", "coordinates": [ -74.1626811, 40.605752 ] } },
{ "type": "Feature", "properties": { "element": "node", "id": 11386507654, "kind": "hairdresser" }, "geometry": { "type": "Point", "coordinates": [ -74.162663, 40.6056768 ] } },
{ "type": "Feature", "properties": { "element": "node", "id": 11386507687, "kind": "hearing_aids" }, "geometry": { "type": "Point", "coordinates": [ -74.1625292, 40.6026888 ] } },
{ "type": "Feature", "properties": { "element": "node", "id": 11401136582, "kind": "gift" }, "geometry": { "type": "Point", "coordinates": [ -74.1571231, 40.6116731 ] } },
{ "type": "Feature", "properties": { "element": "node", "id": 11401136584, "kind": "beauty" }, "geometry": { "type": "Point", "coordinates": [ -74.1573014, 40.6117375 ] } },
{ "type": "Feature", "properties": { "element": "node", "id": 11401136585, "kind": "variety_store" }, "geometry": { "type": "Point", "coordinates": [ -74.1573763, 40.6117703 ] } },
{ "type": "Feature", "properties": { "element": "node", "id": 11401136600, "kind": "deli" }, "geometry": { "type": "Point", "coordinates": [ -74.1589916, 40.6124221 ] } },
{ "type": "Feature", "properties": { "element": "node", "id": 11401136602, "kind": "beauty" }, "geometry": { "type": "Point", "coordinates": [ -74.1590516, 40.6123297 ] } },
{ "type": "Feature", "properties": { "element": "node", "id": 11401136603, "kind": "mobile_phone" }, "geometry": { "type": "Point", "coordinates": [ -74.159084, 40.6121287 ] } },
{ "type": "Feature", "properties": { "element": "node", "id": 11401136604, "kind": "convenience" }, "geometry": { "type": "Point", "coordinates": [ -74.1590285, 40.6121089 ] } },
{ "type": "Feature", "properties": { "element": "node", "id": 11401136606, "kind": "beauty" }, "geometry": { "type": "Point", "coordinates": [ -74.1589211, 40.6120706 ] } },
{ "type": "Feature", "properties": { "element": "node", "id": 11401136607, "kind": "beauty" }, "geometry": { "type": "Point", "coordinates": [ -74.1588297, 40.611964 ] } },
{ "type": "Feature", "properties": { "element": "node", "id": 11401136628, "kind": "deli" }, "geometry": { "type": "Point", "coordinates": [ -74.1588085, 40.6133395 ] } },
{ "type": "Feature", "properties": { "element": "node", "id": 11401136631, "kind": "wine" }, "geometry": { "type": "Point", "coordinates": [ -74.1590264, 40.6133768 ] } },
{ "type": "Feature", "properties": { "element": "node", "id": 11401136634, "kind": "variety_store" }, "geometry": { "type": "Point", "coordinates": [ -74.1592368, 40.6134127 ] } },
{ "type": "Feature", "properties": { "element": "node", "id": 11430028893, "kind": "jewelry" }, "geometry": { "type": "Point", "coordinates": [ -74.075711, 40.639836 ] } },
{ "type": "Feature", "properties": { "element": "node", "id": 11457584577, "kind": "hairdresser" }, "geometry": { "type": "Point", "coordinates": [ -74.239814, 40.523006 ] } },
{ "type": "Feature", "properties": { "element": "node", "id": 11466703432, "kind": "convenience" }, "geometry": { "type": "Point", "coordinates": [ -74.1317855, 40.6031845 ] } },
{ "type": "Feature", "properties": { "element": "node", "id": 11466703433, "kind": "beauty" }, "geometry": { "type": "Point", "coordinates": [ -74.131808, 40.6032796 ] } },
{ "type": "Feature", "properties": { "element": "node", "id": 11466703434, "kind": "convenience" }, "geometry": { "type": "Point", "coordinates": [ -74.131833, 40.6033348 ] } },
{ "type": "Feature", "properties": { "element": "node", "id": 11466703435, "kind": "dry_cleaning" }, "geometry": { "type": "Point", "coordinates": [ -74.1316489, 40.6034017 ] } },
{ "type": "Feature", "properties": { "element": "node", "id": 11466703438, "kind": "deli" }, "geometry": { "type": "Point", "coordinates": [ -74.1317301, 40.6035832 ] } },
{ "type": "Feature", "properties": { "element": "node", "id": 11466703455, "kind": "deli" }, "geometry": { "type": "Point", "coordinates": [ -74.131143, 40.5996216 ] } },
{ "type": "Feature", "properties": { "element": "node", "id": 11468465370, "kind": "supermarket" }, "geometry": { "type": "Point", "coordinates": [ -74.0758583, 40.6316634 ] } },
{ "type": "Feature", "properties": { "element": "node", "id": 11468465371, "kind": "motorcycle" }, "geometry": { "type": "Point", "coordinates": [ -74.0762994, 40.631143 ] } },
{ "type": "Feature", "properties": { "element": "node", "id": 11468465372, "kind": "motorcycle" }, "geometry": { "type": "Point", "coordinates": [ -74.0763328, 40.6310792 ] } },
{ "type": "Feature", "properties": { "element": "node", "id": 11468465373, "kind": "motorcycle" }, "geometry": { "type": "Point", "coordinates": [ -74.0763729, 40.6309949 ] } },
{ "type": "Feature", "properties": { "element": "node", "id": 11468465374, "kind": "dry_cleaning" }, "geometry": { "type": "Point", "coordinates": [ -74.0764159, 40.6307491 ] } },
{ "type": "Feature", "properties": { "element": "node", "id": 11468465387, "kind": "variety_store" }, "geometry": { "type": "Point", "coordinates": [ -74.0762019, 40.6284542 ] } },
{ "type": "Feature", "properties": { "element": "node", "id": 11492643177, "kind": "wine" }, "geometry": { "type": "Point", "coordinates": [ -74.1667792, 40.5766859 ] } },
{ "type": "Feature", "properties": { "element": "node", "id": 11515622184, "kind": "hairdresser" }, "geometry": { "type": "Point", "coordinates": [ -74.2497371, 40.5112146 ] } },
{ "type": "Feature", "properties": { "element": "node", "id": 11515622186, "kind": "fashion_accessories" }, "geometry": { "type": "Point", "coordinates": [ -74.2496229, 40.5112676 ] } },
{ "type": "Feature", "properties": { "element": "node", "id": 11515622188, "kind": "party" }, "geometry": { "type": "Point", "coordinates": [ -74.2494027, 40.5113675 ] } },
{ "type": "Feature", "properties": { "element": "node", "id": 11515622189, "kind": "bakery" }, "geometry": { "type": "Point", "coordinates": [ -74.249339, 40.5113928 ] } },
{ "type": "Feature", "properties": { "element": "node", "id": 11590019129, "kind": "department_store" }, "geometry": { "type": "Point", "coordinates": [ -74.1395186, 40.6237271 ] } },
{ "type": "Feature", "properties": { "element": "node", "id": 11590019130, "kind": "vacant" }, "geometry": { "type": "Point", "coordinates": [ -74.1394298, 40.6241048 ] } },
{ "type": "Feature", "properties": { "element": "node", "id": 11598565388, "kind": "beauty" }, "geometry": { "type": "Point", "coordinates": [ -74.1625873, 40.6004881 ] } },
{ "type": "Feature", "properties": { "element": "node", "id": 11598565389, "kind": "deli" }, "geometry": { "type": "Point", "coordinates": [ -74.1625379, 40.6004939 ] } },
{ "type": "Feature", "properties": { "element": "node", "id": 11598565390, "kind": "beauty" }, "geometry": { "type": "Point", "coordinates": [ -74.1624812, 40.6005005 ] } },
{ "type": "Feature", "properties": { "element": "node", "id": 11598565391, "kind": "deli" }, "geometry": { "type": "Point", "coordinates": [ -74.1624296, 40.6005065 ] } },
{ "type": "Feature", "properties": { "element": "node", "id": 11598565392, "kind": "e-cigarette" }, "geometry": { "type": "Point", "coordinates": [ -74.1623759, 40.6005128 ] } },
{ "type": "Feature", "properties": { "element": "node", "id": 11598565404, "kind": "furniture" }, "geometry": { "type": "Point", "coordinates": [ -74.1619362, 40.5969367 ] } },
{ "type": "Feature", "properties": { "element": "node", "id": 11598565406, "kind": "furniture" }, "geometry": { "type": "Point", "coordinates": [ -74.1619872, 40.5934278 ] } },
{ "type": "Feature", "properties": { "element": "node", "id": 11644466166, "kind": "beauty" }, "geometry": { "type": "Point", "coordinates": [ -74.1651699, 40.5439564 ] } },
{ "type": "Feature", "properties": { "element": "node", "id": 11667158864, "kind": "supermarket" }, "geometry": { "type": "Point", "coordinates": [ -74.1351018, 40.6263715 ] } },
{ "type": "Feature", "properties": { "element": "node", "id": 11667158865, "kind": "beauty" }, "geometry": { "type": "Point", "coordinates": [ -74.13521, 40.6264677 ] } },
{ "type": "Feature", "properties": { "element": "node", "id": 11667158867, "kind": "hairdresser" }, "geometry": { "type": "Point", "coordinates": [ -74.1353418, 40.6265985 ] } },
{ "type": "Feature", "properties": { "element": "node", "id": 11667208269, "kind": "car_parts" }, "geometry": { "type": "Point", "coordinates": [ -74.1354606, 40.626711 ] } },
{ "type": "Feature", "properties": { "element": "node", "id": 11667208271, "kind": "alcohol" }, "geometry": { "type": "Point", "coordinates": [ -74.1349537, 40.6262609 ] } },
{ "type": "Feature", "properties": { "element": "node", "id": 11667208274, "kind": "dry_cleaning" }, "geometry": { "type": "Point", "coordinates": [ -74.1347183, 40.626061 ] } },
{ "type": "Feature", "properties": { "element": "node", "id": 11667208276, "kind": "greengrocer" }, "geometry": { "type": "Point", "coordinates": [ -74.1349107, 40.6258106 ] } },
{ "type": "Feature", "properties": { "element": "node", "id": 11667208277, "kind": "butcher" }, "geometry": { "type": "Point", "coordinates": [ -74.1349985, 40.6257522 ] } },
{ "type": "Feature", "properties": { "element": "node", "id": 11667208279, "kind": "seafood" }, "geometry": { "type": "Point", "coordinates": [ -74.1351578, 40.6256426 ] } },
{ "type": "Feature", "properties": { "element": "node", "id": 11667208281, "kind": "variety_store" }, "geometry": { "type": "Point", "coordinates": [ -74.1353487, 40.6255214 ] } },
{ "type": "Feature", "properties": { "element": "node", "id": 11667208282, "kind": "department_store" }, "geometry": { "type": "Point", "coordinates": [ -74.1357504, 40.6252672 ] } },
{ "type": "Feature", "properties": { "element": "node", "id": 11667208284, "kind": "vacant" }, "geometry": { "type": "Point", "coordinates": [ -74.1361003, 40.6250331 ] } },
{ "type": "Feature", "properties": { "element": "node", "id": 11667208286, "kind": "clothes" }, "geometry": { "type": "Point", "coordinates": [ -74.1359879, 40.6248089 ] } },
{ "type": "Feature", "properties": { "element": "node", "id": 11667208287, "kind": "vacant" }, "geometry": { "type": "Point", "coordinates": [ -74.13594, 40.6248396 ] } },
{ "type": "Feature", "properties": { "element": "node", "id": 11667208288, "kind": "vacant" }, "geometry": { "type": "Point", "coordinates": [ -74.1358959, 40.6248687 ] } },
{ "type": "Feature", "properties": { "element": "node", "id": 11667208289, "kind": "hairdresser" }, "geometry": { "type": "Point", "coordinates": [ -74.1357113, 40.6249796 ] } },
{ "type": "Feature", "properties": { "element": "node", "id": 11667208290, "kind": "beauty" }, "geometry": { "type": "Point", "coordinates": [ -74.1356796, 40.625002 ] } },
{ "type": "Feature", "properties": { "element": "node", "id": 11667208291, "kind": "convenience" }, "geometry": { "type": "Point", "coordinates": [ -74.1356428, 40.6250242 ] } },
{ "type": "Feature", "properties": { "element": "node", "id": 11667208292, "kind": "beauty" }, "geometry": { "type": "Point", "coordinates": [ -74.135612, 40.6250457 ] } },
{ "type": "Feature", "properties": { "element": "node", "id": 11667208294, "kind": "chocolate" }, "geometry": { "type": "Point", "coordinates": [ -74.1355153, 40.6251104 ] } },
{ "type": "Feature", "properties": { "element": "node", "id": 11667208295, "kind": "mobile_phone" }, "geometry": { "type": "Point", "coordinates": [ -74.1354798, 40.6251332 ] } },
{ "type": "Feature", "properties": { "element": "node", "id": 11667208297, "kind": "optician" }, "geometry": { "type": "Point", "coordinates": [ -74.1352559, 40.6252676 ] } },
{ "type": "Feature", "properties": { "element": "node", "id": 11667208307, "kind": "laundry" }, "geometry": { "type": "Point", "coordinates": [ -74.1347622, 40.6255955 ] } },
{ "type": "Feature", "properties": { "element": "node", "id": 11667208309, "kind": "beauty" }, "geometry": { "type": "Point", "coordinates": [ -74.1344805, 40.625738 ] } },
{ "type": "Feature", "properties": { "element": "node", "id": 11667208311, "kind": "deli" }, "geometry": { "type": "Point", "coordinates": [ -74.13439, 40.6258383 ] } },
{ "type": "Feature", "properties": { "element": "node", "id": 11667208312, "kind": "hairdresser" }, "geometry": { "type": "Point", "coordinates": [ -74.1339437, 40.6260341 ] } },
{ "type": "Feature", "properties": { "element": "node", "id": 11667208313, "kind": "copyshop" }, "geometry": { "type": "Point", "coordinates": [ -74.1338458, 40.6260923 ] } },
{ "type": "Feature", "properties": { "element": "node", "id": 11667208316, "kind": "convenience" }, "geometry": { "type": "Point", "coordinates": [ -74.1334251, 40.6265245 ] } },
{ "type": "Feature", "properties": { "element": "node", "id": 11667208318, "kind": "hairdresser" }, "geometry": { "type": "Point", "coordinates": [ -74.1331741, 40.6262734 ] } },
{ "type": "Feature", "properties": { "element": "node", "id": 11667208321, "kind": "funeral_directors" }, "geometry": { "type": "Point", "coordinates": [ -74.1327468, 40.6265513 ] } },
{ "type": "Feature", "properties": { "element": "node", "id": 11667208326, "kind": "swimming_pool" }, "geometry": { "type": "Point", "coordinates": [ -74.1325575, 40.62621 ] } },
{ "type": "Feature", "properties": { "element": "node", "id": 11667208328, "kind": "copyshop" }, "geometry": { "type": "Point", "coordinates": [ -74.1320606, 40.6267698 ] } },
{ "type": "Feature", "properties": { "element": "node", "id": 11667208330, "kind": "convenience" }, "geometry": { "type": "Point", "coordinates": [ -74.1320124, 40.6266968 ] } },
{ "type": "Feature", "properties": { "element": "node", "id": 11667208332, "kind": "beauty" }, "geometry": { "type": "Point", "coordinates": [ -74.1318727, 40.6266828 ] } },
{ "type": "Feature", "properties": { "element": "node", "id": 11667208334, "kind": "mobile_phone" }, "geometry": { "type": "Point", "coordinates": [ -74.131745, 40.62667 ] } },
{ "type": "Feature", "properties": { "element": "node", "id": 11667208338, "kind": "beauty" }, "geometry": { "type": "Point", "coordinates": [ -74.1315296, 40.626718 ] } },
{ "type": "Feature", "properties": { "element": "node", "id": 11667208344, "kind": "car_repair" }, "geometry": { "type": "Point", "coordinates": [ -74.1308237, 40.6260454 ] } },
{ "type": "Feature", "properties": { "element": "node", "id": 11667208345, "kind": "convenience" }, "geometry": { "type": "Point", "coordinates": [ -74.1309619, 40.6260352 ] } },
{ "type": "Feature", "properties": { "element": "node", "id": 11667208346, "kind": "candles" }, "geometry": { "type": "Point", "coordinates": [ -74.1313174, 40.6259563 ] } },
{ "type": "Feature", "properties": { "element": "node", "id": 11667208347, "kind": "appliance" }, "geometry": { "type": "Point", "coordinates": [ -74.1313241, 40.6259403 ] } },
{ "type": "Feature", "properties": { "element": "node", "id": 11667208349, "kind": "pastry" }, "geometry": { "type": "Point", "coordinates": [ -74.1306036, 40.6262503 ] } },
{ "type": "Feature", "properties": { "element": "node", "id": 11667208350, "kind": "hairdresser" }, "geometry": { "type": "Point", "coordinates": [ -74.1305014, 40.6262677 ] } },
{ "type": "Feature", "properties": { "element": "node", "id": 11667208351, "kind": "psychic" }, "geometry": { "type": "Point", "coordinates": [ -74.1304509, 40.6262741 ] } },
{ "type": "Feature", "properties": { "element": "node", "id": 11667208353, "kind": "deli" }, "geometry": { "type": "Point", "coordinates": [ -74.1303114, 40.6262717 ] } },
{ "type": "Feature", "properties": { "element": "node", "id": 11667208358, "kind": "beauty" }, "geometry": { "type": "Point", "coordinates": [ -74.1302307, 40.626515 ] } },
{ "type": "Feature", "properties": { "element": "node", "id": 11667208359, "kind": "dry_cleaning" }, "geometry": { "type": "Point", "coordinates": [ -74.1301129, 40.6265298 ] } },
{ "type": "Feature", "properties": { "element": "node", "id": 11667208365, "kind": "beauty" }, "geometry": { "type": "Point", "coordinates": [ -74.1296264, 40.6261053 ] } },
{ "type": "Feature", "properties": { "element": "node", "id": 11667208366, "kind": "convenience" }, "geometry": { "type": "Point", "coordinates": [ -74.1295522, 40.6261155 ] } },
{ "type": "Feature", "properties": { "element": "node", "id": 11667208367, "kind": "travel_agency" }, "geometry": { "type": "Point", "coordinates": [ -74.1294867, 40.6261245 ] } },
{ "type": "Feature", "properties": { "element": "node", "id": 11667208370, "kind": "hairdresser" }, "geometry": { "type": "Point", "coordinates": [ -74.1293249, 40.6261468 ] } },
{ "type": "Feature", "properties": { "element": "node", "id": 11667208378, "kind": "vacant" }, "geometry": { "type": "Point", "coordinates": [ -74.1281149, 40.6265914 ] } },
{ "type": "Feature", "properties": { "element": "node", "id": 11667208380, "kind": "beauty" }, "geometry": { "type": "Point", "coordinates": [ -74.1279786, 40.6266108 ] } },
{ "type": "Feature", "properties": { "element": "node", "id": 11667208383, "kind": "beauty" }, "geometry": { "type": "Point", "coordinates": [ -74.1267941, 40.6267699 ] } },
{ "type": "Feature", "properties": { "element": "node", "id": 11667208384, "kind": "hairdresser" }, "geometry": { "type": "Point", "coordinates": [ -74.1267525, 40.6267755 ] } },
{ "type": "Feature", "properties": { "element": "node", "id": 11667208385, "kind": "convenience" }, "geometry": { "type": "Point", "coordinates": [ -74.1265185, 40.6268141 ] } },
{ "type": "Feature", "properties": { "element": "node", "id": 11667208403, "kind": "copyshop" }, "geometry": { "type": "Point", "coordinates": [ -74.1192491, 40.6284646 ] } },
{ "type": "Feature", "properties": { "element": "node", "id": 11667208414, "kind": "florist" }, "geometry": { "type": "Point", "coordinates": [ -74.1164981, 40.6288138 ] } },
{ "type": "Feature", "properties": { "element": "node", "id": 11667208419, "kind": "car_repair" }, "geometry": { "type": "Point", "coordinates": [ -74.1154426, 40.6293697 ] } },
{ "type": "Feature", "properties": { "element": "node", "id": 11667208421, "kind": "beauty" }, "geometry": { "type": "Point", "coordinates": [ -74.1147932, 40.6292318 ] } },
{ "type": "Feature", "properties": { "element": "node", "id": 11667208423, "kind": "locksmith" }, "geometry": { "type": "Point", "coordinates": [ -74.1146428, 40.629251 ] } },
{ "type": "Feature", "properties": { "element": "node", "id": 11667208424, "kind": "supermarket" }, "geometry": { "type": "Point", "coordinates": [ -74.1144724, 40.6290194 ] } },
{ "type": "Feature", "properties": { "element": "node", "id": 11667208425, "kind": "laundry" }, "geometry": { "type": "Point", "coordinates": [ -74.1143026, 40.6289244 ] } },
{ "type": "Feature", "properties": { "element": "node", "id": 11667208427, "kind": "gift" }, "geometry": { "type": "Point", "coordinates": [ -74.1140129, 40.6289599 ] } },
{ "type": "Feature", "properties": { "element": "node", "id": 11667208428, "kind": "dry_cleaning" }, "geometry": { "type": "Point", "coordinates": [ -74.1139168, 40.6289717 ] } },
{ "type": "Feature", "properties": { "element": "node", "id": 11667208436, "kind": "deli" }, "geometry": { "type": "Point", "coordinates": [ -74.1132189, 40.6295576 ] } },
{ "type": "Feature", "properties": { "element": "node", "id": 11667208437, "kind": "beauty" }, "geometry": { "type": "Point", "coordinates": [ -74.1131451, 40.6291219 ] } },
{ "type": "Feature", "properties": { "element": "node", "id": 11667208448, "kind": "clothes" }, "geometry": { "type": "Point", "coordinates": [ -74.1130551, 40.6295902 ] } },
{ "type": "Feature", "properties": { "element": "node", "id": 11667208449, "kind": "gift" }, "geometry": { "type": "Point", "coordinates": [ -74.1129022, 40.6294805 ] } },
{ "type": "Feature", "properties": { "element": "node", "id": 11667208451, "kind": "beauty" }, "geometry": { "type": "Point", "coordinates": [ -74.1126227, 40.6291927 ] } },
{ "type": "Feature", "properties": { "element": "node", "id": 11667208468, "kind": "beauty" }, "geometry": { "type": "Point", "coordinates": [ -74.111478, 40.6295101 ] } },
{ "type": "Feature", "properties": { "element": "node", "id": 11667208470, "kind": "mobile_phone" }, "geometry": { "type": "Point", "coordinates": [ -74.1110479, 40.6295966 ] } },
{ "type": "Feature", "properties": { "element": "node", "id": 11667208474, "kind": "clothes" }, "geometry": { "type": "Point", "coordinates": [ -74.1109154, 40.6296263 ] } },
{ "type": "Feature", "properties": { "element": "node", "id": 11667208475, "kind": "beauty" }, "geometry": { "type": "Point", "coordinates": [ -74.1108816, 40.6296328 ] } },
{ "type": "Feature", "properties": { "element": "node", "id": 11667208476, "kind": "tobacco" }, "geometry": { "type": "Point", "coordinates": [ -74.1108414, 40.6296391 ] } },
{ "type": "Feature", "properties": { "element": "node", "id": 11667208477, "kind": "beauty" }, "geometry": { "type": "Point", "coordinates": [ -74.1107116, 40.6296624 ] } },
{ "type": "Feature", "properties": { "element": "node", "id": 11667208480, "kind": "hairdresser" }, "geometry": { "type": "Point", "coordinates": [ -74.1105816, 40.6296812 ] } },
{ "type": "Feature", "properties": { "element": "node", "id": 11667208481, "kind": "wine" }, "geometry": { "type": "Point", "coordinates": [ -74.1105259, 40.6296899 ] } },
{ "type": "Feature", "properties": { "element": "node", "id": 11667208482, "kind": "bakery" }, "geometry": { "type": "Point", "coordinates": [ -74.1104689, 40.6297016 ] } },
{ "type": "Feature", "properties": { "element": "node", "id": 11667208484, "kind": "chocolate" }, "geometry": { "type": "Point", "coordinates": [ -74.1104723, 40.6299333 ] } },
{ "type": "Feature", "properties": { "element": "node", "id": 11667208485, "kind": "beauty" }, "geometry": { "type": "Point", "coordinates": [ -74.1104142, 40.6299427 ] } },
{ "type": "Feature", "properties": { "element": "node", "id": 11667208486, "kind": "hairdresser" }, "geometry": { "type": "Point", "coordinates": [ -74.1103623, 40.6299512 ] } },
{ "type": "Feature", "properties": { "element": "node", "id": 11667208487, "kind": "vacant" }, "geometry": { "type": "Point", "coordinates": [ -74.110335, 40.629718 ] } },
{ "type": "Feature", "properties": { "element": "node", "id": 11667208488, "kind": "vacant" }, "geometry": { "type": "Point", "coordinates": [ -74.1101702, 40.6297449 ] } },
{ "type": "Feature", "properties": { "element": "node", "id": 11667208491, "kind": "hairdresser" }, "geometry": { "type": "Point", "coordinates": [ -74.1095427, 40.629729 ] } },
{ "type": "Feature", "properties": { "element": "node", "id": 11669337013, "kind": "clothes" }, "geometry": { "type": "Point", "coordinates": [ -74.1142198, 40.6292997 ] } },
{ "type": "Feature", "properties": { "element": "node", "id": 11669337014, "kind": "vacant" }, "geometry": { "type": "Point", "coordinates": [ -74.1143118, 40.6292881 ] } },
{ "type": "Feature", "properties": { "element": "node", "id": 11669827678, "kind": "convenience" }, "geometry": { "type": "Point", "coordinates": [ -74.1462345, 40.542345 ] } },
{ "type": "Feature", "properties": { "element": "node", "id": 11669827680, "kind": "clothes" }, "geometry": { "type": "Point", "coordinates": [ -74.1463548, 40.5422346 ] } },
{ "type": "Feature", "properties": { "element": "node", "id": 11669827681, "kind": "hairdresser" }, "geometry": { "type": "Point", "coordinates": [ -74.1464, 40.5421804 ] } },
{ "type": "Feature", "properties": { "element": "node", "id": 11669827682, "kind": "hairdresser" }, "geometry": { "type": "Point", "coordinates": [ -74.1464442, 40.5420776 ] } },
{ "type": "Feature", "properties": { "element": "node", "id": 11669827683, "kind": "wine" }, "geometry": { "type": "Point", "coordinates": [ -74.1464623, 40.542053 ] } },
{ "type": "Feature", "properties": { "element": "node", "id": 11669827684, "kind": "hairdresser" }, "geometry": { "type": "Point", "coordinates": [ -74.1464852, 40.5420247 ] } },
{ "type": "Feature", "properties": { "element": "node", "id": 11669827685, "kind": "nutrition_supplements" }, "geometry": { "type": "Point", "coordinates": [ -74.1465054, 40.5420012 ] } },
{ "type": "Feature", "properties": { "element": "node", "id": 11669827700, "kind": "swimming_pool" }, "geometry": { "type": "Point", "coordinates": [ -74.1470022, 40.5414408 ] } },
{ "type": "Feature", "properties": { "element": "node", "id": 11669827701, "kind": "bathroom_furnishing" }, "geometry": { "type": "Point", "coordinates": [ -74.1471703, 40.5413336 ] } },
{ "type": "Feature", "properties": { "element": "node", "id": 11669827702, "kind": "doityourself" }, "geometry": { "type": "Point", "coordinates": [ -74.1471137, 40.541394 ] } },
{ "type": "Feature", "properties": { "element": "node", "id": 11669827703, "kind": "vacant" }, "geometry": { "type": "Point", "coordinates": [ -74.1467341, 40.541151 ] } },
{ "type": "Feature", "properties": { "element": "node", "id": 11669827706, "kind": "gift" }, "geometry": { "type": "Point", "coordinates": [ -74.1466743, 40.5412428 ] } },
{ "type": "Feature", "properties": { "element": "node", "id": 11669827707, "kind": "doityourself" }, "geometry": { "type": "Point", "coordinates": [ -74.1466232, 40.5413091 ] } },
{ "type": "Feature", "properties": { "element": "node", "id": 11669827708, "kind": "beauty" }, "geometry": { "type": "Point", "coordinates": [ -74.1464598, 40.5414772 ] } },
{ "type": "Feature", "properties": { "element": "node", "id": 11669827711, "kind": "musical_instrument" }, "geometry": { "type": "Point", "coordinates": [ -74.1461227, 40.5415241 ] } },
{ "type": "Feature", "properties": { "element": "node", "id": 11669827712, "kind": "beauty" }, "geometry": { "type": "Point", "coordinates": [ -74.1460872, 40.5415671 ] } },
{ "type": "Feature", "properties": { "element": "node", "id": 11669827713, "kind": "vacant" }, "geometry": { "type": "Point", "coordinates": [ -74.1460509, 40.5416114 ] } },
{ "type": "Feature", "properties": { "element": "node", "id": 11669827716, "kind": "clothes" }, "geometry": { "type": "Point", "coordinates": [ -74.1456662, 40.542407 ] } },
{ "type": "Feature", "properties": { "element": "node", "id": 11669827717, "kind": "car_repair" }, "geometry": { "type": "Point", "coordinates": [ -74.1460219, 40.5428609 ] } },
{ "type": "Feature", "properties": { "element": "node", "id": 11669827718, "kind": "convenience" }, "geometry": { "type": "Point", "coordinates": [ -74.1454348, 40.5425377 ] } },
{ "type": "Feature", "properties": { "element": "node", "id": 11672957204, "kind": "psychic" }, "geometry": { "type": "Point", "coordinates": [ -74.1499917, 40.5371983 ] } },
{ "type": "Feature", "properties": { "element": "node", "id": 11673390786, "kind": "deli" }, "geometry": { "type": "Point", "coordinates": [ -74.0808747, 40.6471914 ] } },
{ "type": "Feature", "properties": { "element": "node", "id": 11673717675, "kind": "vacant" }, "geometry": { "type": "Point", "coordinates": [ -74.0759871, 40.6370736 ] } },
{ "type": "Feature", "properties": { "element": "node", "id": 11673827647, "kind": "deli" }, "geometry": { "type": "Point", "coordinates": [ -74.0764769, 40.6379062 ] } },
{ "type": "Feature", "properties": { "element": "node", "id": 11682026838, "kind": "hairdresser" }, "geometry": { "type": "Point", "coordinates": [ -74.2395654, 40.5321039 ] } },
{ "type": "Feature", "properties": { "element": "node", "id": 11717261070, "kind": "bakery" }, "geometry": { "type": "Point", "coordinates": [ -74.2414014, 40.5388369 ] } },
{ "type": "Feature", "properties": { "element": "node", "id": 11725197592, "kind": "medical_supply" }, "geometry": { "type": "Point", "coordinates": [ -74.2411703, 40.5388034 ] } },
{ "type": "Feature", "properties": { "element": "node", "id": 11725197630, "kind": "bakery" }, "geometry": { "type": "Point", "coordinates": [ -74.2400959, 40.5370103 ] } },
{ "type": "Feature", "properties": { "element": "node", "id": 11725197631, "kind": "car_parts" }, "geometry": { "type": "Point", "coordinates": [ -74.2391944, 40.5366229 ] } },
{ "type": "Feature", "properties": { "element": "node", "id": 11735005069, "kind": "bakery" }, "geometry": { "type": "Point", "coordinates": [ -74.1812152, 40.597979 ] } },
{ "type": "Feature", "properties": { "element": "node", "id": 11735005070, "kind": "swimming_pool" }, "geometry": { "type": "Point", "coordinates": [ -74.1813967, 40.5978433 ] } },
{ "type": "Feature", "properties": { "element": "node", "id": 11735005071, "kind": "furniture" }, "geometry": { "type": "Point", "coordinates": [ -74.1815609, 40.5977305 ] } },
{ "type": "Feature", "properties": { "element": "node", "id": 11735005072, "kind": "clothes" }, "geometry": { "type": "Point", "coordinates": [ -74.1817352, 40.5976053 ] } },
{ "type": "Feature", "properties": { "element": "node", "id": 11735005073, "kind": "kitchen" }, "geometry": { "type": "Point", "coordinates": [ -74.1820323, 40.5978807 ] } },
{ "type": "Feature", "properties": { "element": "node", "id": 11735005074, "kind": "honey" }, "geometry": { "type": "Point", "coordinates": [ -74.181697, 40.598118 ] } },
{ "type": "Feature", "properties": { "element": "node", "id": 11735005077, "kind": "electrical" }, "geometry": { "type": "Point", "coordinates": [ -74.1809245, 40.5986831 ] } },
{ "type": "Feature", "properties": { "element": "node", "id": 11735005080, "kind": "car_repair" }, "geometry": { "type": "Point", "coordinates": [ -74.1807825, 40.5982943 ] } },
{ "type": "Feature", "properties": { "element": "node", "id": 11735005116, "kind": "convenience" }, "geometry": { "type": "Point", "coordinates": [ -74.1823918, 40.5977071 ] } },
{ "type": "Feature", "properties": { "element": "node", "id": 11735005117, "kind": "yes" }, "geometry": { "type": "Point", "coordinates": [ -74.1822988, 40.5976301 ] } },
{ "type": "Feature", "properties": { "element": "node", "id": 11735005118, "kind": "vacant" }, "geometry": { "type": "Point", "coordinates": [ -74.1822194, 40.5975666 ] } },
{ "type": "Feature", "properties": { "element": "node", "id": 11735005119, "kind": "beauty" }, "geometry": { "type": "Point", "coordinates": [ -74.1821408, 40.5975025 ] } },
{ "type": "Feature", "properties": { "element": "node", "id": 11735005120, "kind": "clothes" }, "geometry": { "type": "Point", "coordinates": [ -74.1820682, 40.597446 ] } },
{ "type": "Feature", "properties": { "element": "node", "id": 11735005121, "kind": "deli" }, "geometry": { "type": "Point", "coordinates": [ -74.1819828, 40.5973761 ] } },
{ "type": "Feature", "properties": { "element": "node", "id": 11735005122, "kind": "clothes" }, "geometry": { "type": "Point", "coordinates": [ -74.1825347, 40.5972974 ] } },
{ "type": "Feature", "properties": { "element": "node", "id": 11735005124, "kind": "doors" }, "geometry": { "type": "Point", "coordinates": [ -74.1826793, 40.5971942 ] } },
{ "type": "Feature", "properties": { "element": "node", "id": 11735005126, "kind": "hardware" }, "geometry": { "type": "Point", "coordinates": [ -74.1827704, 40.5971292 ] } },
{ "type": "Feature", "properties": { "element": "node", "id": 11735005128, "kind": "vacant" }, "geometry": { "type": "Point", "coordinates": [ -74.182582, 40.5972637 ] } },
{ "type": "Feature", "properties": { "element": "node", "id": 11735005212, "kind": "repair" }, "geometry": { "type": "Point", "coordinates": [ -74.1812102, 40.5990313 ] } },
{ "type": "Feature", "properties": { "element": "node", "id": 11735005214, "kind": "car_repair" }, "geometry": { "type": "Point", "coordinates": [ -74.1814349, 40.5992122 ] } },
{ "type": "Feature", "properties": { "element": "node", "id": 11735005219, "kind": "doityourself" }, "geometry": { "type": "Point", "coordinates": [ -74.1821588, 40.5987118 ] } },
{ "type": "Feature", "properties": { "element": "node", "id": 11735005220, "kind": "car" }, "geometry": { "type": "Point", "coordinates": [ -74.1818022, 40.5989825 ] } },
{ "type": "Feature", "properties": { "element": "node", "id": 11787457537, "kind": "convenience" }, "geometry": { "type": "Point", "coordinates": [ -74.1840629, 40.5655086 ] } },
{ "type": "Feature", "properties": { "element": "node", "id": 11819518119, "kind": "convenience" }, "geometry": { "type": "Point", "coordinates": [ -74.0834567, 40.6229329 ] } },
{ "type": "Feature", "properties": { "element": "node", "id": 11822765808, "kind": "clothes" }, "geometry": { "type": "Point", "coordinates": [ -74.1626139, 40.5937661 ] } },
{ "type": "Feature", "properties": { "element": "node", "id": 11874588936, "kind": "supermarket" }, "geometry": { "type": "Point", "coordinates": [ -74.0756887, 40.6379355 ] } },
{ "type": "Feature", "properties": { "element": "node", "id": 11874619621, "kind": "convenience" }, "geometry": { "type": "Point", "coordinates": [ -74.0773423, 40.6380194 ] } },
{ "type": "Feature", "properties": { "element": "node", "id": 11874635319, "kind": "clothes" }, "geometry": { "type": "Point", "coordinates": [ -74.0743659, 40.6437577 ] } },
{ "type": "Feature", "properties": { "element": "node", "id": 11874906539, "kind": "convenience" }, "geometry": { "type": "Point", "coordinates": [ -74.0855292, 40.6340226 ] } },
{ "type": "Feature", "properties": { "element": "node", "id": 11882575222, "kind": "convenience" }, "geometry": { "type": "Point", "coordinates": [ -74.0857417, 40.6341719 ] } },
{ "type": "Feature", "properties": { "element": "node", "id": 11882575223, "kind": "variety_store" }, "geometry": { "type": "Point", "coordinates": [ -74.0857949, 40.6341065 ] } },
{ "type": "Feature", "properties": { "element": "node", "id": 11882575226, "kind": "convenience" }, "geometry": { "type": "Point", "coordinates": [ -74.0857336, 40.6337536 ] } },
{ "type": "Feature", "properties": { "element": "node", "id": 11882575229, "kind": "convenience" }, "geometry": { "type": "Point", "coordinates": [ -74.0860437, 40.6337938 ] } },
{ "type": "Feature", "properties": { "element": "node", "id": 11882575231, "kind": "hairdresser" }, "geometry": { "type": "Point", "coordinates": [ -74.0857992, 40.6336829 ] } },
{ "type": "Feature", "properties": { "element": "node", "id": 11882575253, "kind": "convenience" }, "geometry": { "type": "Point", "coordinates": [ -74.0861546, 40.6336689 ] } },
{ "type": "Feature", "properties": { "element": "node", "id": 11882575255, "kind": "beauty" }, "geometry": { "type": "Point", "coordinates": [ -74.0862491, 40.6335493 ] } },
{ "type": "Feature", "properties": { "element": "node", "id": 11882575256, "kind": "alcohol" }, "geometry": { "type": "Point", "coordinates": [ -74.0862934, 40.6334881 ] } },
{ "type": "Feature", "properties": { "element": "node", "id": 11882575258, "kind": "second_hand" }, "geometry": { "type": "Point", "coordinates": [ -74.0867651, 40.6324799 ] } },
{ "type": "Feature", "properties": { "element": "node", "id": 11882575261, "kind": "deli" }, "geometry": { "type": "Point", "coordinates": [ -74.0868584, 40.632379 ] } },
{ "type": "Feature", "properties": { "element": "node", "id": 11882575263, "kind": "e-cigarette" }, "geometry": { "type": "Point", "coordinates": [ -74.0854786, 40.6340787 ] } },
{ "type": "Feature", "properties": { "element": "node", "id": 11882668569, "kind": "furniture" }, "geometry": { "type": "Point", "coordinates": [ -74.0852836, 40.6342877 ] } },
{ "type": "Feature", "properties": { "element": "node", "id": 11882668574, "kind": "vacant" }, "geometry": { "type": "Point", "coordinates": [ -74.085254, 40.6343256 ] } },
{ "type": "Feature", "properties": { "element": "node", "id": 11882668575, "kind": "restaurant_supply" }, "geometry": { "type": "Point", "coordinates": [ -74.0851328, 40.6349437 ] } },
{ "type": "Feature", "properties": { "element": "node", "id": 11882668580, "kind": "car_repair" }, "geometry": { "type": "Point", "coordinates": [ -74.083942, 40.6355098 ] } },
{ "type": "Feature", "properties": { "element": "node", "id": 11969297351, "kind": "deli" }, "geometry": { "type": "Point", "coordinates": [ -74.1524831, 40.5564063 ] } },
{ "type": "Feature", "properties": { "element": "node", "id": 11999102204, "kind": "funeral_directors" }, "geometry": { "type": "Point", "coordinates": [ -74.1164004, 40.5642725 ] } },
{ "type": "Feature", "properties": { "element": "node", "id": 12012951318, "kind": "stationery" }, "geometry": { "type": "Point", "coordinates": [ -74.0960965, 40.5837822 ] } },
{ "type": "Feature", "properties": { "element": "node", "id": 12012951319, "kind": "car" }, "geometry": { "type": "Point", "coordinates": [ -74.0952642, 40.5841969 ] } },
{ "type": "Feature", "properties": { "element": "node", "id": 12013002092, "kind": "beauty" }, "geometry": { "type": "Point", "coordinates": [ -74.0971136, 40.5832328 ] } },
{ "type": "Feature", "properties": { "element": "node", "id": 12013002093, "kind": "dry_cleaning" }, "geometry": { "type": "Point", "coordinates": [ -74.0970516, 40.5831878 ] } },
{ "type": "Feature", "properties": { "element": "node", "id": 12013002094, "kind": "beauty" }, "geometry": { "type": "Point", "coordinates": [ -74.096978, 40.5831384 ] } },
{ "type": "Feature", "properties": { "element": "node", "id": 12013002102, "kind": "swimming_pool" }, "geometry": { "type": "Point", "coordinates": [ -74.0956401, 40.5830441 ] } },
{ "type": "Feature", "properties": { "element": "node", "id": 12013002105, "kind": "hairdresser" }, "geometry": { "type": "Point", "coordinates": [ -74.0955147, 40.5831775 ] } },
{ "type": "Feature", "properties": { "element": "node", "id": 12013002106, "kind": "supermarket" }, "geometry": { "type": "Point", "coordinates": [ -74.0952747, 40.5831762 ] } },
{ "type": "Feature", "properties": { "element": "node", "id": 12013002108, "kind": "deli" }, "geometry": { "type": "Point", "coordinates": [ -74.0951945, 40.583243 ] } },
{ "type": "Feature", "properties": { "element": "node", "id": 12013002110, "kind": "beauty" }, "geometry": { "type": "Point", "coordinates": [ -74.0951404, 40.5832789 ] } },
{ "type": "Feature", "properties": { "element": "node", "id": 12013002112, "kind": "convenience" }, "geometry": { "type": "Point", "coordinates": [ -74.0948884, 40.5835526 ] } },
{ "type": "Feature", "properties": { "element": "node", "id": 12013002113, "kind": "car_repair" }, "geometry": { "type": "Point", "coordinates": [ -74.0947439, 40.5834903 ] } },
{ "type": "Feature", "properties": { "element": "node", "id": 12013002114, "kind": "e-cigarette" }, "geometry": { "type": "Point", "coordinates": [ -74.0944997, 40.5837674 ] } },
{ "type": "Feature", "properties": { "element": "node", "id": 12013002115, "kind": "mobile_phone" }, "geometry": { "type": "Point", "coordinates": [ -74.0943602, 40.5838703 ] } },
{ "type": "Feature", "properties": { "element": "node", "id": 12013002116, "kind": "alcohol" }, "geometry": { "type": "Point", "coordinates": [ -74.0944072, 40.5838214 ] } },
{ "type": "Feature", "properties": { "element": "node", "id": 12013002117, "kind": "gift" }, "geometry": { "type": "Point", "coordinates": [ -74.094599, 40.5837847 ] } },
{ "type": "Feature", "properties": { "element": "node", "id": 12013002118, "kind": "beauty" }, "geometry": { "type": "Point", "coordinates": [ -74.094662, 40.5838173 ] } },
{ "type": "Feature", "properties": { "element": "node", "id": 12013171280, "kind": "dry_cleaning" }, "geometry": { "type": "Point", "coordinates": [ -74.0944235, 40.5841943 ] } },
{ "type": "Feature", "properties": { "element": "node", "id": 12013171284, "kind": "e-cigarette" }, "geometry": { "type": "Point", "coordinates": [ -74.0942096, 40.5843592 ] } },
{ "type": "Feature", "properties": { "element": "node", "id": 12013171285, "kind": "appliance" }, "geometry": { "type": "Point", "coordinates": [ -74.0941298, 40.5844215 ] } },
{ "type": "Feature", "properties": { "element": "node", "id": 12013171286, "kind": "tattoo" }, "geometry": { "type": "Point", "coordinates": [ -74.0938711, 40.5844578 ] } },
{ "type": "Feature", "properties": { "element": "node", "id": 12013171292, "kind": "copyshop" }, "geometry": { "type": "Point", "coordinates": [ -74.0934807, 40.5848626 ] } },
{ "type": "Feature", "properties": { "element": "node", "id": 12013171296, "kind": "health_food" }, "geometry": { "type": "Point", "coordinates": [ -74.0938362, 40.5851362 ] } },
{ "type": "Feature", "properties": { "element": "node", "id": 12013171303, "kind": "garden_centre" }, "geometry": { "type": "Point", "coordinates": [ -74.0931348, 40.5849404 ] } },
{ "type": "Feature", "properties": { "element": "node", "id": 12013171304, "kind": "deli" }, "geometry": { "type": "Point", "coordinates": [ -74.0928, 40.5852691 ] } },
{ "type": "Feature", "properties": { "element": "node", "id": 12013171306, "kind": "jewelry" }, "geometry": { "type": "Point", "coordinates": [ -74.0926367, 40.5854353 ] } },
{ "type": "Feature", "properties": { "element": "node", "id": 12013171307, "kind": "clothes" }, "geometry": { "type": "Point", "coordinates": [ -74.0926017, 40.5854756 ] } },
{ "type": "Feature", "properties": { "element": "node", "id": 12013171308, "kind": "beauty" }, "geometry": { "type": "Point", "coordinates": [ -74.0925378, 40.5855495 ] } },
{ "type": "Feature", "properties": { "element": "node", "id": 12013171313, "kind": "deli" }, "geometry": { "type": "Point", "coordinates": [ -74.0933973, 40.5854802 ] } },
{ "type": "Feature", "properties": { "element": "node", "id": 12026550379, "kind": "beauty" }, "geometry": { "type": "Point", "coordinates": [ -74.1095742, 40.5654477 ] } },
{ "type": "Feature", "properties": { "element": "node", "id": 12026550383, "kind": "mobile_phone" }, "geometry": { "type": "Point", "coordinates": [ -74.1107313, 40.569042 ] } },
{ "type": "Feature", "properties": { "element": "node", "id": 12026550384, "kind": "vacant" }, "geometry": { "type": "Point", "coordinates": [ -74.1105995, 40.5692743 ] } },
{ "type": "Feature", "properties": { "element": "node", "id": 12026550385, "kind": "vacant" }, "geometry": { "type": "Point", "coordinates": [ -74.1100471, 40.5697762 ] } },
{ "type": "Feature", "properties": { "element": "node", "id": 12026550386, "kind": "vacant" }, "geometry": { "type": "Point", "coordinates": [ -74.109875, 40.5696916 ] } },
{ "type": "Feature", "properties": { "element": "node", "id": 12026550388, "kind": "department_store" }, "geometry": { "type": "Point", "coordinates": [ -74.109518, 40.5695001 ] } },
{ "type": "Feature", "properties": { "element": "node", "id": 12080227779, "kind": "garden_centre" }, "geometry": { "type": "Point", "coordinates": [ -74.1986509, 40.5585382 ] } },
{ "type": "Feature", "properties": { "element": "node", "id": 12089856313, "kind": "variety_store" }, "geometry": { "type": "Point", "coordinates": [ -74.1405451, 40.6248 ] } },
{ "type": "Feature", "properties": { "element": "node", "id": 12093577793, "kind": "car_repair" }, "geometry": { "type": "Point", "coordinates": [ -74.1278724, 40.6344991 ] } },
{ "type": "Feature", "properties": { "element": "node", "id": 12093603319, "kind": "car_repair" }, "geometry": { "type": "Point", "coordinates": [ -74.1284012, 40.6341347 ] } },
{ "type": "Feature", "properties": { "element": "node", "id": 12093603321, "kind": "car_repair" }, "geometry": { "type": "Point", "coordinates": [ -74.1287298, 40.6344354 ] } },
{ "type": "Feature", "properties": { "element": "node", "id": 12093603322, "kind": "car_repair" }, "geometry": { "type": "Point", "coordinates": [ -74.1289157, 40.6342219 ] } },
{ "type": "Feature", "properties": { "element": "node", "id": 12093603328, "kind": "car_repair" }, "geometry": { "type": "Point", "coordinates": [ -74.1273747, 40.6354093 ] } },
{ "type": "Feature", "properties": { "element": "node", "id": 12093603329, "kind": "car_repair" }, "geometry": { "type": "Point", "coordinates": [ -74.1281434, 40.6355441 ] } },
{ "type": "Feature", "properties": { "element": "node", "id": 12093603330, "kind": "car_repair" }, "geometry": { "type": "Point", "coordinates": [ -74.1276359, 40.6356315 ] } },
{ "type": "Feature", "properties": { "element": "node", "id": 12093603331, "kind": "car_repair" }, "geometry": { "type": "Point", "coordinates": [ -74.1275313, 40.6358166 ] } },
{ "type": "Feature", "properties": { "element": "node", "id": 12093603332, "kind": "car_repair" }, "geometry": { "type": "Point", "coordinates": [ -74.1277712, 40.6360557 ] } },
{ "type": "Feature", "properties": { "element": "node", "id": 12093603333, "kind": "car_repair" }, "geometry": { "type": "Point", "coordinates": [ -74.127688, 40.6365079 ] } },
{ "type": "Feature", "properties": { "element": "node", "id": 12093603334, "kind": "clothes" }, "geometry": { "type": "Point", "coordinates": [ -74.1276816, 40.6365887 ] } },
{ "type": "Feature", "properties": { "element": "node", "id": 12093603336, "kind": "car_parts" }, "geometry": { "type": "Point", "coordinates": [ -74.1280988, 40.636726 ] } },
{ "type": "Feature", "properties": { "element": "node", "id": 12093603337, "kind": "car_repair" }, "geometry": { "type": "Point", "coordinates": [ -74.1280272, 40.6370469 ] } },
{ "type": "Feature", "properties": { "element": "node", "id": 12093603338, "kind": "car_repair" }, "geometry": { "type": "Point", "coordinates": [ -74.1280719, 40.6370979 ] } },
{ "type": "Feature", "properties": { "element": "node", "id": 12093603339, "kind": "car_repair" }, "geometry": { "type": "Point", "coordinates": [ -74.1281671, 40.6370959 ] } },
{ "type": "Feature", "properties": { "element": "node", "id": 12093603340, "kind": "car_repair" }, "geometry": { "type": "Point", "coordinates": [ -74.1282409, 40.6370999 ] } },
{ "type": "Feature", "properties": { "element": "node", "id": 12093603342, "kind": "car_repair" }, "geometry": { "type": "Point", "coordinates": [ -74.1264687, 40.6369219 ] } },
{ "type": "Feature", "properties": { "element": "node", "id": 12093603344, "kind": "car_repair" }, "geometry": { "type": "Point", "coordinates": [ -74.1268215, 40.6363913 ] } },
{ "type": "Feature", "properties": { "element": "node", "id": 12093603345, "kind": "car_repair" }, "geometry": { "type": "Point", "coordinates": [ -74.1269435, 40.6366884 ] } },
{ "type": "Feature", "properties": { "element": "node", "id": 12093603347, "kind": "car_repair" }, "geometry": { "type": "Point", "coordinates": [ -74.1281622, 40.6361921 ] } },
{ "type": "Feature", "properties": { "element": "node", "id": 12093603383, "kind": "car_repair" }, "geometry": { "type": "Point", "coordinates": [ -74.126702, 40.6335014 ] } },
{ "type": "Feature", "properties": { "element": "node", "id": 12093603384, "kind": "convenience" }, "geometry": { "type": "Point", "coordinates": [ -74.1258309, 40.6339839 ] } },
{ "type": "Feature", "properties": { "element": "node", "id": 12093603385, "kind": "laundry" }, "geometry": { "type": "Point", "coordinates": [ -74.1256669, 40.6339982 ] } },
{ "type": "Feature", "properties": { "element": "node", "id": 12093603387, "kind": "car_repair" }, "geometry": { "type": "Point", "coordinates": [ -74.1247961, 40.6338158 ] } },
{ "type": "Feature", "properties": { "element": "node", "id": 12093603390, "kind": "convenience" }, "geometry": { "type": "Point", "coordinates": [ -74.1245644, 40.6340772 ] } },
{ "type": "Feature", "properties": { "element": "node", "id": 12093603392, "kind": "interior_decoration" }, "geometry": { "type": "Point", "coordinates": [ -74.1243762, 40.6340966 ] } },
{ "type": "Feature", "properties": { "element": "node", "id": 12093603394, "kind": "hairdresser" }, "geometry": { "type": "Point", "coordinates": [ -74.1243592, 40.633873 ] } },
{ "type": "Feature", "properties": { "element": "node", "id": 12093603397, "kind": "laundry" }, "geometry": { "type": "Point", "coordinates": [ -74.1240073, 40.633896 ] } },
{ "type": "Feature", "properties": { "element": "node", "id": 12096027033, "kind": "car" }, "geometry": { "type": "Point", "coordinates": [ -74.0976822, 40.5814103 ] } },
{ "type": "Feature", "properties": { "element": "node", "id": 12097736883, "kind": "garden_centre" }, "geometry": { "type": "Point", "coordinates": [ -74.0937061, 40.6449433 ] } },
{ "type": "Feature", "properties": { "element": "node", "id": 12099306989, "kind": "dry_cleaning" }, "geometry": { "type": "Point", "coordinates": [ -74.1588686, 40.6120518 ] } },
{ "type": "Feature", "properties": { "element": "node", "id": 12099406183, "kind": "garden_centre" }, "geometry": { "type": "Point", "coordinates": [ -74.1689773, 40.6281645 ] } },
{ "type": "Feature", "properties": { "element": "node", "id": 12110664009, "kind": "car_repair" }, "geometry": { "type": "Point", "coordinates": [ -74.123215, 40.638935 ] } },
{ "type": "Feature", "properties": { "element": "node", "id": 12110664010, "kind": "fuel" }, "geometry": { "type": "Point", "coordinates": [ -74.1225337, 40.6386416 ] } },
{ "type": "Feature", "properties": { "element": "node", "id": 12110664011, "kind": "car_repair" }, "geometry": { "type": "Point", "coordinates": [ -74.1217984, 40.6394988 ] } },
{ "type": "Feature", "properties": { "element": "node", "id": 12110664012, "kind": "car_repair" }, "geometry": { "type": "Point", "coordinates": [ -74.1216884, 40.6396057 ] } },
{ "type": "Feature", "properties": { "element": "node", "id": 12110664013, "kind": "car_repair" }, "geometry": { "type": "Point", "coordinates": [ -74.1215047, 40.6396993 ] } },
{ "type": "Feature", "properties": { "element": "node", "id": 12110664014, "kind": "car_repair" }, "geometry": { "type": "Point", "coordinates": [ -74.1213659, 40.6398306 ] } },
{ "type": "Feature", "properties": { "element": "node", "id": 12125571715, "kind": "convenience" }, "geometry": { "type": "Point", "coordinates": [ -74.1302333, 40.630733 ] } },
{ "type": "Feature", "properties": { "element": "node", "id": 12125571767, "kind": "car_repair" }, "geometry": { "type": "Point", "coordinates": [ -74.1280596, 40.6293565 ] } },
{ "type": "Feature", "properties": { "element": "node", "id": 12146821245, "kind": "car_repair" }, "geometry": { "type": "Point", "coordinates": [ -74.1166826, 40.5745068 ] } },
{ "type": "Feature", "properties": { "element": "node", "id": 12160492395, "kind": "convenience" }, "geometry": { "type": "Point", "coordinates": [ -74.0874017, 40.6127915 ] } },
{ "type": "Feature", "properties": { "element": "node", "id": 12162469550, "kind": "beauty" }, "geometry": { "type": "Point", "coordinates": [ -74.1632507, 40.5930711 ] } },
{ "type": "Feature", "properties": { "element": "node", "id": 12166019962, "kind": "convenience" }, "geometry": { "type": "Point", "coordinates": [ -74.1250124, 40.6125145 ] } },
{ "type": "Feature", "properties": { "element": "node", "id": 12166092018, "kind": "hardware" }, "geometry": { "type": "Point", "coordinates": [ -74.1244863, 40.6133659 ] } },
{ "type": "Feature", "properties": { "element": "node", "id": 12168864129, "kind": "beauty" }, "geometry": { "type": "Point", "coordinates": [ -74.0914113, 40.5875816 ] } },
{ "type": "Feature", "properties": { "element": "node", "id": 12168864133, "kind": "beauty" }, "geometry": { "type": "Point", "coordinates": [ -74.0911659, 40.5878717 ] } },
{ "type": "Feature", "properties": { "element": "node", "id": 12168864137, "kind": "beauty" }, "geometry": { "type": "Point", "coordinates": [ -74.090384, 40.5880402 ] } },
{ "type": "Feature", "properties": { "element": "node", "id": 12168864140, "kind": "aquarium_supplies" }, "geometry": { "type": "Point", "coordinates": [ -74.0905041, 40.5879078 ] } },
{ "type": "Feature", "properties": { "element": "node", "id": 12168864141, "kind": "hairdresser" }, "geometry": { "type": "Point", "coordinates": [ -74.0904655, 40.5879571 ] } },
{ "type": "Feature", "properties": { "element": "node", "id": 12168864142, "kind": "hairdresser" }, "geometry": { "type": "Point", "coordinates": [ -74.0907254, 40.5877899 ] } },
{ "type": "Feature", "properties": { "element": "node", "id": 12168871904, "kind": "car_repair" }, "geometry": { "type": "Point", "coordinates": [ -74.0899728, 40.5885363 ] } },
{ "type": "Feature", "properties": { "element": "node", "id": 12168871905, "kind": "car" }, "geometry": { "type": "Point", "coordinates": [ -74.0899014, 40.5886761 ] } },
{ "type": "Feature", "properties": { "element": "node", "id": 12168871906, "kind": "car" }, "geometry": { "type": "Point", "coordinates": [ -74.088876, 40.5895866 ] } },
{ "type": "Feature", "properties": { "element": "node", "id": 12168871907, "kind": "car" }, "geometry": { "type": "Point", "coordinates": [ -74.0886732, 40.589815 ] } },
{ "type": "Feature", "properties": { "element": "node", "id": 12168871908, "kind": "car" }, "geometry": { "type": "Point", "coordinates": [ -74.0893119, 40.5901102 ] } },
{ "type": "Feature", "properties": { "element": "node", "id": 12168871909, "kind": "car" }, "geometry": { "type": "Point", "coordinates": [ -74.0894623, 40.5899061 ] } },
{ "type": "Feature", "properties": { "element": "node", "id": 12168871911, "kind": "car_repair" }, "geometry": { "type": "Point", "coordinates": [ -74.0904093, 40.5889038 ] } },
{ "type": "Feature", "properties": { "element": "node", "id": 12168871944, "kind": "convenience" }, "geometry": { "type": "Point", "coordinates": [ -74.0916372, 40.5867621 ] } },
{ "type": "Feature", "properties": { "element": "node", "id": 12168871946, "kind": "appliance" }, "geometry": { "type": "Point", "coordinates": [ -74.0915289, 40.5867675 ] } },
{ "type": "Feature", "properties": { "element": "node", "id": 12168871947, "kind": "bakery" }, "geometry": { "type": "Point", "coordinates": [ -74.0915626, 40.5868485 ] } },
{ "type": "Feature", "properties": { "element": "node", "id": 12168871948, "kind": "beauty" }, "geometry": { "type": "Point", "coordinates": [ -74.091528, 40.5868898 ] } },
{ "type": "Feature", "properties": { "element": "node", "id": 12168871950, "kind": "clothes" }, "geometry": { "type": "Point", "coordinates": [ -74.092141, 40.586035 ] } },
{ "type": "Feature", "properties": { "element": "node", "id": 12168871951, "kind": "hairdresser" }, "geometry": { "type": "Point", "coordinates": [ -74.0921773, 40.5859953 ] } },
{ "type": "Feature", "properties": { "element": "node", "id": 12168871952, "kind": "beauty" }, "geometry": { "type": "Point", "coordinates": [ -74.0920768, 40.5860017 ] } },
{ "type": "Feature", "properties": { "element": "node", "id": 12168871954, "kind": "hairdresser" }, "geometry": { "type": "Point", "coordinates": [ -74.092212, 40.5859542 ] } },
{ "type": "Feature", "properties": { "element": "node", "id": 12173774614, "kind": "car" }, "geometry": { "type": "Point", "coordinates": [ -74.083931, 40.5981229 ] } },
{ "type": "Feature", "properties": { "element": "node", "id": 12173774615, "kind": "car" }, "geometry": { "type": "Point", "coordinates": [ -74.083659, 40.5974694 ] } },
{ "type": "Feature", "properties": { "element": "node", "id": 12173774616, "kind": "car" }, "geometry": { "type": "Point", "coordinates": [ -74.0832072, 40.5977885 ] } },
{ "type": "Feature", "properties": { "element": "node", "id": 12173774618, "kind": "car" }, "geometry": { "type": "Point", "coordinates": [ -74.0841162, 40.5980602 ] } },
{ "type": "Feature", "properties": { "element": "node", "id": 12173774619, "kind": "car" }, "geometry": { "type": "Point", "coordinates": [ -74.0843009, 40.5979975 ] } },
{ "type": "Feature", "properties": { "element": "node", "id": 12173774620, "kind": "car" }, "geometry": { "type": "Point", "coordinates": [ -74.0845219, 40.5978292 ] } },
{ "type": "Feature", "properties": { "element": "node", "id": 12173774621, "kind": "car" }, "geometry": { "type": "Point", "coordinates": [ -74.0848192, 40.597717 ] } },
{ "type": "Feature", "properties": { "element": "node", "id": 12173818021, "kind": "convenience" }, "geometry": { "type": "Point", "coordinates": [ -74.0703805, 40.5969415 ] } },
{ "type": "Feature", "properties": { "element": "node", "id": 12177294666, "kind": "car_repair" }, "geometry": { "type": "Point", "coordinates": [ -74.2361381, 40.5349776 ] } },
{ "type": "Feature", "properties": { "element": "node", "id": 12177294671, "kind": "car_repair" }, "geometry": { "type": "Point", "coordinates": [ -74.2358547, 40.5345941 ] } },
{ "type": "Feature", "properties": { "element": "node", "id": 12177294674, "kind": "deli" }, "geometry": { "type": "Point", "coordinates": [ -74.2368984, 40.5377099 ] } },
{ "type": "Feature", "properties": { "element": "node", "id": 12177294682, "kind": "tiles" }, "geometry": { "type": "Point", "coordinates": [ -74.2370839, 40.5379533 ] } },
{ "type": "Feature", "properties": { "element": "node", "id": 12184758089, "kind": "car_repair" }, "geometry": { "type": "Point", "coordinates": [ -74.1696609, 40.6287399 ] } },
{ "type": "Feature", "properties": { "element": "node", "id": 12186559040, "kind": "houseware" }, "geometry": { "type": "Point", "coordinates": [ -74.1131678, 40.5652369 ] } },
{ "type": "Feature", "properties": { "element": "node", "id": 12186559043, "kind": "nutrition_supplements" }, "geometry": { "type": "Point", "coordinates": [ -74.1134214, 40.56502 ] } },
{ "type": "Feature", "properties": { "element": "node", "id": 12186559044, "kind": "dry_cleaning" }, "geometry": { "type": "Point", "coordinates": [ -74.1135032, 40.5649395 ] } },
{ "type": "Feature", "properties": { "element": "node", "id": 12186559045, "kind": "copyshop" }, "geometry": { "type": "Point", "coordinates": [ -74.1138913, 40.5645384 ] } },
{ "type": "Feature", "properties": { "element": "node", "id": 12186559046, "kind": "beauty" }, "geometry": { "type": "Point", "coordinates": [ -74.1139289, 40.5645038 ] } },
{ "type": "Feature", "properties": { "element": "node", "id": 12186559047, "kind": "optician" }, "geometry": { "type": "Point", "coordinates": [ -74.1139652, 40.5644704 ] } },
{ "type": "Feature", "properties": { "element": "node", "id": 12186559048, "kind": "laundry" }, "geometry": { "type": "Point", "coordinates": [ -74.1139974, 40.5644409 ] } },
{ "type": "Feature", "properties": { "element": "node", "id": 12186559049, "kind": "window_blind" }, "geometry": { "type": "Point", "coordinates": [ -74.1141666, 40.5644097 ] } },
{ "type": "Feature", "properties": { "element": "node", "id": 12186559051, "kind": "gift" }, "geometry": { "type": "Point", "coordinates": [ -74.1137227, 40.5647162 ] } },
{ "type": "Feature", "properties": { "element": "node", "id": 12186708706, "kind": "car_repair" }, "geometry": { "type": "Point", "coordinates": [ -74.1114882, 40.5692781 ] } },
{ "type": "Feature", "properties": { "element": "node", "id": 12186768341, "kind": "paint" }, "geometry": { "type": "Point", "coordinates": [ -74.0870209, 40.5925508 ] } },
{ "type": "Feature", "properties": { "element": "node", "id": 12229917514, "kind": "outdoor" }, "geometry": { "type": "Point", "coordinates": [ -74.1259992, 40.590497 ] } },
{ "type": "Feature", "properties": { "element": "node", "id": 12285399889, "kind": "deli" }, "geometry": { "type": "Point", "coordinates": [ -74.1472108, 40.5405579 ] } },
{ "type": "Feature", "properties": { "element": "node", "id": 12285399890, "kind": "appliance" }, "geometry": { "type": "Point", "coordinates": [ -74.1474611, 40.5403067 ] } },
{ "type": "Feature", "properties": { "element": "node", "id": 12285399894, "kind": "hairdresser" }, "geometry": { "type": "Point", "coordinates": [ -74.147572, 40.5401742 ] } },
{ "type": "Feature", "properties": { "element": "node", "id": 12285399895, "kind": "hairdresser" }, "geometry": { "type": "Point", "coordinates": [ -74.1476171, 40.5401202 ] } },
{ "type": "Feature", "properties": { "element": "node", "id": 12285399896, "kind": "pet_grooming" }, "geometry": { "type": "Point", "coordinates": [ -74.1476486, 40.5400826 ] } },
{ "type": "Feature", "properties": { "element": "node", "id": 12285399897, "kind": "florist" }, "geometry": { "type": "Point", "coordinates": [ -74.1476745, 40.5400516 ] } },
{ "type": "Feature", "properties": { "element": "node", "id": 12304710573, "kind": "convenience" }, "geometry": { "type": "Point", "coordinates": [ -74.1036694, 40.6161688 ] } },
{ "type": "Feature", "properties": { "element": "node", "id": 12304752254, "kind": "convenience" }, "geometry": { "type": "Point", "coordinates": [ -74.0902528, 40.609684 ] } },
{ "type": "Feature", "properties": { "element": "node", "id": 12304752256, "kind": "convenience" }, "geometry": { "type": "Point", "coordinates": [ -74.0892539, 40.6091958 ] } },
{ "type": "Feature", "properties": { "element": "node", "id": 12304752257, "kind": "tyres" }, "geometry": { "type": "Point", "coordinates": [ -74.0891694, 40.6093606 ] } },
{ "type": "Feature", "properties": { "element": "node", "id": 12312422748, "kind": "florist" }, "geometry": { "type": "Point", "coordinates": [ -74.1632797, 40.5420536 ] } },
{ "type": "Feature", "properties": { "element": "node", "id": 12312422801, "kind": "beauty" }, "geometry": { "type": "Point", "coordinates": [ -74.1635972, 40.5421692 ] } },
{ "type": "Feature", "properties": { "element": "node", "id": 12312608054, "kind": "alcohol" }, "geometry": { "type": "Point", "coordinates": [ -74.1279128, 40.5645636 ] } },
{ "type": "Feature", "properties": { "element": "node", "id": 12312608056, "kind": "hairdresser" }, "geometry": { "type": "Point", "coordinates": [ -74.1280491, 40.5645788 ] } },
{ "type": "Feature", "properties": { "element": "node", "id": 12312608058, "kind": "hairdresser" }, "geometry": { "type": "Point", "coordinates": [ -74.1278693, 40.5649362 ] } },
{ "type": "Feature", "properties": { "element": "node", "id": 12312608059, "kind": "dry_cleaning" }, "geometry": { "type": "Point", "coordinates": [ -74.127809, 40.5649289 ] } },
{ "type": "Feature", "properties": { "element": "node", "id": 12312608062, "kind": "vacant" }, "geometry": { "type": "Point", "coordinates": [ -74.1276497, 40.5649096 ] } },
{ "type": "Feature", "properties": { "element": "node", "id": 12312608066, "kind": "beauty" }, "geometry": { "type": "Point", "coordinates": [ -74.1274815, 40.5648893 ] } },
{ "type": "Feature", "properties": { "element": "node", "id": 12312608067, "kind": "deli" }, "geometry": { "type": "Point", "coordinates": [ -74.1273987, 40.5648793 ] } },
{ "type": "Feature", "properties": { "element": "node", "id": 12312608068, "kind": "deli" }, "geometry": { "type": "Point", "coordinates": [ -74.1273071, 40.5648682 ] } },
{ "type": "Feature", "properties": { "element": "node", "id": 12312608069, "kind": "e-cigarette" }, "geometry": { "type": "Point", "coordinates": [ -74.1272296, 40.5648589 ] } },
{ "type": "Feature", "properties": { "element": "node", "id": 12312608070, "kind": "convenience" }, "geometry": { "type": "Point", "coordinates": [ -74.1267756, 40.5641116 ] } },
{ "type": "Feature", "properties": { "element": "node", "id": 12377026672, "kind": "vacant" }, "geometry": { "type": "Point", "coordinates": [ -74.1649445, 40.5441655 ] } },
{ "type": "Feature", "properties": { "element": "node", "id": 12385656270, "kind": "bakery" }, "geometry": { "type": "Point", "coordinates": [ -74.0857073, 40.5956037 ] } },
{ "type": "Feature", "properties": { "element": "node", "id": 12385656274, "kind": "supermarket" }, "geometry": { "type": "Point", "coordinates": [ -74.0868617, 40.5945635 ] } },
{ "type": "Feature", "properties": { "element": "node", "id": 12385656275, "kind": "alcohol" }, "geometry": { "type": "Point", "coordinates": [ -74.08676, 40.5947497 ] } },
{ "type": "Feature", "properties": { "element": "node", "id": 12385679374, "kind": "hairdresser" }, "geometry": { "type": "Point", "coordinates": [ -74.0862012, 40.5960239 ] } },
{ "type": "Feature", "properties": { "element": "node", "id": 12385679375, "kind": "beauty" }, "geometry": { "type": "Point", "coordinates": [ -74.0862804, 40.5960299 ] } },
{ "type": "Feature", "properties": { "element": "node", "id": 12385679581, "kind": "vacuum_cleaner" }, "geometry": { "type": "Point", "coordinates": [ -74.1410619, 40.624446 ] } },
{ "type": "Feature", "properties": { "element": "node", "id": 12385679582, "kind": "e-cigarette" }, "geometry": { "type": "Point", "coordinates": [ -74.1410028, 40.6243049 ] } },
{ "type": "Feature", "properties": { "element": "node", "id": 12385679583, "kind": "hairdresser" }, "geometry": { "type": "Point", "coordinates": [ -74.1409301, 40.6242992 ] } },
{ "type": "Feature", "properties": { "element": "node", "id": 12385679584, "kind": "vacant" }, "geometry": { "type": "Point", "coordinates": [ -74.1408144, 40.6242908 ] } },
{ "type": "Feature", "properties": { "element": "node", "id": 12385679588, "kind": "paint" }, "geometry": { "type": "Point", "coordinates": [ -74.1365683, 40.6241269 ] } },
{ "type": "Feature", "properties": { "element": "node", "id": 12385679593, "kind": "vacant" }, "geometry": { "type": "Point", "coordinates": [ -74.1362749, 40.6243553 ] } },
{ "type": "Feature", "properties": { "element": "node", "id": 12385679594, "kind": "mobile_phone" }, "geometry": { "type": "Point", "coordinates": [ -74.1362957, 40.6243944 ] } },
{ "type": "Feature", "properties": { "element": "node", "id": 12385679595, "kind": "convenience" }, "geometry": { "type": "Point", "coordinates": [ -74.1363776, 40.6244746 ] } },
{ "type": "Feature", "properties": { "element": "node", "id": 12385679596, "kind": "beauty" }, "geometry": { "type": "Point", "coordinates": [ -74.1362762, 40.624615 ] } },
{ "type": "Feature", "properties": { "element": "node", "id": 12393932371, "kind": "storage_rental" }, "geometry": { "type": "Point", "coordinates": [ -74.0923483, 40.6453094 ] } },
{ "type": "Feature", "properties": { "element": "node", "id": 12397583904, "kind": "cannabis" }, "geometry": { "type": "Point", "coordinates": [ -74.1345126, 40.6257628 ] } },
{ "type": "Feature", "properties": { "element": "node", "id": 12434267705, "kind": "mobile_phone" }, "geometry": { "type": "Point", "coordinates": [ -74.1690651, 40.5763115 ] } },
{ "type": "Feature", "properties": { "element": "node", "id": 12442196562, "kind": "sports" }, "geometry": { "type": "Point", "coordinates": [ -74.111052, 40.5671955 ] } },
{ "type": "Feature", "properties": { "element": "node", "id": 12442196564, "kind": "video_games" }, "geometry": { "type": "Point", "coordinates": [ -74.1114618, 40.5674027 ] } },
{ "type": "Feature", "properties": { "element": "node", "id": 12442353275, "kind": "beauty" }, "geometry": { "type": "Point", "coordinates": [ -74.1108091, 40.5708696 ] } },
{ "type": "Feature", "properties": { "element": "node", "id": 12443007498, "kind": "beauty" }, "geometry": { "type": "Point", "coordinates": [ -74.1171133, 40.5742571 ] } },
{ "type": "Feature", "properties": { "element": "node", "id": 12443040032, "kind": "carpet" }, "geometry": { "type": "Point", "coordinates": [ -74.1194208, 40.5761651 ] } },
{ "type": "Feature", "properties": { "element": "node", "id": 12443040033, "kind": "car_repair" }, "geometry": { "type": "Point", "coordinates": [ -74.1193279, 40.5763018 ] } },
{ "type": "Feature", "properties": { "element": "node", "id": 12445025713, "kind": "variety_store" }, "geometry": { "type": "Point", "coordinates": [ -74.0782875, 40.6266816 ] } },
{ "type": "Feature", "properties": { "element": "node", "id": 12445025714, "kind": "houseware" }, "geometry": { "type": "Point", "coordinates": [ -74.0779614, 40.6270932 ] } },
{ "type": "Feature", "properties": { "element": "node", "id": 12445025720, "kind": "deli" }, "geometry": { "type": "Point", "coordinates": [ -74.0773294, 40.6271245 ] } },
{ "type": "Feature", "properties": { "element": "node", "id": 12445025725, "kind": "jewelry" }, "geometry": { "type": "Point", "coordinates": [ -74.0763262, 40.6272304 ] } },
{ "type": "Feature", "properties": { "element": "node", "id": 12445567921, "kind": "beauty" }, "geometry": { "type": "Point", "coordinates": [ -74.1390641, 40.6314278 ] } },
{ "type": "Feature", "properties": { "element": "node", "id": 12445567922, "kind": "vacant" }, "geometry": { "type": "Point", "coordinates": [ -74.1389779, 40.6315375 ] } },
{ "type": "Feature", "properties": { "element": "node", "id": 12445567923, "kind": "laundry" }, "geometry": { "type": "Point", "coordinates": [ -74.1388672, 40.6315561 ] } },
{ "type": "Feature", "properties": { "element": "node", "id": 12445567925, "kind": "convenience" }, "geometry": { "type": "Point", "coordinates": [ -74.138667, 40.6314734 ] } },
{ "type": "Feature", "properties": { "element": "node", "id": 12445567926, "kind": "hairdresser" }, "geometry": { "type": "Point", "coordinates": [ -74.1385386, 40.6315888 ] } },
{ "type": "Feature", "properties": { "element": "node", "id": 12445567927, "kind": "money_lender" }, "geometry": { "type": "Point", "coordinates": [ -74.1384862, 40.6316426 ] } },
{ "type": "Feature", "properties": { "element": "node", "id": 12445567929, "kind": "vacant" }, "geometry": { "type": "Point", "coordinates": [ -74.1384608, 40.6313308 ] } },
{ "type": "Feature", "properties": { "element": "node", "id": 12445567930, "kind": "bakery" }, "geometry": { "type": "Point", "coordinates": [ -74.1386098, 40.6311975 ] } },
{ "type": "Feature", "properties": { "element": "node", "id": 12445567932, "kind": "deli" }, "geometry": { "type": "Point", "coordinates": [ -74.1387546, 40.6310609 ] } },
{ "type": "Feature", "properties": { "element": "node", "id": 12445567933, "kind": "car_repair" }, "geometry": { "type": "Point", "coordinates": [ -74.1391433, 40.6311699 ] } },
{ "type": "Feature", "properties": { "element": "node", "id": 12445567934, "kind": "hairdresser" }, "geometry": { "type": "Point", "coordinates": [ -74.1390765, 40.6310654 ] } },
{ "type": "Feature", "properties": { "element": "node", "id": 12445567935, "kind": "convenience" }, "geometry": { "type": "Point", "coordinates": [ -74.1391214, 40.6310195 ] } },
{ "type": "Feature", "properties": { "element": "node", "id": 12445567937, "kind": "tattoo" }, "geometry": { "type": "Point", "coordinates": [ -74.1392357, 40.6309244 ] } },
{ "type": "Feature", "properties": { "element": "node", "id": 12445567938, "kind": "hairdresser" }, "geometry": { "type": "Point", "coordinates": [ -74.1392959, 40.6308689 ] } },
{ "type": "Feature", "properties": { "element": "node", "id": 12456546128, "kind": "car_repair" }, "geometry": { "type": "Point", "coordinates": [ -74.2339318, 40.5379406 ] } },
{ "type": "Feature", "properties": { "element": "node", "id": 12456546130, "kind": "wholesale" }, "geometry": { "type": "Point", "coordinates": [ -74.2368795, 40.5389772 ] } },
{ "type": "Feature", "properties": { "element": "node", "id": 12456546144, "kind": "hairdresser" }, "geometry": { "type": "Point", "coordinates": [ -74.2348046, 40.5374277 ] } },
{ "type": "Feature", "properties": { "element": "node", "id": 12456546146, "kind": "coffee" }, "geometry": { "type": "Point", "coordinates": [ -74.2351713, 40.5370656 ] } },
{ "type": "Feature", "properties": { "element": "node", "id": 12456546147, "kind": "tyres" }, "geometry": { "type": "Point", "coordinates": [ -74.235516, 40.5371272 ] } },
{ "type": "Feature", "properties": { "element": "node", "id": 12456546150, "kind": "car_repair" }, "geometry": { "type": "Point", "coordinates": [ -74.2355823, 40.5378715 ] } },
{ "type": "Feature", "properties": { "element": "node", "id": 12456546151, "kind": "bakery" }, "geometry": { "type": "Point", "coordinates": [ -74.2376563, 40.5379546 ] } },
{ "type": "Feature", "properties": { "element": "node", "id": 12456546152, "kind": "clothes" }, "geometry": { "type": "Point", "coordinates": [ -74.2375831, 40.537943 ] } },
{ "type": "Feature", "properties": { "element": "node", "id": 12456546157, "kind": "pet_grooming" }, "geometry": { "type": "Point", "coordinates": [ -74.2370544, 40.5381551 ] } },
{ "type": "Feature", "properties": { "element": "node", "id": 12456546161, "kind": "vacant" }, "geometry": { "type": "Point", "coordinates": [ -74.2370667, 40.5367094 ] } },
{ "type": "Feature", "properties": { "element": "node", "id": 12456546162, "kind": "hifi" }, "geometry": { "type": "Point", "coordinates": [ -74.2364999, 40.5354666 ] } },
{ "type": "Feature", "properties": { "element": "node", "id": 12456546163, "kind": "musical_instrument" }, "geometry": { "type": "Point", "coordinates": [ -74.2365078, 40.5354094 ] } },
{ "type": "Feature", "properties": { "element": "node", "id": 12456546165, "kind": "baby_goods" }, "geometry": { "type": "Point", "coordinates": [ -74.2373467, 40.5348801 ] } },
{ "type": "Feature", "properties": { "element": "node", "id": 12456546172, "kind": "car_repair" }, "geometry": { "type": "Point", "coordinates": [ -74.2393194, 40.5353964 ] } },
{ "type": "Feature", "properties": { "element": "node", "id": 12456546173, "kind": "beauty" }, "geometry": { "type": "Point", "coordinates": [ -74.2394182, 40.5353528 ] } },
{ "type": "Feature", "properties": { "element": "node", "id": 12456546174, "kind": "wholesale" }, "geometry": { "type": "Point", "coordinates": [ -74.2393946, 40.5354452 ] } },
{ "type": "Feature", "properties": { "element": "node", "id": 12456546183, "kind": "car_repair" }, "geometry": { "type": "Point", "coordinates": [ -74.2365841, 40.5286036 ] } },
{ "type": "Feature", "properties": { "element": "node", "id": 12456546187, "kind": "florist" }, "geometry": { "type": "Point", "coordinates": [ -74.2359381, 40.5283302 ] } },
{ "type": "Feature", "properties": { "element": "node", "id": 12466133540, "kind": "convenience" }, "geometry": { "type": "Point", "coordinates": [ -74.1942868, 40.5892027 ] } },
{ "type": "Feature", "properties": { "element": "node", "id": 12507644572, "kind": "florist" }, "geometry": { "type": "Point", "coordinates": [ -74.1650161, 40.5447773 ] } },
{ "type": "Feature", "properties": { "element": "node", "id": 12507783547, "kind": "pet_grooming" }, "geometry": { "type": "Point", "coordinates": [ -74.1489935, 40.5392971 ] } },
{ "type": "Feature", "properties": { "element": "node", "id": 12507783548, "kind": "beauty" }, "geometry": { "type": "Point", "coordinates": [ -74.1490233, 40.5392607 ] } },
{ "type": "Feature", "properties": { "element": "node", "id": 12507783566, "kind": "fireplace" }, "geometry": { "type": "Point", "coordinates": [ -74.1487722, 40.5393225 ] } },
{ "type": "Feature", "properties": { "element": "node", "id": 12507783567, "kind": "locksmith" }, "geometry": { "type": "Point", "coordinates": [ -74.1487428, 40.5393535 ] } },
{ "type": "Feature", "properties": { "element": "node", "id": 12507783570, "kind": "tyres" }, "geometry": { "type": "Point", "coordinates": [ -74.1482403, 40.5399828 ] } },
{ "type": "Feature", "properties": { "element": "node", "id": 12507802138, "kind": "chemist" }, "geometry": { "type": "Point", "coordinates": [ -74.1523014, 40.5495833 ] } },
{ "type": "Feature", "properties": { "element": "node", "id": 12507802139, "kind": "supermarket" }, "geometry": { "type": "Point", "coordinates": [ -74.1515751, 40.5496062 ] } },
{ "type": "Feature", "properties": { "element": "node", "id": 12532416518, "kind": "clothes" }, "geometry": { "type": "Point", "coordinates": [ -74.1100133, 40.6348175 ] } },
{ "type": "Feature", "properties": { "element": "node", "id": 12539963618, "kind": "car" }, "geometry": { "type": "Point", "coordinates": [ -74.194038, 40.5876744 ] } },
{ "type": "Feature", "properties": { "element": "node", "id": 12540015999, "kind": "storage_rental" }, "geometry": { "type": "Point", "coordinates": [ -74.2160141, 40.5542484 ] } },
{ "type": "Feature", "properties": { "element": "node", "id": 12540054201, "kind": "plumbing_supply" }, "geometry": { "type": "Point", "coordinates": [ -74.2114707, 40.5564359 ] } },
{ "type": "Feature", "properties": { "element": "node", "id": 12544896780, "kind": "money_lender" }, "geometry": { "type": "Point", "coordinates": [ -74.177649, 40.6122475 ] } },
{ "type": "Feature", "properties": { "element": "node", "id": 12544945018, "kind": "supermarket" }, "geometry": { "type": "Point", "coordinates": [ -74.0713668, 40.611934 ] } },
{ "type": "Feature", "properties": { "element": "node", "id": 12559586931, "kind": "copyshop" }, "geometry": { "type": "Point", "coordinates": [ -74.1475648, 40.6236411 ] } },
{ "type": "Feature", "properties": { "element": "node", "id": 12559586933, "kind": "car_repair" }, "geometry": { "type": "Point", "coordinates": [ -74.1500929, 40.6254342 ] } },
{ "type": "Feature", "properties": { "element": "node", "id": 12559820331, "kind": "beauty" }, "geometry": { "type": "Point", "coordinates": [ -74.2341777, 40.5169139 ] } },
{ "type": "Feature", "properties": { "element": "node", "id": 12559820333, "kind": "deli" }, "geometry": { "type": "Point", "coordinates": [ -74.2336191, 40.5172095 ] } },
{ "type": "Feature", "properties": { "element": "node", "id": 12559820334, "kind": "bakery" }, "geometry": { "type": "Point", "coordinates": [ -74.2368747, 40.5216226 ] } },
{ "type": "Feature", "properties": { "element": "node", "id": 12599404537, "kind": "clothes" }, "geometry": { "type": "Point", "coordinates": [ -74.0751353, 40.6445745 ] } },
{ "type": "Feature", "properties": { "element": "node", "id": 12599404538, "kind": "clothes" }, "geometry": { "type": "Point", "coordinates": [ -74.0748511, 40.6435842 ] } },
{ "type": "Feature", "properties": { "element": "node", "id": 12614121405, "kind": "convenience" }, "geometry": { "type": "Point", "coordinates": [ -74.2485313, 40.5105642 ] } },
{ "type": "Feature", "properties": { "element": "node", "id": 12614283222, "kind": "wholesale" }, "geometry": { "type": "Point", "coordinates": [ -74.2281523, 40.5309244 ] } },
{ "type": "Feature", "properties": { "element": "node", "id": 12634032972, "kind": "supermarket" }, "geometry": { "type": "Point", "coordinates": [ -74.0994607, 40.6122182 ] } },
{ "type": "Feature", "properties": { "element": "node", "id": 12634538040, "kind": "beauty" }, "geometry": { "type": "Point", "coordinates": [ -74.0845278, 40.5971071 ] } },
{ "type": "Feature", "properties": { "element": "node", "id": 12634538043, "kind": "jewelry" }, "geometry": { "type": "Point", "coordinates": [ -74.0842509, 40.5972051 ] } },
{ "type": "Feature", "properties": { "element": "node", "id": 12634538044, "kind": "clothes" }, "geometry": { "type": "Point", "coordinates": [ -74.0841887, 40.5972271 ] } },
{ "type": "Feature", "properties": { "element": "node", "id": 12634538045, "kind": "e-cigarette" }, "geometry": { "type": "Point", "coordinates": [ -74.0841052, 40.5971821 ] } },
{ "type": "Feature", "properties": { "element": "node", "id": 12634538046, "kind": "hairdresser" }, "geometry": { "type": "Point", "coordinates": [ -74.0841706, 40.5971598 ] } },
{ "type": "Feature", "properties": { "element": "node", "id": 12634538047, "kind": "hairdresser" }, "geometry": { "type": "Point", "coordinates": [ -74.0842349, 40.5971379 ] } },
{ "type": "Feature", "properties": { "element": "node", "id": 12634538051, "kind": "beauty" }, "geometry": { "type": "Point", "coordinates": [ -74.084486, 40.5970523 ] } },
{ "type": "Feature", "properties": { "element": "node", "id": 12636127694, "kind": "hairdresser" }, "geometry": { "type": "Point", "coordinates": [ -74.1092824, 40.6299205 ] } },
{ "type": "Feature", "properties": { "element": "node", "id": 12636170001, "kind": "locksmith" }, "geometry": { "type": "Point", "coordinates": [ -74.1098746, 40.6300956 ] } },
{ "type": "Feature", "properties": { "element": "node", "id": 12663624913, "kind": "funeral_directors" }, "geometry": { "type": "Point", "coordinates": [ -74.1084866, 40.6303601 ] } },
{ "type": "Feature", "properties": { "element": "node", "id": 12677124366, "kind": "convenience" }, "geometry": { "type": "Point", "coordinates": [ -74.0852425, 40.5964457 ] } },
{ "type": "Feature", "properties": { "element": "node", "id": 12677124367, "kind": "beauty" }, "geometry": { "type": "Point", "coordinates": [ -74.0852205, 40.5964904 ] } },
{ "type": "Feature", "properties": { "element": "node", "id": 12677124370, "kind": "shoe_repair" }, "geometry": { "type": "Point", "coordinates": [ -74.0851277, 40.5966456 ] } },
{ "type": "Feature", "properties": { "element": "node", "id": 12677124371, "kind": "optician" }, "geometry": { "type": "Point", "coordinates": [ -74.0851132, 40.5966823 ] } },
{ "type": "Feature", "properties": { "element": "node", "id": 12677124372, "kind": "pastry" }, "geometry": { "type": "Point", "coordinates": [ -74.0850837, 40.5967311 ] } },
{ "type": "Feature", "properties": { "element": "node", "id": 12677264718, "kind": "supermarket" }, "geometry": { "type": "Point", "coordinates": [ -74.0874385, 40.5931309 ] } },
{ "type": "Feature", "properties": { "element": "node", "id": 12677264719, "kind": "tobacco" }, "geometry": { "type": "Point", "coordinates": [ -74.0871656, 40.5932817 ] } },
{ "type": "Feature", "properties": { "element": "node", "id": 12677264720, "kind": "florist" }, "geometry": { "type": "Point", "coordinates": [ -74.0871391, 40.593351 ] } },
{ "type": "Feature", "properties": { "element": "node", "id": 12677264721, "kind": "hairdresser" }, "geometry": { "type": "Point", "coordinates": [ -74.0871125, 40.5934043 ] } },
{ "type": "Feature", "properties": { "element": "node", "id": 12677264725, "kind": "car" }, "geometry": { "type": "Point", "coordinates": [ -74.0867174, 40.5932793 ] } },
{ "type": "Feature", "properties": { "element": "node", "id": 12677264726, "kind": "beauty" }, "geometry": { "type": "Point", "coordinates": [ -74.0867923, 40.5931294 ] } },
{ "type": "Feature", "properties": { "element": "node", "id": 12677264727, "kind": "psychic" }, "geometry": { "type": "Point", "coordinates": [ -74.0868277, 40.5930474 ] } },
{ "type": "Feature", "properties": { "element": "node", "id": 12677264729, "kind": "laundry" }, "geometry": { "type": "Point", "coordinates": [ -74.0867409, 40.5928983 ] } },
{ "type": "Feature", "properties": { "element": "node", "id": 12677264730, "kind": "kitchen" }, "geometry": { "type": "Point", "coordinates": [ -74.0868235, 40.5927914 ] } },
{ "type": "Feature", "properties": { "element": "node", "id": 12677264735, "kind": "furniture" }, "geometry": { "type": "Point", "coordinates": [ -74.0875548, 40.5924022 ] } },
{ "type": "Feature", "properties": { "element": "node", "id": 12677264737, "kind": "party" }, "geometry": { "type": "Point", "coordinates": [ -74.0874358, 40.5926521 ] } },
{ "type": "Feature", "properties": { "element": "node", "id": 12677264738, "kind": "vacant" }, "geometry": { "type": "Point", "coordinates": [ -74.0873902, 40.5927449 ] } },
{ "type": "Feature", "properties": { "element": "node", "id": 12677264742, "kind": "dry_cleaning" }, "geometry": { "type": "Point", "coordinates": [ -74.0877996, 40.5918735 ] } },
{ "type": "Feature", "properties": { "element": "node", "id": 12677264743, "kind": "laundry" }, "geometry": { "type": "Point", "coordinates": [ -74.0879036, 40.5917494 ] } },
{ "type": "Feature", "properties": { "element": "node", "id": 12677264745, "kind": "beauty" }, "geometry": { "type": "Point", "coordinates": [ -74.0879417, 40.5915501 ] } },
{ "type": "Feature", "properties": { "element": "node", "id": 12677264749, "kind": "furniture" }, "geometry": { "type": "Point", "coordinates": [ -74.0874848, 40.5914483 ] } },
{ "type": "Feature", "properties": { "element": "node", "id": 12677264753, "kind": "beauty" }, "geometry": { "type": "Point", "coordinates": [ -74.0904122, 40.5880079 ] } },
{ "type": "Feature", "properties": { "element": "node", "id": 12677264759, "kind": "beauty" }, "geometry": { "type": "Point", "coordinates": [ -74.0915564, 40.5867216 ] } },
{ "type": "Feature", "properties": { "element": "node", "id": 12677264760, "kind": "vacant" }, "geometry": { "type": "Point", "coordinates": [ -74.092564, 40.5855192 ] } },
{ "type": "Feature", "properties": { "element": "node", "id": 12677429733, "kind": "copyshop" }, "geometry": { "type": "Point", "coordinates": [ -74.1092696, 40.5712167 ] } },
{ "type": "Feature", "properties": { "element": "node", "id": 12677429736, "kind": "car" }, "geometry": { "type": "Point", "coordinates": [ -74.1089029, 40.5715903 ] } },
{ "type": "Feature", "properties": { "element": "node", "id": 12677429737, "kind": "alcohol" }, "geometry": { "type": "Point", "coordinates": [ -74.1088896, 40.5718692 ] } },
{ "type": "Feature", "properties": { "element": "node", "id": 12677429738, "kind": "laundry" }, "geometry": { "type": "Point", "coordinates": [ -74.1088047, 40.5719523 ] } },
{ "type": "Feature", "properties": { "element": "node", "id": 12677429739, "kind": "shoes" }, "geometry": { "type": "Point", "coordinates": [ -74.1087516, 40.5720088 ] } },
{ "type": "Feature", "properties": { "element": "node", "id": 12677429743, "kind": "car_repair" }, "geometry": { "type": "Point", "coordinates": [ -74.1082337, 40.5723948 ] } },
{ "type": "Feature", "properties": { "element": "node", "id": 12677429744, "kind": "tyres" }, "geometry": { "type": "Point", "coordinates": [ -74.108157, 40.5724799 ] } },
{ "type": "Feature", "properties": { "element": "node", "id": 12677429745, "kind": "beauty" }, "geometry": { "type": "Point", "coordinates": [ -74.1081013, 40.5725369 ] } },
{ "type": "Feature", "properties": { "element": "node", "id": 12677429748, "kind": "beauty" }, "geometry": { "type": "Point", "coordinates": [ -74.1077263, 40.5729183 ] } },
{ "type": "Feature", "properties": { "element": "node", "id": 12677429750, "kind": "hairdresser" }, "geometry": { "type": "Point", "coordinates": [ -74.1076796, 40.5729682 ] } },
{ "type": "Feature", "properties": { "element": "node", "id": 12677429752, "kind": "kitchen" }, "geometry": { "type": "Point", "coordinates": [ -74.107526, 40.5731325 ] } },
{ "type": "Feature", "properties": { "element": "node", "id": 12677429758, "kind": "beauty" }, "geometry": { "type": "Point", "coordinates": [ -74.1068961, 40.5738655 ] } },
{ "type": "Feature", "properties": { "element": "node", "id": 12677429759, "kind": "car" }, "geometry": { "type": "Point", "coordinates": [ -74.1068547, 40.5739106 ] } },
{ "type": "Feature", "properties": { "element": "node", "id": 12677429760, "kind": "optician" }, "geometry": { "type": "Point", "coordinates": [ -74.1066456, 40.5740769 ] } },
{ "type": "Feature", "properties": { "element": "node", "id": 12677429761, "kind": "convenience" }, "geometry": { "type": "Point", "coordinates": [ -74.1066143, 40.5741068 ] } },
{ "type": "Feature", "properties": { "element": "node", "id": 12677429762, "kind": "health_food" }, "geometry": { "type": "Point", "coordinates": [ -74.1065794, 40.5741399 ] } },
{ "type": "Feature", "properties": { "element": "node", "id": 12677429763, "kind": "beauty" }, "geometry": { "type": "Point", "coordinates": [ -74.1064903, 40.5742247 ] } },
{ "type": "Feature", "properties": { "element": "node", "id": 12677429764, "kind": "vacant" }, "geometry": { "type": "Point", "coordinates": [ -74.1064217, 40.5742899 ] } },
{ "type": "Feature", "properties": { "element": "node", "id": 12677429766, "kind": "laundry" }, "geometry": { "type": "Point", "coordinates": [ -74.106328, 40.574379 ] } },
{ "type": "Feature", "properties": { "element": "node", "id": 12677429769, "kind": "supermarket" }, "geometry": { "type": "Point", "coordinates": [ -74.1069096, 40.5727758 ] } },
{ "type": "Feature", "properties": { "element": "node", "id": 12677429792, "kind": "bakery" }, "geometry": { "type": "Point", "coordinates": [ -74.1034553, 40.5761806 ] } },
{ "type": "Feature", "properties": { "element": "node", "id": 12677429793, "kind": "hairdresser" }, "geometry": { "type": "Point", "coordinates": [ -74.1034179, 40.5762227 ] } },
{ "type": "Feature", "properties": { "element": "node", "id": 12677429796, "kind": "kitchen" }, "geometry": { "type": "Point", "coordinates": [ -74.1042588, 40.5762134 ] } },
{ "type": "Feature", "properties": { "element": "node", "id": 12677429797, "kind": "pet_grooming" }, "geometry": { "type": "Point", "coordinates": [ -74.1043119, 40.5761404 ] } },
{ "type": "Feature", "properties": { "element": "node", "id": 12677433904, "kind": "beauty" }, "geometry": { "type": "Point", "coordinates": [ -74.1044419, 40.5760047 ] } },
{ "type": "Feature", "properties": { "element": "node", "id": 12677433908, "kind": "deli" }, "geometry": { "type": "Point", "coordinates": [ -74.1036275, 40.5769616 ] } },
{ "type": "Feature", "properties": { "element": "node", "id": 12677433909, "kind": "bakery" }, "geometry": { "type": "Point", "coordinates": [ -74.103274, 40.5775065 ] } },
{ "type": "Feature", "properties": { "element": "node", "id": 12677433911, "kind": "furniture" }, "geometry": { "type": "Point", "coordinates": [ -74.1026034, 40.5779355 ] } },
{ "type": "Feature", "properties": { "element": "node", "id": 12677433912, "kind": "car_repair" }, "geometry": { "type": "Point", "coordinates": [ -74.102833, 40.5768117 ] } },
{ "type": "Feature", "properties": { "element": "node", "id": 12677433913, "kind": "tyres" }, "geometry": { "type": "Point", "coordinates": [ -74.1027933, 40.5768582 ] } },
{ "type": "Feature", "properties": { "element": "node", "id": 12677433914, "kind": "car_repair" }, "geometry": { "type": "Point", "coordinates": [ -74.1027532, 40.576911 ] } },
{ "type": "Feature", "properties": { "element": "node", "id": 12677433916, "kind": "variety_store" }, "geometry": { "type": "Point", "coordinates": [ -74.1026727, 40.5784573 ] } },
{ "type": "Feature", "properties": { "element": "node", "id": 12677433918, "kind": "car_repair" }, "geometry": { "type": "Point", "coordinates": [ -74.1017381, 40.5788542 ] } },
{ "type": "Feature", "properties": { "element": "node", "id": 12677433920, "kind": "convenience" }, "geometry": { "type": "Point", "coordinates": [ -74.1016066, 40.5791959 ] } },
{ "type": "Feature", "properties": { "element": "node", "id": 12677433936, "kind": "deli" }, "geometry": { "type": "Point", "coordinates": [ -74.10063, 40.5790924 ] } },
{ "type": "Feature", "properties": { "element": "node", "id": 12677433960, "kind": "locksmith" }, "geometry": { "type": "Point", "coordinates": [ -74.0997165, 40.5799989 ] } },
{ "type": "Feature", "properties": { "element": "node", "id": 12677433962, "kind": "hairdresser" }, "geometry": { "type": "Point", "coordinates": [ -74.1000141, 40.5802374 ] } },
{ "type": "Feature", "properties": { "element": "node", "id": 12677433963, "kind": "tyres" }, "geometry": { "type": "Point", "coordinates": [ -74.099367, 40.5802528 ] } },
{ "type": "Feature", "properties": { "element": "node", "id": 12677433964, "kind": "car_repair" }, "geometry": { "type": "Point", "coordinates": [ -74.0994468, 40.5801938 ] } },
{ "type": "Feature", "properties": { "element": "node", "id": 12677433975, "kind": "car_repair" }, "geometry": { "type": "Point", "coordinates": [ -74.0997985, 40.5805178 ] } },
{ "type": "Feature", "properties": { "element": "node", "id": 12677433976, "kind": "car_repair" }, "geometry": { "type": "Point", "coordinates": [ -74.0996058, 40.5806538 ] } },
{ "type": "Feature", "properties": { "element": "node", "id": 12677433978, "kind": "paint" }, "geometry": { "type": "Point", "coordinates": [ -74.0990618, 40.5802974 ] } },
{ "type": "Feature", "properties": { "element": "node", "id": 12677433980, "kind": "hairdresser" }, "geometry": { "type": "Point", "coordinates": [ -74.0989224, 40.5804227 ] } },
{ "type": "Feature", "properties": { "element": "node", "id": 12677433982, "kind": "car_repair" }, "geometry": { "type": "Point", "coordinates": [ -74.0985563, 40.5807863 ] } },
{ "type": "Feature", "properties": { "element": "node", "id": 12677433983, "kind": "medical_supply" }, "geometry": { "type": "Point", "coordinates": [ -74.0981039, 40.5812588 ] } },
{ "type": "Feature", "properties": { "element": "node", "id": 12677433987, "kind": "hairdresser" }, "geometry": { "type": "Point", "coordinates": [ -74.0977548, 40.5820341 ] } },
{ "type": "Feature", "properties": { "element": "node", "id": 12684889766, "kind": "vending_machine" }, "geometry": { "type": "Point", "coordinates": [ -74.1856891, 40.6314215 ] } },
{ "type": "Feature", "properties": { "element": "node", "id": 12688143994, "kind": "car_repair" }, "geometry": { "type": "Point", "coordinates": [ -74.1631511, 40.5441455 ] } },
{ "type": "Feature", "properties": { "element": "node", "id": 12688143997, "kind": "funeral_directors" }, "geometry": { "type": "Point", "coordinates": [ -74.1647948, 40.5450953 ] } },
{ "type": "Feature", "properties": { "element": "node", "id": 12699374392, "kind": "car_repair" }, "geometry": { "type": "Point", "coordinates": [ -74.1316818, 40.5649464 ] } },
{ "type": "Feature", "properties": { "element": "node", "id": 12700512753, "kind": "supermarket" }, "geometry": { "type": "Point", "coordinates": [ -74.1045849, 40.630563 ] } },
{ "type": "Feature", "properties": { "element": "node", "id": 12700512922, "kind": "deli" }, "geometry": { "type": "Point", "coordinates": [ -74.1064308, 40.6302631 ] } },
{ "type": "Feature", "properties": { "element": "node", "id": 12700513198, "kind": "car_repair" }, "geometry": { "type": "Point", "coordinates": [ -74.1075916, 40.6306037 ] } },
{ "type": "Feature", "properties": { "element": "node", "id": 12700513215, "kind": "convenience" }, "geometry": { "type": "Point", "coordinates": [ -74.1075735, 40.6302259 ] } },
{ "type": "Feature", "properties": { "element": "node", "id": 12700513216, "kind": "beauty" }, "geometry": { "type": "Point", "coordinates": [ -74.1076357, 40.6302156 ] } },
{ "type": "Feature", "properties": { "element": "node", "id": 12700513217, "kind": "hairdresser" }, "geometry": { "type": "Point", "coordinates": [ -74.1076828, 40.6302078 ] } },
{ "type": "Feature", "properties": { "element": "node", "id": 12700513218, "kind": "beauty" }, "geometry": { "type": "Point", "coordinates": [ -74.10775, 40.6301967 ] } },
{ "type": "Feature", "properties": { "element": "node", "id": 12700513220, "kind": "hairdresser" }, "geometry": { "type": "Point", "coordinates": [ -74.107882, 40.630175 ] } },
{ "type": "Feature", "properties": { "element": "node", "id": 12700513224, "kind": "musical_instrument" }, "geometry": { "type": "Point", "coordinates": [ -74.1079625, 40.630409 ] } },
{ "type": "Feature", "properties": { "element": "node", "id": 12700513225, "kind": "clothes" }, "geometry": { "type": "Point", "coordinates": [ -74.108379, 40.6300878 ] } },
{ "type": "Feature", "properties": { "element": "node", "id": 12758109422, "kind": "garden_centre" }, "geometry": { "type": "Point", "coordinates": [ -74.1744925, 40.603006 ] } },
{ "type": "Feature", "properties": { "element": "node", "id": 12812535478, "kind": "jewelry" }, "geometry": { "type": "Point", "coordinates": [ -74.1275883, 40.6128967 ] } },
{ "type": "Feature", "properties": { "element": "node", "id": 12814408062, "kind": "doityourself" }, "geometry": { "type": "Point", "coordinates": [ -74.1199694, 40.6134695 ] } },
{ "type": "Feature", "properties": { "element": "node", "id": 12814408103, "kind": "car_repair" }, "geometry": { "type": "Point", "coordinates": [ -74.1205053, 40.6129346 ] } },
{ "type": "Feature", "properties": { "element": "node", "id": 12814408119, "kind": "pastry" }, "geometry": { "type": "Point", "coordinates": [ -74.1194507, 40.6131894 ] } },
{ "type": "Feature", "properties": { "element": "node", "id": 12814408120, "kind": "beauty" }, "geometry": { "type": "Point", "coordinates": [ -74.119363, 40.6131661 ] } },
{ "type": "Feature", "properties": { "element": "node", "id": 12814408121, "kind": "hairdresser" }, "geometry": { "type": "Point", "coordinates": [ -74.1193055, 40.6131713 ] } },
{ "type": "Feature", "properties": { "element": "node", "id": 12840130685, "kind": "garden_centre" }, "geometry": { "type": "Point", "coordinates": [ -74.1938564, 40.5355452 ] } },
{ "type": "Feature", "properties": { "element": "node", "id": 12842964213, "kind": "mobile_phone" }, "geometry": { "type": "Point", "coordinates": [ -74.1802868, 40.6047162 ] } },
{ "type": "Feature", "properties": { "element": "node", "id": 12842964224, "kind": "jet" }, "geometry": { "type": "Point", "coordinates": [ -74.180536, 40.6044709 ] } },
{ "type": "Feature", "properties": { "element": "node", "id": 12853414204, "kind": "bakery" }, "geometry": { "type": "Point", "coordinates": [ -74.1660634, 40.5816035 ] } },
{ "type": "Feature", "properties": { "element": "node", "id": 12853414205, "kind": "mobile_phone" }, "geometry": { "type": "Point", "coordinates": [ -74.1659672, 40.5819591 ] } },
{ "type": "Feature", "properties": { "element": "node", "id": 12887338579, "kind": "e-cigarette" }, "geometry": { "type": "Point", "coordinates": [ -74.1485705, 40.6255498 ] } },
{ "type": "Feature", "properties": { "element": "node", "id": 12889602636, "kind": "wine" }, "geometry": { "type": "Point", "coordinates": [ -74.1206705, 40.60507 ] } },
{ "type": "Feature", "properties": { "element": "node", "id": 12889602637, "kind": "hairdresser" }, "geometry": { "type": "Point", "coordinates": [ -74.1206356, 40.6050176 ] } },
{ "type": "Feature", "properties": { "element": "node", "id": 12889602639, "kind": "convenience" }, "geometry": { "type": "Point", "coordinates": [ -74.120692, 40.6053433 ] } },
{ "type": "Feature", "properties": { "element": "node", "id": 12889668591, "kind": "deli" }, "geometry": { "type": "Point", "coordinates": [ -74.1210876, 40.6050678 ] } },
{ "type": "Feature", "properties": { "element": "node", "id": 12889668594, "kind": "laundry" }, "geometry": { "type": "Point", "coordinates": [ -74.1211166, 40.6053305 ] } },
{ "type": "Feature", "properties": { "element": "node", "id": 12889668598, "kind": "hairdresser" }, "geometry": { "type": "Point", "coordinates": [ -74.1204514, 40.6041613 ] } },
{ "type": "Feature", "properties": { "element": "node", "id": 12889668599, "kind": "collector" }, "geometry": { "type": "Point", "coordinates": [ -74.1204537, 40.604217 ] } },
{ "type": "Feature", "properties": { "element": "node", "id": 12889674701, "kind": "deli" }, "geometry": { "type": "Point", "coordinates": [ -74.1204465, 40.6040423 ] } },
{ "type": "Feature", "properties": { "element": "node", "id": 12889674714, "kind": "tobacco" }, "geometry": { "type": "Point", "coordinates": [ -74.1312429, 40.6036015 ] } },
{ "type": "Feature", "properties": { "element": "node", "id": 12889674715, "kind": "copyshop" }, "geometry": { "type": "Point", "coordinates": [ -74.1312353, 40.6035682 ] } },
{ "type": "Feature", "properties": { "element": "node", "id": 12889674716, "kind": "laundry" }, "geometry": { "type": "Point", "coordinates": [ -74.1312547, 40.6034931 ] } },
{ "type": "Feature", "properties": { "element": "node", "id": 12898226629, "kind": "vacant" }, "geometry": { "type": "Point", "coordinates": [ -74.1659991, 40.5849823 ] } },
{ "type": "Feature", "properties": { "element": "node", "id": 12950507943, "kind": "beauty" }, "geometry": { "type": "Point", "coordinates": [ -74.1509356, 40.5511849 ] } },
{ "type": "Feature", "properties": { "element": "node", "id": 12950507944, "kind": "hairdresser" }, "geometry": { "type": "Point", "coordinates": [ -74.1508269, 40.5512271 ] } },
{ "type": "Feature", "properties": { "element": "node", "id": 12950507954, "kind": "convenience" }, "geometry": { "type": "Point", "coordinates": [ -74.1505475, 40.5514438 ] } },
{ "type": "Feature", "properties": { "element": "node", "id": 12950507957, "kind": "cannabis" }, "geometry": { "type": "Point", "coordinates": [ -74.1505337, 40.5514136 ] } },
{ "type": "Feature", "properties": { "element": "node", "id": 12950507960, "kind": "convenience" }, "geometry": { "type": "Point", "coordinates": [ -74.1501745, 40.5506102 ] } },
{ "type": "Feature", "properties": { "element": "node", "id": 12950507961, "kind": "beauty" }, "geometry": { "type": "Point", "coordinates": [ -74.1503359, 40.5504632 ] } },
{ "type": "Feature", "properties": { "element": "node", "id": 12950507962, "kind": "convenience" }, "geometry": { "type": "Point", "coordinates": [ -74.1503832, 40.5504093 ] } },
{ "type": "Feature", "properties": { "element": "node", "id": 12950507963, "kind": "clothes" }, "geometry": { "type": "Point", "coordinates": [ -74.1504423, 40.5503393 ] } },
{ "type": "Feature", "properties": { "element": "node", "id": 12950507966, "kind": "hairdresser" }, "geometry": { "type": "Point", "coordinates": [ -74.1506962, 40.5498613 ] } },
{ "type": "Feature", "properties": { "element": "node", "id": 12950507967, "kind": "beauty" }, "geometry": { "type": "Point", "coordinates": [ -74.1506815, 40.5498027 ] } },
{ "type": "Feature", "properties": { "element": "node", "id": 12950507971, "kind": "hairdresser" }, "geometry": { "type": "Point", "coordinates": [ -74.1506149, 40.5495588 ] } },
{ "type": "Feature", "properties": { "element": "node", "id": 12950507973, "kind": "tea" }, "geometry": { "type": "Point", "coordinates": [ -74.1505915, 40.5494375 ] } },
{ "type": "Feature", "properties": { "element": "node", "id": 12950507977, "kind": "copyshop" }, "geometry": { "type": "Point", "coordinates": [ -74.1503465, 40.5492993 ] } },
{ "type": "Feature", "properties": { "element": "node", "id": 12950507979, "kind": "optician" }, "geometry": { "type": "Point", "coordinates": [ -74.1507879, 40.5492701 ] } },
{ "type": "Feature", "properties": { "element": "node", "id": 12950507997, "kind": "nutrition_supplements" }, "geometry": { "type": "Point", "coordinates": [ -74.1486368, 40.5514952 ] } },
{ "type": "Feature", "properties": { "element": "node", "id": 12950507998, "kind": "beauty" }, "geometry": { "type": "Point", "coordinates": [ -74.1487475, 40.551906 ] } },
{ "type": "Feature", "properties": { "element": "node", "id": 12950507999, "kind": "convenience" }, "geometry": { "type": "Point", "coordinates": [ -74.1488438, 40.5518887 ] } },
{ "type": "Feature", "properties": { "element": "node", "id": 12950508000, "kind": "beauty" }, "geometry": { "type": "Point", "coordinates": [ -74.148979, 40.5518579 ] } },
{ "type": "Feature", "properties": { "element": "node", "id": 12952412013, "kind": "convenience" }, "geometry": { "type": "Point", "coordinates": [ -74.087877, 40.6068861 ] } },
{ "type": "Feature", "properties": { "element": "node", "id": 12952412018, "kind": "deli" }, "geometry": { "type": "Point", "coordinates": [ -74.0843627, 40.6045023 ] } },
{ "type": "Feature", "properties": { "element": "node", "id": 12952412019, "kind": "hairdresser" }, "geometry": { "type": "Point", "coordinates": [ -74.0835982, 40.6042316 ] } },
{ "type": "Feature", "properties": { "element": "node", "id": 12952412020, "kind": "dry_cleaning" }, "geometry": { "type": "Point", "coordinates": [ -74.0835567, 40.6042865 ] } },
{ "type": "Feature", "properties": { "element": "node", "id": 12952412021, "kind": "beauty" }, "geometry": { "type": "Point", "coordinates": [ -74.0835154, 40.6043413 ] } },
{ "type": "Feature", "properties": { "element": "node", "id": 12952412022, "kind": "laundry" }, "geometry": { "type": "Point", "coordinates": [ -74.0834847, 40.6043819 ] } },
{ "type": "Feature", "properties": { "element": "node", "id": 12952412028, "kind": "charity" }, "geometry": { "type": "Point", "coordinates": [ -74.0837402, 40.6052211 ] } },
{ "type": "Feature", "properties": { "element": "node", "id": 12952560516, "kind": "convenience" }, "geometry": { "type": "Point", "coordinates": [ -74.0687944, 40.5940004 ] } },
{ "type": "Feature", "properties": { "element": "node", "id": 12952560518, "kind": "deli" }, "geometry": { "type": "Point", "coordinates": [ -74.0683617, 40.5925236 ] } },
{ "type": "Feature", "properties": { "element": "node", "id": 12952560519, "kind": "laundry" }, "geometry": { "type": "Point", "coordinates": [ -74.0684022, 40.5925939 ] } },
{ "type": "Feature", "properties": { "element": "node", "id": 12952560520, "kind": "deli" }, "geometry": { "type": "Point", "coordinates": [ -74.0684281, 40.5926619 ] } },
{ "type": "Feature", "properties": { "element": "node", "id": 12952560528, "kind": "hairdresser" }, "geometry": { "type": "Point", "coordinates": [ -74.0675364, 40.5917463 ] } },
{ "type": "Feature", "properties": { "element": "node", "id": 12952560530, "kind": "convenience" }, "geometry": { "type": "Point", "coordinates": [ -74.067596, 40.5918546 ] } },
{ "type": "Feature", "properties": { "element": "node", "id": 12952560532, "kind": "beauty" }, "geometry": { "type": "Point", "coordinates": [ -74.0676598, 40.5919629 ] } },
{ "type": "Feature", "properties": { "element": "node", "id": 12952560534, "kind": "deli" }, "geometry": { "type": "Point", "coordinates": [ -74.0677362, 40.59209 ] } },
{ "type": "Feature", "properties": { "element": "node", "id": 12952560537, "kind": "pet_grooming" }, "geometry": { "type": "Point", "coordinates": [ -74.0678634, 40.5922695 ] } },
{ "type": "Feature", "properties": { "element": "node", "id": 12952560538, "kind": "florist" }, "geometry": { "type": "Point", "coordinates": [ -74.0678869, 40.5923199 ] } },
{ "type": "Feature", "properties": { "element": "node", "id": 12952560542, "kind": "travel_agency" }, "geometry": { "type": "Point", "coordinates": [ -74.0675711, 40.5926 ] } },
{ "type": "Feature", "properties": { "element": "node", "id": 12952560543, "kind": "second_hand" }, "geometry": { "type": "Point", "coordinates": [ -74.0676354, 40.592572 ] } },
{ "type": "Feature", "properties": { "element": "node", "id": 12952560544, "kind": "hairdresser" }, "geometry": { "type": "Point", "coordinates": [ -74.0689513, 40.5936615 ] } },
{ "type": "Feature", "properties": { "element": "node", "id": 12952560545, "kind": "appliance" }, "geometry": { "type": "Point", "coordinates": [ -74.0691374, 40.5928686 ] } },
{ "type": "Feature", "properties": { "element": "node", "id": 12952560546, "kind": "hairdresser" }, "geometry": { "type": "Point", "coordinates": [ -74.0690614, 40.5928686 ] } },
{ "type": "Feature", "properties": { "element": "node", "id": 12952560547, "kind": "hairdresser" }, "geometry": { "type": "Point", "coordinates": [ -74.0689744, 40.5928674 ] } },
{ "type": "Feature", "properties": { "element": "node", "id": 12952560550, "kind": "kitchen" }, "geometry": { "type": "Point", "coordinates": [ -74.0694177, 40.5929167 ] } },
{ "type": "Feature", "properties": { "element": "node", "id": 12964680083, "kind": "beauty" }, "geometry": { "type": "Point", "coordinates": [ -74.1040576, 40.5872665 ] } },
{ "type": "Feature", "properties": { "element": "node", "id": 12964680086, "kind": "beauty" }, "geometry": { "type": "Point", "coordinates": [ -74.1036973, 40.5875079 ] } },
{ "type": "Feature", "properties": { "element": "node", "id": 12964680088, "kind": "convenience" }, "geometry": { "type": "Point", "coordinates": [ -74.1036185, 40.5875822 ] } },
{ "type": "Feature", "properties": { "element": "node", "id": 12964680090, "kind": "dry_cleaning" }, "geometry": { "type": "Point", "coordinates": [ -74.1033939, 40.5878821 ] } },
{ "type": "Feature", "properties": { "element": "node", "id": 12964680092, "kind": "beauty" }, "geometry": { "type": "Point", "coordinates": [ -74.1033141, 40.587963 ] } },
{ "type": "Feature", "properties": { "element": "node", "id": 12964680093, "kind": "laundry" }, "geometry": { "type": "Point", "coordinates": [ -74.1032758, 40.5880002 ] } },
{ "type": "Feature", "properties": { "element": "node", "id": 12964680094, "kind": "beauty" }, "geometry": { "type": "Point", "coordinates": [ -74.1032385, 40.5880373 ] } },
{ "type": "Feature", "properties": { "element": "node", "id": 12964696402, "kind": "supermarket" }, "geometry": { "type": "Point", "coordinates": [ -74.1022871, 40.5888374 ] } },
{ "type": "Feature", "properties": { "element": "node", "id": 12964696403, "kind": "tobacco" }, "geometry": { "type": "Point", "coordinates": [ -74.1020114, 40.5890572 ] } },
{ "type": "Feature", "properties": { "element": "node", "id": 12964696405, "kind": "hairdresser" }, "geometry": { "type": "Point", "coordinates": [ -74.1019316, 40.5891437 ] } },
{ "type": "Feature", "properties": { "element": "node", "id": 12964696406, "kind": "beauty" }, "geometry": { "type": "Point", "coordinates": [ -74.1018932, 40.5891841 ] } },
{ "type": "Feature", "properties": { "element": "node", "id": 12964696407, "kind": "wholesale" }, "geometry": { "type": "Point", "coordinates": [ -74.1018528, 40.5892286 ] } },
{ "type": "Feature", "properties": { "element": "node", "id": 12964696415, "kind": "jewelry" }, "geometry": { "type": "Point", "coordinates": [ -74.1011496, 40.5899964 ] } },
{ "type": "Feature", "properties": { "element": "node", "id": 12964696424, "kind": "mobile_phone" }, "geometry": { "type": "Point", "coordinates": [ -74.1012208, 40.5911561 ] } },
{ "type": "Feature", "properties": { "element": "node", "id": 12964696438, "kind": "watches" }, "geometry": { "type": "Point", "coordinates": [ -74.1001459, 40.5939057 ] } },
{ "type": "Feature", "properties": { "element": "node", "id": 12964696440, "kind": "beauty" }, "geometry": { "type": "Point", "coordinates": [ -74.0991533, 40.594075 ] } },
{ "type": "Feature", "properties": { "element": "node", "id": 12964696441, "kind": "hairdresser" }, "geometry": { "type": "Point", "coordinates": [ -74.0990265, 40.59415 ] } },
{ "type": "Feature", "properties": { "element": "node", "id": 12964696442, "kind": "second_hand" }, "geometry": { "type": "Point", "coordinates": [ -74.0989404, 40.5942014 ] } },
{ "type": "Feature", "properties": { "element": "node", "id": 12964696445, "kind": "beauty" }, "geometry": { "type": "Point", "coordinates": [ -74.0987334, 40.5943207 ] } },
{ "type": "Feature", "properties": { "element": "node", "id": 12964696447, "kind": "trophy" }, "geometry": { "type": "Point", "coordinates": [ -74.0973971, 40.5950931 ] } },
{ "type": "Feature", "properties": { "element": "node", "id": 12964696448, "kind": "deli" }, "geometry": { "type": "Point", "coordinates": [ -74.0963043, 40.5956183 ] } },
{ "type": "Feature", "properties": { "element": "node", "id": 12964696450, "kind": "beauty" }, "geometry": { "type": "Point", "coordinates": [ -74.0957, 40.5961699 ] } },
{ "type": "Feature", "properties": { "element": "node", "id": 12964696451, "kind": "beauty" }, "geometry": { "type": "Point", "coordinates": [ -74.0950959, 40.5960777 ] } },
{ "type": "Feature", "properties": { "element": "node", "id": 12964696458, "kind": "clothes" }, "geometry": { "type": "Point", "coordinates": [ -74.0926771, 40.597301 ] } },
{ "type": "Feature", "properties": { "element": "node", "id": 12964696462, "kind": "supermarket" }, "geometry": { "type": "Point", "coordinates": [ -74.0922309, 40.6005287 ] } },
{ "type": "Feature", "properties": { "element": "node", "id": 12964696467, "kind": "e-cigarette" }, "geometry": { "type": "Point", "coordinates": [ -74.0924284, 40.6008921 ] } },
{ "type": "Feature", "properties": { "element": "node", "id": 12964696469, "kind": "bakery" }, "geometry": { "type": "Point", "coordinates": [ -74.0922946, 40.6008829 ] } },
{ "type": "Feature", "properties": { "element": "node", "id": 12964696470, "kind": "deli" }, "geometry": { "type": "Point", "coordinates": [ -74.0922322, 40.6008786 ] } },
{ "type": "Feature", "properties": { "element": "node", "id": 12964696471, "kind": "beauty" }, "geometry": { "type": "Point", "coordinates": [ -74.0921628, 40.6008738 ] } },
{ "type": "Feature", "properties": { "element": "node", "id": 12964696481, "kind": "deli" }, "geometry": { "type": "Point", "coordinates": [ -74.1018341, 40.5887729 ] } },
{ "type": "Feature", "properties": { "element": "node", "id": 12964696483, "kind": "yes" }, "geometry": { "type": "Point", "coordinates": [ -74.1017603, 40.5888519 ] } },
{ "type": "Feature", "properties": { "element": "node", "id": 12964696484, "kind": "hairdresser" }, "geometry": { "type": "Point", "coordinates": [ -74.1017268, 40.588889 ] } },
{ "type": "Feature", "properties": { "element": "node", "id": 12964696485, "kind": "beauty" }, "geometry": { "type": "Point", "coordinates": [ -74.101702, 40.5889145 ] } },
{ "type": "Feature", "properties": { "element": "node", "id": 12964696486, "kind": "vacant" }, "geometry": { "type": "Point", "coordinates": [ -74.1016027, 40.5890184 ] } },
{ "type": "Feature", "properties": { "element": "node", "id": 12964696490, "kind": "alcohol" }, "geometry": { "type": "Point", "coordinates": [ -74.1012142, 40.5894273 ] } },
{ "type": "Feature", "properties": { "element": "node", "id": 12964696491, "kind": "gift" }, "geometry": { "type": "Point", "coordinates": [ -74.1011855, 40.5894594 ] } },
{ "type": "Feature", "properties": { "element": "node", "id": 12964696492, "kind": "hairdresser" }, "geometry": { "type": "Point", "coordinates": [ -74.1011458, 40.589503 ] } },
{ "type": "Feature", "properties": { "element": "node", "id": 12964696493, "kind": "clothes" }, "geometry": { "type": "Point", "coordinates": [ -74.1010672, 40.5895871 ] } },
{ "type": "Feature", "properties": { "element": "node", "id": 12964696496, "kind": "clothes" }, "geometry": { "type": "Point", "coordinates": [ -74.1006843, 40.5901965 ] } },
{ "type": "Feature", "properties": { "element": "node", "id": 12964696499, "kind": "beauty" }, "geometry": { "type": "Point", "coordinates": [ -74.1007001, 40.590392 ] } },
{ "type": "Feature", "properties": { "element": "node", "id": 12964696503, "kind": "hairdresser" }, "geometry": { "type": "Point", "coordinates": [ -74.1007285, 40.5911119 ] } },
{ "type": "Feature", "properties": { "element": "node", "id": 12964696504, "kind": "beauty" }, "geometry": { "type": "Point", "coordinates": [ -74.100731, 40.5911574 ] } },
{ "type": "Feature", "properties": { "element": "node", "id": 12964696505, "kind": "psychic" }, "geometry": { "type": "Point", "coordinates": [ -74.1007361, 40.5911997 ] } },
{ "type": "Feature", "properties": { "element": "node", "id": 12964696506, "kind": "clothes" }, "geometry": { "type": "Point", "coordinates": [ -74.1007319, 40.5912658 ] } },
{ "type": "Feature", "properties": { "element": "node", "id": 12964696508, "kind": "pawnbroker" }, "geometry": { "type": "Point", "coordinates": [ -74.1007691, 40.5914115 ] } },
{ "type": "Feature", "properties": { "element": "node", "id": 12964696509, "kind": "dry_cleaning" }, "geometry": { "type": "Point", "coordinates": [ -74.1007834, 40.5914878 ] } },
{ "type": "Feature", "properties": { "element": "node", "id": 12964696512, "kind": "beauty" }, "geometry": { "type": "Point", "coordinates": [ -74.1005077, 40.5926756 ] } },
{ "type": "Feature", "properties": { "element": "node", "id": 12964696519, "kind": "beauty" }, "geometry": { "type": "Point", "coordinates": [ -74.091746, 40.6001953 ] } },
{ "type": "Feature", "properties": { "element": "node", "id": 12964696521, "kind": "hairdresser" }, "geometry": { "type": "Point", "coordinates": [ -74.0917373, 40.6002895 ] } },
{ "type": "Feature", "properties": { "element": "node", "id": 12964696524, "kind": "wholesale" }, "geometry": { "type": "Point", "coordinates": [ -74.0917087, 40.6006623 ] } },
{ "type": "Feature", "properties": { "element": "node", "id": 12969568594, "kind": "supermarket" }, "geometry": { "type": "Point", "coordinates": [ -74.1237221, 40.6339173 ] } },
{ "type": "Feature", "properties": { "element": "node", "id": 12969568595, "kind": "bed" }, "geometry": { "type": "Point", "coordinates": [ -74.1235898, 40.6341464 ] } },
{ "type": "Feature", "properties": { "element": "node", "id": 12969568596, "kind": "variety_store" }, "geometry": { "type": "Point", "coordinates": [ -74.1234507, 40.6339309 ] } },
{ "type": "Feature", "properties": { "element": "node", "id": 12969568598, "kind": "furniture" }, "geometry": { "type": "Point", "coordinates": [ -74.1232328, 40.6341736 ] } },
{ "type": "Feature", "properties": { "element": "node", "id": 12969568599, "kind": "hairdresser" }, "geometry": { "type": "Point", "coordinates": [ -74.1233646, 40.6341608 ] } },
{ "type": "Feature", "properties": { "element": "node", "id": 12969568600, "kind": "furniture" }, "geometry": { "type": "Point", "coordinates": [ -74.1234779, 40.6341537 ] } },
{ "type": "Feature", "properties": { "element": "node", "id": 12969610501, "kind": "convenience" }, "geometry": { "type": "Point", "coordinates": [ -74.1229407, 40.6341851 ] } },
{ "type": "Feature", "properties": { "element": "node", "id": 12969610504, "kind": "florist" }, "geometry": { "type": "Point", "coordinates": [ -74.1225764, 40.6342114 ] } },
{ "type": "Feature", "properties": { "element": "node", "id": 12969610506, "kind": "copyshop" }, "geometry": { "type": "Point", "coordinates": [ -74.1225679, 40.6340129 ] } },
{ "type": "Feature", "properties": { "element": "node", "id": 12969610507, "kind": "furniture" }, "geometry": { "type": "Point", "coordinates": [ -74.1224576, 40.6340193 ] } },
{ "type": "Feature", "properties": { "element": "node", "id": 12969610509, "kind": "hairdresser" }, "geometry": { "type": "Point", "coordinates": [ -74.1223285, 40.6340327 ] } },
{ "type": "Feature", "properties": { "element": "node", "id": 12969610510, "kind": "convenience" }, "geometry": { "type": "Point", "coordinates": [ -74.1222561, 40.6340383 ] } },
{ "type": "Feature", "properties": { "element": "node", "id": 12969610511, "kind": "alcohol" }, "geometry": { "type": "Point", "coordinates": [ -74.1222018, 40.6340439 ] } },
{ "type": "Feature", "properties": { "element": "node", "id": 12969610512, "kind": "medical_supply" }, "geometry": { "type": "Point", "coordinates": [ -74.1221253, 40.63405 ] } },
{ "type": "Feature", "properties": { "element": "node", "id": 12969610515, "kind": "wigs" }, "geometry": { "type": "Point", "coordinates": [ -74.122317, 40.6342455 ] } },
{ "type": "Feature", "properties": { "element": "node", "id": 12969610516, "kind": "beauty" }, "geometry": { "type": "Point", "coordinates": [ -74.1224245, 40.6342382 ] } },
{ "type": "Feature", "properties": { "element": "node", "id": 12969610517, "kind": "doityourself" }, "geometry": { "type": "Point", "coordinates": [ -74.1212343, 40.6341109 ] } },
{ "type": "Feature", "properties": { "element": "node", "id": 12969610520, "kind": "mobile_phone" }, "geometry": { "type": "Point", "coordinates": [ -74.1211229, 40.6343245 ] } },
{ "type": "Feature", "properties": { "element": "node", "id": 12969610522, "kind": "laundry" }, "geometry": { "type": "Point", "coordinates": [ -74.1208481, 40.6343442 ] } },
{ "type": "Feature", "properties": { "element": "node", "id": 12969610523, "kind": "repair" }, "geometry": { "type": "Point", "coordinates": [ -74.1207486, 40.6343539 ] } },
{ "type": "Feature", "properties": { "element": "node", "id": 12969610524, "kind": "variety_store" }, "geometry": { "type": "Point", "coordinates": [ -74.1206858, 40.6343604 ] } },
{ "type": "Feature", "properties": { "element": "node", "id": 12969610525, "kind": "deli" }, "geometry": { "type": "Point", "coordinates": [ -74.1205282, 40.6343693 ] } },
{ "type": "Feature", "properties": { "element": "node", "id": 12969610529, "kind": "convenience" }, "geometry": { "type": "Point", "coordinates": [ -74.120516, 40.6341713 ] } },
{ "type": "Feature", "properties": { "element": "node", "id": 12969610536, "kind": "e-cigarette" }, "geometry": { "type": "Point", "coordinates": [ -74.1196949, 40.6342345 ] } },
{ "type": "Feature", "properties": { "element": "node", "id": 12969610541, "kind": "e-cigarette" }, "geometry": { "type": "Point", "coordinates": [ -74.118892, 40.6342943 ] } },
{ "type": "Feature", "properties": { "element": "node", "id": 12969610542, "kind": "hairdresser" }, "geometry": { "type": "Point", "coordinates": [ -74.1188233, 40.6343005 ] } },
{ "type": "Feature", "properties": { "element": "node", "id": 12969610544, "kind": "variety_store" }, "geometry": { "type": "Point", "coordinates": [ -74.1186784, 40.6343148 ] } },
{ "type": "Feature", "properties": { "element": "node", "id": 12969610548, "kind": "deli" }, "geometry": { "type": "Point", "coordinates": [ -74.1186113, 40.6343243 ] } },
{ "type": "Feature", "properties": { "element": "node", "id": 12969610550, "kind": "hairdresser" }, "geometry": { "type": "Point", "coordinates": [ -74.1181391, 40.6343753 ] } },
{ "type": "Feature", "properties": { "element": "node", "id": 12969610551, "kind": "vacant" }, "geometry": { "type": "Point", "coordinates": [ -74.1180715, 40.6343843 ] } },
{ "type": "Feature", "properties": { "element": "node", "id": 12969610552, "kind": "hairdresser" }, "geometry": { "type": "Point", "coordinates": [ -74.1179524, 40.6343984 ] } },
{ "type": "Feature", "properties": { "element": "node", "id": 12969610553, "kind": "hairdresser" }, "geometry": { "type": "Point", "coordinates": [ -74.1179059, 40.6344055 ] } },
{ "type": "Feature", "properties": { "element": "node", "id": 12969610556, "kind": "car_repair" }, "geometry": { "type": "Point", "coordinates": [ -74.1170266, 40.634956 ] } },
{ "type": "Feature", "properties": { "element": "node", "id": 12969610558, "kind": "deli" }, "geometry": { "type": "Point", "coordinates": [ -74.1171932, 40.635283 ] } },
{ "type": "Feature", "properties": { "element": "node", "id": 12969610561, "kind": "convenience" }, "geometry": { "type": "Point", "coordinates": [ -74.1170285, 40.6344891 ] } },
{ "type": "Feature", "properties": { "element": "node", "id": 12969610562, "kind": "kitchen" }, "geometry": { "type": "Point", "coordinates": [ -74.1168701, 40.63451 ] } },
{ "type": "Feature", "properties": { "element": "node", "id": 12969610564, "kind": "hairdresser" }, "geometry": { "type": "Point", "coordinates": [ -74.1167066, 40.6346967 ] } },
{ "type": "Feature", "properties": { "element": "node", "id": 12969610565, "kind": "beauty" }, "geometry": { "type": "Point", "coordinates": [ -74.1165634, 40.6347102 ] } },
{ "type": "Feature", "properties": { "element": "node", "id": 12969610566, "kind": "clothes" }, "geometry": { "type": "Point", "coordinates": [ -74.1164891, 40.6347205 ] } },
{ "type": "Feature", "properties": { "element": "node", "id": 12969610567, "kind": "pet_grooming" }, "geometry": { "type": "Point", "coordinates": [ -74.1164519, 40.6345365 ] } },
{ "type": "Feature", "properties": { "element": "node", "id": 12969610569, "kind": "electrical" }, "geometry": { "type": "Point", "coordinates": [ -74.1158397, 40.6346141 ] } },
{ "type": "Feature", "properties": { "element": "node", "id": 12969610585, "kind": "car_repair" }, "geometry": { "type": "Point", "coordinates": [ -74.1110505, 40.6348322 ] } },
{ "type": "Feature", "properties": { "element": "node", "id": 12969610587, "kind": "pottery" }, "geometry": { "type": "Point", "coordinates": [ -74.1109834, 40.6348335 ] } },
{ "type": "Feature", "properties": { "element": "node", "id": 12969610590, "kind": "hairdresser" }, "geometry": { "type": "Point", "coordinates": [ -74.1105685, 40.6346346 ] } },
{ "type": "Feature", "properties": { "element": "node", "id": 12971671535, "kind": "dry_cleaning" }, "geometry": { "type": "Point", "coordinates": [ -74.1305968, 40.6130214 ] } },
{ "type": "Feature", "properties": { "element": "node", "id": 12971671536, "kind": "bakery" }, "geometry": { "type": "Point", "coordinates": [ -74.1305905, 40.6129824 ] } },
{ "type": "Feature", "properties": { "element": "node", "id": 12971671537, "kind": "e-cigarette" }, "geometry": { "type": "Point", "coordinates": [ -74.1305841, 40.612943 ] } },
{ "type": "Feature", "properties": { "element": "node", "id": 12971671542, "kind": "convenience" }, "geometry": { "type": "Point", "coordinates": [ -74.1303966, 40.6127144 ] } },
{ "type": "Feature", "properties": { "element": "node", "id": 12971671543, "kind": "e-cigarette" }, "geometry": { "type": "Point", "coordinates": [ -74.1303502, 40.6127045 ] } },
{ "type": "Feature", "properties": { "element": "node", "id": 12971671547, "kind": "laundry" }, "geometry": { "type": "Point", "coordinates": [ -74.1290801, 40.6128683 ] } },
{ "type": "Feature", "properties": { "element": "node", "id": 12971671548, "kind": "beauty" }, "geometry": { "type": "Point", "coordinates": [ -74.1297897, 40.6122952 ] } },
{ "type": "Feature", "properties": { "element": "node", "id": 12971671551, "kind": "alcohol" }, "geometry": { "type": "Point", "coordinates": [ -74.1296149, 40.6123065 ] } },
{ "type": "Feature", "properties": { "element": "node", "id": 12971671552, "kind": "beauty" }, "geometry": { "type": "Point", "coordinates": [ -74.1295405, 40.6123107 ] } },
{ "type": "Feature", "properties": { "element": "node", "id": 12971671554, "kind": "hairdresser" }, "geometry": { "type": "Point", "coordinates": [ -74.1294196, 40.6123191 ] } },
{ "type": "Feature", "properties": { "element": "node", "id": 12971671559, "kind": "laundry" }, "geometry": { "type": "Point", "coordinates": [ -74.1284827, 40.6124448 ] } },
{ "type": "Feature", "properties": { "element": "node", "id": 12971671564, "kind": "hairdresser" }, "geometry": { "type": "Point", "coordinates": [ -74.1279505, 40.6125442 ] } },
{ "type": "Feature", "properties": { "element": "node", "id": 12971671566, "kind": "hairdresser" }, "geometry": { "type": "Point", "coordinates": [ -74.1275153, 40.612902 ] } },
{ "type": "Feature", "properties": { "element": "node", "id": 12971671568, "kind": "furniture" }, "geometry": { "type": "Point", "coordinates": [ -74.1272399, 40.6126109 ] } },
{ "type": "Feature", "properties": { "element": "node", "id": 12971671569, "kind": "kitchen" }, "geometry": { "type": "Point", "coordinates": [ -74.1271335, 40.6126202 ] } },
{ "type": "Feature", "properties": { "element": "node", "id": 12971671571, "kind": "pawnbroker" }, "geometry": { "type": "Point", "coordinates": [ -74.1268746, 40.6128783 ] } },
{ "type": "Feature", "properties": { "element": "node", "id": 12971671572, "kind": "paint" }, "geometry": { "type": "Point", "coordinates": [ -74.1267684, 40.6129648 ] } },
{ "type": "Feature", "properties": { "element": "node", "id": 12971671573, "kind": "convenience" }, "geometry": { "type": "Point", "coordinates": [ -74.1267301, 40.6126659 ] } },
{ "type": "Feature", "properties": { "element": "node", "id": 12971671574, "kind": "optician" }, "geometry": { "type": "Point", "coordinates": [ -74.1265731, 40.6126647 ] } },
{ "type": "Feature", "properties": { "element": "node", "id": 12971671577, "kind": "beauty" }, "geometry": { "type": "Point", "coordinates": [ -74.1263833, 40.6129922 ] } },
{ "type": "Feature", "properties": { "element": "node", "id": 12971671581, "kind": "florist" }, "geometry": { "type": "Point", "coordinates": [ -74.1261984, 40.6130044 ] } },
{ "type": "Feature", "properties": { "element": "node", "id": 12971671582, "kind": "beauty" }, "geometry": { "type": "Point", "coordinates": [ -74.1260628, 40.6130293 ] } },
{ "type": "Feature", "properties": { "element": "node", "id": 12971671584, "kind": "locksmith" }, "geometry": { "type": "Point", "coordinates": [ -74.1258675, 40.6130438 ] } },
{ "type": "Feature", "properties": { "element": "node", "id": 12971671587, "kind": "pet_grooming" }, "geometry": { "type": "Point", "coordinates": [ -74.1260785, 40.6127071 ] } },
{ "type": "Feature", "properties": { "element": "node", "id": 12971671588, "kind": "florist" }, "geometry": { "type": "Point", "coordinates": [ -74.1261486, 40.6127039 ] } },
{ "type": "Feature", "properties": { "element": "node", "id": 12971671598, "kind": "travel_agency" }, "geometry": { "type": "Point", "coordinates": [ -74.1254465, 40.6131108 ] } },
{ "type": "Feature", "properties": { "element": "node", "id": 12971671603, "kind": "alcohol" }, "geometry": { "type": "Point", "coordinates": [ -74.1237974, 40.613187 ] } },
{ "type": "Feature", "properties": { "element": "node", "id": 12971671604, "kind": "vacant" }, "geometry": { "type": "Point", "coordinates": [ -74.123717, 40.6131891 ] } },
{ "type": "Feature", "properties": { "element": "node", "id": 12971671618, "kind": "convenience" }, "geometry": { "type": "Point", "coordinates": [ -74.1232064, 40.6132238 ] } },
{ "type": "Feature", "properties": { "element": "node", "id": 12971671623, "kind": "hairdresser" }, "geometry": { "type": "Point", "coordinates": [ -74.1230887, 40.6129125 ] } },
{ "type": "Feature", "properties": { "element": "node", "id": 12971671626, "kind": "travel_agency" }, "geometry": { "type": "Point", "coordinates": [ -74.1223997, 40.6132655 ] } },
{ "type": "Feature", "properties": { "element": "node", "id": 12971671627, "kind": "convenience" }, "geometry": { "type": "Point", "coordinates": [ -74.1223617, 40.6132039 ] } },
{ "type": "Feature", "properties": { "element": "node", "id": 12971671629, "kind": "tea" }, "geometry": { "type": "Point", "coordinates": [ -74.1222544, 40.6132116 ] } },
{ "type": "Feature", "properties": { "element": "node", "id": 12971671630, "kind": "beauty" }, "geometry": { "type": "Point", "coordinates": [ -74.122197, 40.6132174 ] } },
{ "type": "Feature", "properties": { "element": "node", "id": 12971671632, "kind": "convenience" }, "geometry": { "type": "Point", "coordinates": [ -74.1222966, 40.6129705 ] } },
{ "type": "Feature", "properties": { "element": "node", "id": 12971671634, "kind": "hairdresser" }, "geometry": { "type": "Point", "coordinates": [ -74.1221691, 40.6129929 ] } },
{ "type": "Feature", "properties": { "element": "node", "id": 12971671637, "kind": "beauty" }, "geometry": { "type": "Point", "coordinates": [ -74.1219044, 40.6130236 ] } },
{ "type": "Feature", "properties": { "element": "node", "id": 12971671638, "kind": "hairdresser" }, "geometry": { "type": "Point", "coordinates": [ -74.1218533, 40.6130304 ] } },
{ "type": "Feature", "properties": { "element": "node", "id": 12971671639, "kind": "tobacco" }, "geometry": { "type": "Point", "coordinates": [ -74.1217695, 40.6130121 ] } },
{ "type": "Feature", "properties": { "element": "node", "id": 12971671646, "kind": "hairdresser" }, "geometry": { "type": "Point", "coordinates": [ -74.1216187, 40.6132564 ] } },
{ "type": "Feature", "properties": { "element": "node", "id": 12971671647, "kind": "copyshop" }, "geometry": { "type": "Point", "coordinates": [ -74.1218204, 40.6132519 ] } },
{ "type": "Feature", "properties": { "element": "node", "id": 12971671650, "kind": "gift" }, "geometry": { "type": "Point", "coordinates": [ -74.1219971, 40.6132333 ] } },
{ "type": "Feature", "properties": { "element": "node", "id": 12971671651, "kind": "nutrition_supplements" }, "geometry": { "type": "Point", "coordinates": [ -74.1220855, 40.6132279 ] } },
{ "type": "Feature", "properties": { "element": "node", "id": 12971671653, "kind": "dry_cleaning" }, "geometry": { "type": "Point", "coordinates": [ -74.1212317, 40.6128986 ] } },
{ "type": "Feature", "properties": { "element": "node", "id": 12971671655, "kind": "convenience" }, "geometry": { "type": "Point", "coordinates": [ -74.1210988, 40.6129102 ] } },
{ "type": "Feature", "properties": { "element": "node", "id": 12971671656, "kind": "deli" }, "geometry": { "type": "Point", "coordinates": [ -74.1210039, 40.6129185 ] } },
{ "type": "Feature", "properties": { "element": "node", "id": 12971671666, "kind": "deli" }, "geometry": { "type": "Point", "coordinates": [ -74.1172427, 40.6136677 ] } },
{ "type": "Feature", "properties": { "element": "node", "id": 12986702942, "kind": "money_lender" }, "geometry": { "type": "Point", "coordinates": [ -74.076856, 40.6379053 ] } },
{ "type": "Feature", "properties": { "element": "node", "id": 12986702943, "kind": "clothes" }, "geometry": { "type": "Point", "coordinates": [ -74.0766686, 40.6379073 ] } },
{ "type": "Feature", "properties": { "element": "node", "id": 12986702944, "kind": "deli" }, "geometry": { "type": "Point", "coordinates": [ -74.0765776, 40.6379083 ] } },
{ "type": "Feature", "properties": { "element": "node", "id": 12986703256, "kind": "florist" }, "geometry": { "type": "Point", "coordinates": [ -74.115632, 40.5782255 ] } },
{ "type": "Feature", "properties": { "element": "node", "id": 12986703261, "kind": "hairdresser" }, "geometry": { "type": "Point", "coordinates": [ -74.1136407, 40.580596 ] } },
{ "type": "Feature", "properties": { "element": "node", "id": 12986703262, "kind": "gift" }, "geometry": { "type": "Point", "coordinates": [ -74.1135934, 40.5806326 ] } },
{ "type": "Feature", "properties": { "element": "node", "id": 12986703271, "kind": "supermarket" }, "geometry": { "type": "Point", "coordinates": [ -74.1120323, 40.5817357 ] } },
{ "type": "Feature", "properties": { "element": "node", "id": 12986703275, "kind": "hairdresser" }, "geometry": { "type": "Point", "coordinates": [ -74.1117225, 40.5812872 ] } },
{ "type": "Feature", "properties": { "element": "node", "id": 12986703278, "kind": "beauty" }, "geometry": { "type": "Point", "coordinates": [ -74.1114217, 40.5814078 ] } },
{ "type": "Feature", "properties": { "element": "node", "id": 12986703280, "kind": "dry_cleaning" }, "geometry": { "type": "Point", "coordinates": [ -74.1112477, 40.5816247 ] } },
{ "type": "Feature", "properties": { "element": "node", "id": 12986703284, "kind": "car_repair" }, "geometry": { "type": "Point", "coordinates": [ -74.1108339, 40.5816931 ] } },
{ "type": "Feature", "properties": { "element": "node", "id": 12986703292, "kind": "video_games" }, "geometry": { "type": "Point", "coordinates": [ -74.1100783, 40.5818797 ] } },
{ "type": "Feature", "properties": { "element": "node", "id": 12986703293, "kind": "garden_centre" }, "geometry": { "type": "Point", "coordinates": [ -74.1108523, 40.5822174 ] } },
{ "type": "Feature", "properties": { "element": "node", "id": 12986703294, "kind": "car_repair" }, "geometry": { "type": "Point", "coordinates": [ -74.1114169, 40.5819424 ] } },
{ "type": "Feature", "properties": { "element": "node", "id": 12988546240, "kind": "travel_agency" }, "geometry": { "type": "Point", "coordinates": [ -74.1017262, 40.6139634 ] } },
{ "type": "Feature", "properties": { "element": "node", "id": 12988546251, "kind": "hairdresser" }, "geometry": { "type": "Point", "coordinates": [ -74.1019028, 40.6142461 ] } },
{ "type": "Feature", "properties": { "element": "node", "id": 12988546254, "kind": "alcohol" }, "geometry": { "type": "Point", "coordinates": [ -74.1027622, 40.6151997 ] } },
{ "type": "Feature", "properties": { "element": "node", "id": 12988546257, "kind": "laundry" }, "geometry": { "type": "Point", "coordinates": [ -74.1031585, 40.6154257 ] } },
{ "type": "Feature", "properties": { "element": "node", "id": 12988546258, "kind": "convenience" }, "geometry": { "type": "Point", "coordinates": [ -74.1031806, 40.6154639 ] } },
{ "type": "Feature", "properties": { "element": "node", "id": 12988546259, "kind": "beauty" }, "geometry": { "type": "Point", "coordinates": [ -74.1032075, 40.6155021 ] } },
{ "type": "Feature", "properties": { "element": "node", "id": 12988546261, "kind": "deli" }, "geometry": { "type": "Point", "coordinates": [ -74.1032524, 40.6155754 ] } },
{ "type": "Feature", "properties": { "element": "node", "id": 12988546264, "kind": "mobile_phone" }, "geometry": { "type": "Point", "coordinates": [ -74.1030961, 40.6161594 ] } },
{ "type": "Feature", "properties": { "element": "node", "id": 12988546265, "kind": "pet_grooming" }, "geometry": { "type": "Point", "coordinates": [ -74.1031308, 40.6161998 ] } },
{ "type": "Feature", "properties": { "element": "node", "id": 12988546268, "kind": "florist" }, "geometry": { "type": "Point", "coordinates": [ -74.1032089, 40.6162846 ] } },
{ "type": "Feature", "properties": { "element": "node", "id": 12988546271, "kind": "e-cigarette" }, "geometry": { "type": "Point", "coordinates": [ -74.1031841, 40.6164103 ] } },
{ "type": "Feature", "properties": { "element": "node", "id": 12988546272, "kind": "hairdresser" }, "geometry": { "type": "Point", "coordinates": [ -74.1031228, 40.6164405 ] } },
{ "type": "Feature", "properties": { "element": "node", "id": 12988546281, "kind": "beauty" }, "geometry": { "type": "Point", "coordinates": [ -74.1027108, 40.6166363 ] } },
{ "type": "Feature", "properties": { "element": "node", "id": 12988546286, "kind": "beauty" }, "geometry": { "type": "Point", "coordinates": [ -74.1013853, 40.6182577 ] } },
{ "type": "Feature", "properties": { "element": "node", "id": 12988546287, "kind": "beauty" }, "geometry": { "type": "Point", "coordinates": [ -74.1014251, 40.6182788 ] } },
{ "type": "Feature", "properties": { "element": "node", "id": 12988546288, "kind": "beauty" }, "geometry": { "type": "Point", "coordinates": [ -74.1014662, 40.6183006 ] } },
{ "type": "Feature", "properties": { "element": "node", "id": 12988608467, "kind": "car_parts" }, "geometry": { "type": "Point", "coordinates": [ -74.1379739, 40.6317717 ] } },
{ "type": "Feature", "properties": { "element": "node", "id": 12988608468, "kind": "convenience" }, "geometry": { "type": "Point", "coordinates": [ -74.138025, 40.6320939 ] } },
{ "type": "Feature", "properties": { "element": "node", "id": 12988608469, "kind": "convenience" }, "geometry": { "type": "Point", "coordinates": [ -74.1375966, 40.6324929 ] } },
{ "type": "Feature", "properties": { "element": "node", "id": 12988608470, "kind": "health_food" }, "geometry": { "type": "Point", "coordinates": [ -74.1375376, 40.6325621 ] } },
{ "type": "Feature", "properties": { "element": "node", "id": 12988608472, "kind": "convenience" }, "geometry": { "type": "Point", "coordinates": [ -74.1370682, 40.6323921 ] } },
{ "type": "Feature", "properties": { "element": "node", "id": 12988608474, "kind": "deli" }, "geometry": { "type": "Point", "coordinates": [ -74.1368925, 40.6333732 ] } },
{ "type": "Feature", "properties": { "element": "node", "id": 12988608477, "kind": "supermarket" }, "geometry": { "type": "Point", "coordinates": [ -74.1362558, 40.6335146 ] } },
{ "type": "Feature", "properties": { "element": "node", "id": 12988608478, "kind": "car_repair" }, "geometry": { "type": "Point", "coordinates": [ -74.1364778, 40.6338951 ] } },
{ "type": "Feature", "properties": { "element": "node", "id": 12988608483, "kind": "dry_cleaning" }, "geometry": { "type": "Point", "coordinates": [ -74.1359614, 40.6344063 ] } },
{ "type": "Feature", "properties": { "element": "node", "id": 12988608484, "kind": "alcohol" }, "geometry": { "type": "Point", "coordinates": [ -74.1359393, 40.6344328 ] } },
{ "type": "Feature", "properties": { "element": "node", "id": 12988608486, "kind": "jewelry" }, "geometry": { "type": "Point", "coordinates": [ -74.1359085, 40.6344781 ] } },
{ "type": "Feature", "properties": { "element": "node", "id": 12988608491, "kind": "vacant" }, "geometry": { "type": "Point", "coordinates": [ -74.1356275, 40.6349275 ] } },
{ "type": "Feature", "properties": { "element": "node", "id": 12988608497, "kind": "hairdresser" }, "geometry": { "type": "Point", "coordinates": [ -74.1352582, 40.6350088 ] } },
{ "type": "Feature", "properties": { "element": "node", "id": 12988608499, "kind": "mobile_phone" }, "geometry": { "type": "Point", "coordinates": [ -74.135225, 40.635068 ] } },
{ "type": "Feature", "properties": { "element": "node", "id": 12988631904, "kind": "mobile_phone" }, "geometry": { "type": "Point", "coordinates": [ -74.1352879, 40.6354266 ] } },
{ "type": "Feature", "properties": { "element": "node", "id": 12988631911, "kind": "convenience" }, "geometry": { "type": "Point", "coordinates": [ -74.1348977, 40.6356039 ] } },
{ "type": "Feature", "properties": { "element": "node", "id": 12988631915, "kind": "variety_store" }, "geometry": { "type": "Point", "coordinates": [ -74.1348306, 40.6357178 ] } },
{ "type": "Feature", "properties": { "element": "node", "id": 12988631916, "kind": "vacant" }, "geometry": { "type": "Point", "coordinates": [ -74.1348556, 40.635675 ] } },
{ "type": "Feature", "properties": { "element": "node", "id": 12988631917, "kind": "furniture" }, "geometry": { "type": "Point", "coordinates": [ -74.1347822, 40.6357848 ] } },
{ "type": "Feature", "properties": { "element": "node", "id": 12988631919, "kind": "deli" }, "geometry": { "type": "Point", "coordinates": [ -74.1349903, 40.6358983 ] } },
{ "type": "Feature", "properties": { "element": "node", "id": 12988631922, "kind": "convenience" }, "geometry": { "type": "Point", "coordinates": [ -74.1351058, 40.6357194 ] } },
{ "type": "Feature", "properties": { "element": "node", "id": 12988631926, "kind": "mobile_phone" }, "geometry": { "type": "Point", "coordinates": [ -74.1351936, 40.635578 ] } },
{ "type": "Feature", "properties": { "element": "node", "id": 12988631928, "kind": "convenience" }, "geometry": { "type": "Point", "coordinates": [ -74.1348553, 40.6361543 ] } },
{ "type": "Feature", "properties": { "element": "node", "id": 12988631930, "kind": "jewelry" }, "geometry": { "type": "Point", "coordinates": [ -74.134549, 40.6361346 ] } },
{ "type": "Feature", "properties": { "element": "node", "id": 12988631932, "kind": "furniture" }, "geometry": { "type": "Point", "coordinates": [ -74.134489, 40.6362224 ] } },
{ "type": "Feature", "properties": { "element": "node", "id": 12988631934, "kind": "deli" }, "geometry": { "type": "Point", "coordinates": [ -74.1344088, 40.6363423 ] } },
{ "type": "Feature", "properties": { "element": "node", "id": 12988631935, "kind": "variety_store" }, "geometry": { "type": "Point", "coordinates": [ -74.1343513, 40.6364173 ] } },
{ "type": "Feature", "properties": { "element": "node", "id": 12988631936, "kind": "convenience" }, "geometry": { "type": "Point", "coordinates": [ -74.1342804, 40.6365205 ] } },
{ "type": "Feature", "properties": { "element": "node", "id": 12988631937, "kind": "convenience" }, "geometry": { "type": "Point", "coordinates": [ -74.1341883, 40.6366423 ] } },
{ "type": "Feature", "properties": { "element": "node", "id": 12988631943, "kind": "convenience" }, "geometry": { "type": "Point", "coordinates": [ -74.1345174, 40.6366338 ] } },
{ "type": "Feature", "properties": { "element": "node", "id": 12988631944, "kind": "convenience" }, "geometry": { "type": "Point", "coordinates": [ -74.1346137, 40.6364981 ] } },
{ "type": "Feature", "properties": { "element": "node", "id": 12988631948, "kind": "religion" }, "geometry": { "type": "Point", "coordinates": [ -74.1347287, 40.6363018 ] } },
{ "type": "Feature", "properties": { "element": "node", "id": 12988631949, "kind": "hairdresser" }, "geometry": { "type": "Point", "coordinates": [ -74.1347819, 40.6362234 ] } },
{ "type": "Feature", "properties": { "element": "node", "id": 12988631950, "kind": "hairdresser" }, "geometry": { "type": "Point", "coordinates": [ -74.1343449, 40.6368585 ] } },
{ "type": "Feature", "properties": { "element": "node", "id": 12988631952, "kind": "beauty" }, "geometry": { "type": "Point", "coordinates": [ -74.134245, 40.6369852 ] } },
{ "type": "Feature", "properties": { "element": "node", "id": 12988631953, "kind": "convenience" }, "geometry": { "type": "Point", "coordinates": [ -74.1341987, 40.6370513 ] } },
{ "type": "Feature", "properties": { "element": "node", "id": 12988631956, "kind": "mobile_phone" }, "geometry": { "type": "Point", "coordinates": [ -74.134119, 40.6371674 ] } },
{ "type": "Feature", "properties": { "element": "node", "id": 12988631957, "kind": "alcohol" }, "geometry": { "type": "Point", "coordinates": [ -74.1340848, 40.6372121 ] } },
{ "type": "Feature", "properties": { "element": "node", "id": 12988631959, "kind": "money_lender" }, "geometry": { "type": "Point", "coordinates": [ -74.1339192, 40.6370257 ] } },
{ "type": "Feature", "properties": { "element": "node", "id": 12988631960, "kind": "hairdresser" }, "geometry": { "type": "Point", "coordinates": [ -74.1338809, 40.6370762 ] } },
{ "type": "Feature", "properties": { "element": "node", "id": 12988631964, "kind": "convenience" }, "geometry": { "type": "Point", "coordinates": [ -74.1337351, 40.6372757 ] } },
{ "type": "Feature", "properties": { "element": "node", "id": 12988631965, "kind": "bakery" }, "geometry": { "type": "Point", "coordinates": [ -74.133684, 40.6373448 ] } },
{ "type": "Feature", "properties": { "element": "node", "id": 12988631967, "kind": "convenience" }, "geometry": { "type": "Point", "coordinates": [ -74.1336084, 40.6374498 ] } },
{ "type": "Feature", "properties": { "element": "node", "id": 12988631971, "kind": "furniture" }, "geometry": { "type": "Point", "coordinates": [ -74.1338193, 40.6375955 ] } },
{ "type": "Feature", "properties": { "element": "node", "id": 12988631972, "kind": "second_hand" }, "geometry": { "type": "Point", "coordinates": [ -74.1337508, 40.6376821 ] } },
{ "type": "Feature", "properties": { "element": "node", "id": 12988631973, "kind": "laundry" }, "geometry": { "type": "Point", "coordinates": [ -74.1336951, 40.6377494 ] } },
{ "type": "Feature", "properties": { "element": "node", "id": 12988631974, "kind": "health_food" }, "geometry": { "type": "Point", "coordinates": [ -74.1334653, 40.637634 ] } },
{ "type": "Feature", "properties": { "element": "node", "id": 12990538015, "kind": "bakery" }, "geometry": { "type": "Point", "coordinates": [ -74.1334273, 40.6376895 ] } },
{ "type": "Feature", "properties": { "element": "node", "id": 12990538016, "kind": "gift" }, "geometry": { "type": "Point", "coordinates": [ -74.1333958, 40.6377369 ] } },
{ "type": "Feature", "properties": { "element": "node", "id": 12990538017, "kind": "vacant" }, "geometry": { "type": "Point", "coordinates": [ -74.1333656, 40.6377745 ] } },
{ "type": "Feature", "properties": { "element": "node", "id": 12990538019, "kind": "convenience" }, "geometry": { "type": "Point", "coordinates": [ -74.1333416, 40.6378147 ] } },
{ "type": "Feature", "properties": { "element": "node", "id": 12990538020, "kind": "clothes" }, "geometry": { "type": "Point", "coordinates": [ -74.1333129, 40.6378523 ] } },
{ "type": "Feature", "properties": { "element": "node", "id": 12990538021, "kind": "pet_grooming" }, "geometry": { "type": "Point", "coordinates": [ -74.1332857, 40.6378915 ] } },
{ "type": "Feature", "properties": { "element": "node", "id": 12990538022, "kind": "hairdresser" }, "geometry": { "type": "Point", "coordinates": [ -74.1332559, 40.6379266 ] } },
{ "type": "Feature", "properties": { "element": "node", "id": 12990538023, "kind": "florist" }, "geometry": { "type": "Point", "coordinates": [ -74.1332304, 40.6379662 ] } },
{ "type": "Feature", "properties": { "element": "node", "id": 12990538025, "kind": "florist" }, "geometry": { "type": "Point", "coordinates": [ -74.1331888, 40.6380179 ] } },
{ "type": "Feature", "properties": { "element": "node", "id": 12990538028, "kind": "second_hand" }, "geometry": { "type": "Point", "coordinates": [ -74.1333335, 40.6382532 ] } },
{ "type": "Feature", "properties": { "element": "node", "id": 12990538032, "kind": "pawnbroker" }, "geometry": { "type": "Point", "coordinates": [ -74.1335162, 40.6380062 ] } },
{ "type": "Feature", "properties": { "element": "node", "id": 12990538034, "kind": "hairdresser" }, "geometry": { "type": "Point", "coordinates": [ -74.1329191, 40.6383792 ] } },
{ "type": "Feature", "properties": { "element": "node", "id": 12990538035, "kind": "tattoo" }, "geometry": { "type": "Point", "coordinates": [ -74.1328965, 40.6384097 ] } },
{ "type": "Feature", "properties": { "element": "node", "id": 12990538037, "kind": "health_food" }, "geometry": { "type": "Point", "coordinates": [ -74.1328349, 40.6385002 ] } },
{ "type": "Feature", "properties": { "element": "node", "id": 12990538039, "kind": "gift" }, "geometry": { "type": "Point", "coordinates": [ -74.1327402, 40.6386034 ] } },
{ "type": "Feature", "properties": { "element": "node", "id": 12990538040, "kind": "department_store" }, "geometry": { "type": "Point", "coordinates": [ -74.1330686, 40.6386135 ] } },
{ "type": "Feature", "properties": { "element": "node", "id": 12990538043, "kind": "clothes" }, "geometry": { "type": "Point", "coordinates": [ -74.1325126, 40.6389148 ] } },
{ "type": "Feature", "properties": { "element": "node", "id": 12990538044, "kind": "vacant" }, "geometry": { "type": "Point", "coordinates": [ -74.13265, 40.6387357 ] } },
{ "type": "Feature", "properties": { "element": "node", "id": 12990538049, "kind": "lighting" }, "geometry": { "type": "Point", "coordinates": [ -74.1321236, 40.6393609 ] } },
{ "type": "Feature", "properties": { "element": "node", "id": 12990538054, "kind": "doityourself" }, "geometry": { "type": "Point", "coordinates": [ -74.1316208, 40.6394286 ] } },
{ "type": "Feature", "properties": { "element": "node", "id": 12990538060, "kind": "deli" }, "geometry": { "type": "Point", "coordinates": [ -74.1313154, 40.6404945 ] } },
{ "type": "Feature", "properties": { "element": "node", "id": 12990538062, "kind": "alcohol" }, "geometry": { "type": "Point", "coordinates": [ -74.1311094, 40.6404715 ] } },
{ "type": "Feature", "properties": { "element": "node", "id": 12990538086, "kind": "car_repair" }, "geometry": { "type": "Point", "coordinates": [ -74.1293404, 40.6386828 ] } },
{ "type": "Feature", "properties": { "element": "node", "id": 12990538087, "kind": "car_repair" }, "geometry": { "type": "Point", "coordinates": [ -74.1292872, 40.638581 ] } },
{ "type": "Feature", "properties": { "element": "node", "id": 12990558305, "kind": "kitchen" }, "geometry": { "type": "Point", "coordinates": [ -74.1291916, 40.6384006 ] } },
{ "type": "Feature", "properties": { "element": "node", "id": 12990558306, "kind": "furniture" }, "geometry": { "type": "Point", "coordinates": [ -74.1291463, 40.6382878 ] } },
{ "type": "Feature", "properties": { "element": "node", "id": 12990558311, "kind": "sports" }, "geometry": { "type": "Point", "coordinates": [ -74.1289687, 40.6378517 ] } },
{ "type": "Feature", "properties": { "element": "node", "id": 12990558313, "kind": "deli" }, "geometry": { "type": "Point", "coordinates": [ -74.1288894, 40.6375942 ] } },
{ "type": "Feature", "properties": { "element": "node", "id": 12990558315, "kind": "furniture" }, "geometry": { "type": "Point", "coordinates": [ -74.1287947, 40.6373493 ] } },
{ "type": "Feature", "properties": { "element": "node", "id": 12990558322, "kind": "deli" }, "geometry": { "type": "Point", "coordinates": [ -74.1255168, 40.6371245 ] } },
{ "type": "Feature", "properties": { "element": "node", "id": 12990558331, "kind": "tyres" }, "geometry": { "type": "Point", "coordinates": [ -74.1244759, 40.6374045 ] } },
{ "type": "Feature", "properties": { "element": "node", "id": 12990558341, "kind": "storage_rental" }, "geometry": { "type": "Point", "coordinates": [ -74.1209103, 40.6396274 ] } },
{ "type": "Feature", "properties": { "element": "node", "id": 12990558342, "kind": "medical_supply" }, "geometry": { "type": "Point", "coordinates": [ -74.1207937, 40.6400146 ] } },
{ "type": "Feature", "properties": { "element": "node", "id": 12990558358, "kind": "car_repair" }, "geometry": { "type": "Point", "coordinates": [ -74.1202036, 40.6404515 ] } },
{ "type": "Feature", "properties": { "element": "node", "id": 12990558361, "kind": "boat_repair" }, "geometry": { "type": "Point", "coordinates": [ -74.1181235, 40.6414071 ] } },
{ "type": "Feature", "properties": { "element": "node", "id": 12990558364, "kind": "restaurant_supply" }, "geometry": { "type": "Point", "coordinates": [ -74.1166981, 40.6412565 ] } },
{ "type": "Feature", "properties": { "element": "node", "id": 12990558365, "kind": "deli" }, "geometry": { "type": "Point", "coordinates": [ -74.1156543, 40.6416238 ] } },
{ "type": "Feature", "properties": { "element": "node", "id": 12990558367, "kind": "tool_hire" }, "geometry": { "type": "Point", "coordinates": [ -74.1154404, 40.6417434 ] } },
{ "type": "Feature", "properties": { "element": "node", "id": 12990558369, "kind": "car_repair" }, "geometry": { "type": "Point", "coordinates": [ -74.1146931, 40.6422369 ] } },
{ "type": "Feature", "properties": { "element": "node", "id": 12990558372, "kind": "convenience" }, "geometry": { "type": "Point", "coordinates": [ -74.1140509, 40.6424817 ] } },
{ "type": "Feature", "properties": { "element": "node", "id": 12990558377, "kind": "convenience" }, "geometry": { "type": "Point", "coordinates": [ -74.1085442, 40.6453443 ] } },
{ "type": "Feature", "properties": { "element": "node", "id": 12990558439, "kind": "tyres" }, "geometry": { "type": "Point", "coordinates": [ -74.0975912, 40.6445646 ] } },
{ "type": "Feature", "properties": { "element": "node", "id": 12990558440, "kind": "car" }, "geometry": { "type": "Point", "coordinates": [ -74.0980191, 40.6443918 ] } },
{ "type": "Feature", "properties": { "element": "node", "id": 12990558443, "kind": "car_repair" }, "geometry": { "type": "Point", "coordinates": [ -74.0954295, 40.6446089 ] } },
{ "type": "Feature", "properties": { "element": "node", "id": 12990558445, "kind": "car_repair" }, "geometry": { "type": "Point", "coordinates": [ -74.095704, 40.6444249 ] } },
{ "type": "Feature", "properties": { "element": "node", "id": 13002106433, "kind": "convenience" }, "geometry": { "type": "Point", "coordinates": [ -74.1033152, 40.6307317 ] } },
{ "type": "Feature", "properties": { "element": "node", "id": 13002106439, "kind": "hairdresser" }, "geometry": { "type": "Point", "coordinates": [ -74.1027644, 40.6307918 ] } },
{ "type": "Feature", "properties": { "element": "node", "id": 13023118417, "kind": "kitchen" }, "geometry": { "type": "Point", "coordinates": [ -74.1300579, 40.6310394 ] } },
{ "type": "Feature", "properties": { "element": "node", "id": 13023118429, "kind": "hairdresser" }, "geometry": { "type": "Point", "coordinates": [ -74.1295799, 40.6308666 ] } },
{ "type": "Feature", "properties": { "element": "node", "id": 13023118438, "kind": "car_repair" }, "geometry": { "type": "Point", "coordinates": [ -74.1252276, 40.6317959 ] } },
{ "type": "Feature", "properties": { "element": "node", "id": 13023118440, "kind": "car" }, "geometry": { "type": "Point", "coordinates": [ -74.1242633, 40.6320741 ] } },
{ "type": "Feature", "properties": { "element": "node", "id": 13023118442, "kind": "convenience" }, "geometry": { "type": "Point", "coordinates": [ -74.1246866, 40.6316254 ] } },
{ "type": "Feature", "properties": { "element": "node", "id": 13023118443, "kind": "car_repair" }, "geometry": { "type": "Point", "coordinates": [ -74.1250993, 40.6314131 ] } },
{ "type": "Feature", "properties": { "element": "node", "id": 13023118445, "kind": "car_repair" }, "geometry": { "type": "Point", "coordinates": [ -74.1235552, 40.6320457 ] } },
{ "type": "Feature", "properties": { "element": "node", "id": 13023118456, "kind": "convenience" }, "geometry": { "type": "Point", "coordinates": [ -74.1167207, 40.632802 ] } },
{ "type": "Feature", "properties": { "element": "node", "id": 13023118459, "kind": "hairdresser" }, "geometry": { "type": "Point", "coordinates": [ -74.1169541, 40.6325496 ] } },
{ "type": "Feature", "properties": { "element": "node", "id": 13023118462, "kind": "hairdresser" }, "geometry": { "type": "Point", "coordinates": [ -74.1171599, 40.6335177 ] } },
{ "type": "Feature", "properties": { "element": "node", "id": 13023118463, "kind": "car_repair" }, "geometry": { "type": "Point", "coordinates": [ -74.1172808, 40.6336363 ] } },
{ "type": "Feature", "properties": { "element": "node", "id": 13023118466, "kind": "car_repair" }, "geometry": { "type": "Point", "coordinates": [ -74.1200989, 40.6329236 ] } },
{ "type": "Feature", "properties": { "element": "node", "id": 13023118468, "kind": "laundry" }, "geometry": { "type": "Point", "coordinates": [ -74.1304088, 40.6311134 ] } },
{ "type": "Feature", "properties": { "element": "node", "id": 13023118469, "kind": "deli" }, "geometry": { "type": "Point", "coordinates": [ -74.1308484, 40.6311853 ] } },
{ "type": "Feature", "properties": { "element": "node", "id": 13023118470, "kind": "car_repair" }, "geometry": { "type": "Point", "coordinates": [ -74.130825, 40.6308654 ] } },
{ "type": "Feature", "properties": { "element": "node", "id": 13023118472, "kind": "bakery" }, "geometry": { "type": "Point", "coordinates": [ -74.1310631, 40.6310224 ] } },
{ "type": "Feature", "properties": { "element": "node", "id": 13023118473, "kind": "convenience" }, "geometry": { "type": "Point", "coordinates": [ -74.1312326, 40.6311137 ] } },
{ "type": "Feature", "properties": { "element": "node", "id": 13023118474, "kind": "convenience" }, "geometry": { "type": "Point", "coordinates": [ -74.1317446, 40.631641 ] } },
{ "type": "Feature", "properties": { "element": "node", "id": 13023118486, "kind": "laundry" }, "geometry": { "type": "Point", "coordinates": [ -74.1330265, 40.632102 ] } },
{ "type": "Feature", "properties": { "element": "node", "id": 13023118487, "kind": "deli" }, "geometry": { "type": "Point", "coordinates": [ -74.1331441, 40.6319704 ] } },
{ "type": "Feature", "properties": { "element": "node", "id": 13023118489, "kind": "convenience" }, "geometry": { "type": "Point", "coordinates": [ -74.1342242, 40.6327756 ] } },
{ "type": "Feature", "properties": { "element": "node", "id": 13023118492, "kind": "cheese" }, "geometry": { "type": "Point", "coordinates": [ -74.1343299, 40.6330754 ] } },
{ "type": "Feature", "properties": { "element": "node", "id": 13023118493, "kind": "convenience" }, "geometry": { "type": "Point", "coordinates": [ -74.1344225, 40.6328795 ] } },
{ "type": "Feature", "properties": { "element": "node", "id": 13023118494, "kind": "hairdresser" }, "geometry": { "type": "Point", "coordinates": [ -74.1344654, 40.6329004 ] } },
{ "type": "Feature", "properties": { "element": "node", "id": 13023118499, "kind": "cannabis" }, "geometry": { "type": "Point", "coordinates": [ -74.1357658, 40.6338784 ] } },
{ "type": "Feature", "properties": { "element": "node", "id": 13024440167, "kind": "hairdresser" }, "geometry": { "type": "Point", "coordinates": [ -74.1169283, 40.6371745 ] } },
{ "type": "Feature", "properties": { "element": "node", "id": 13024440169, "kind": "deli" }, "geometry": { "type": "Point", "coordinates": [ -74.1172461, 40.6373243 ] } },
{ "type": "Feature", "properties": { "element": "node", "id": 13024440177, "kind": "convenience" }, "geometry": { "type": "Point", "coordinates": [ -74.1162128, 40.6370506 ] } },
{ "type": "Feature", "properties": { "element": "node", "id": 13024440178, "kind": "hairdresser" }, "geometry": { "type": "Point", "coordinates": [ -74.1162213, 40.6372606 ] } },
{ "type": "Feature", "properties": { "element": "node", "id": 13024440179, "kind": "deli" }, "geometry": { "type": "Point", "coordinates": [ -74.1161287, 40.6372776 ] } },
{ "type": "Feature", "properties": { "element": "node", "id": 13024440180, "kind": "alcohol" }, "geometry": { "type": "Point", "coordinates": [ -74.1160158, 40.6372816 ] } },
{ "type": "Feature", "properties": { "element": "node", "id": 13024440182, "kind": "clothes" }, "geometry": { "type": "Point", "coordinates": [ -74.1155747, 40.6373318 ] } },
{ "type": "Feature", "properties": { "element": "node", "id": 13024440183, "kind": "car" }, "geometry": { "type": "Point", "coordinates": [ -74.1154759, 40.6370188 ] } },
{ "type": "Feature", "properties": { "element": "node", "id": 13024440185, "kind": "health_food" }, "geometry": { "type": "Point", "coordinates": [ -74.115317, 40.6373621 ] } },
{ "type": "Feature", "properties": { "element": "node", "id": 13024440188, "kind": "convenience" }, "geometry": { "type": "Point", "coordinates": [ -74.1136389, 40.6375354 ] } },
{ "type": "Feature", "properties": { "element": "node", "id": 13024440189, "kind": "convenience" }, "geometry": { "type": "Point", "coordinates": [ -74.1136075, 40.6373451 ] } },
{ "type": "Feature", "properties": { "element": "node", "id": 13024440190, "kind": "seafood" }, "geometry": { "type": "Point", "coordinates": [ -74.1135804, 40.6372187 ] } },
{ "type": "Feature", "properties": { "element": "node", "id": 13024440195, "kind": "dry_cleaning" }, "geometry": { "type": "Point", "coordinates": [ -74.1093787, 40.6379207 ] } },
{ "type": "Feature", "properties": { "element": "node", "id": 13024510960, "kind": "convenience" }, "geometry": { "type": "Point", "coordinates": [ -74.0946734, 40.6409505 ] } },
{ "type": "Feature", "properties": { "element": "node", "id": 13024510963, "kind": "laundry" }, "geometry": { "type": "Point", "coordinates": [ -74.0947121, 40.6410972 ] } },
{ "type": "Feature", "properties": { "element": "node", "id": 13024510964, "kind": "hairdresser" }, "geometry": { "type": "Point", "coordinates": [ -74.0947259, 40.6411319 ] } },
{ "type": "Feature", "properties": { "element": "node", "id": 13034344260, "kind": "carpet" }, "geometry": { "type": "Point", "coordinates": [ -74.1663687, 40.5893523 ] } },
{ "type": "Feature", "properties": { "element": "node", "id": 13037677707, "kind": "weapons" }, "geometry": { "type": "Point", "coordinates": [ -74.2185162, 40.552348 ] } },
{ "type": "Feature", "properties": { "element": "node", "id": 13039628039, "kind": "supermarket" }, "geometry": { "type": "Point", "coordinates": [ -74.1091534, 40.569089 ] } },
{ "type": "Feature", "properties": { "element": "node", "id": 13039825014, "kind": "convenience" }, "geometry": { "type": "Point", "coordinates": [ -74.0713991, 40.612919 ] } },
{ "type": "Feature", "properties": { "element": "node", "id": 13039825016, "kind": "car_repair" }, "geometry": { "type": "Point", "coordinates": [ -74.0717866, 40.6126944 ] } },
{ "type": "Feature", "properties": { "element": "node", "id": 13039825017, "kind": "car_repair" }, "geometry": { "type": "Point", "coordinates": [ -74.0717376, 40.6129328 ] } },
{ "type": "Feature", "properties": { "element": "node", "id": 13039825018, "kind": "pet_grooming" }, "geometry": { "type": "Point", "coordinates": [ -74.0718164, 40.6130475 ] } },
{ "type": "Feature", "properties": { "element": "node", "id": 13039825019, "kind": "second_hand" }, "geometry": { "type": "Point", "coordinates": [ -74.0716024, 40.6132212 ] } },
{ "type": "Feature", "properties": { "element": "node", "id": 13039825020, "kind": "tattoo" }, "geometry": { "type": "Point", "coordinates": [ -74.0716378, 40.6132575 ] } },
{ "type": "Feature", "properties": { "element": "node", "id": 13039825021, "kind": "deli" }, "geometry": { "type": "Point", "coordinates": [ -74.0716724, 40.6133088 ] } },
{ "type": "Feature", "properties": { "element": "node", "id": 13039825022, "kind": "car_repair" }, "geometry": { "type": "Point", "coordinates": [ -74.0717729, 40.6135159 ] } },
{ "type": "Feature", "properties": { "element": "node", "id": 13039825024, "kind": "vacant" }, "geometry": { "type": "Point", "coordinates": [ -74.0722917, 40.6136538 ] } },
{ "type": "Feature", "properties": { "element": "node", "id": 13039825025, "kind": "music" }, "geometry": { "type": "Point", "coordinates": [ -74.0723415, 40.6137109 ] } },
{ "type": "Feature", "properties": { "element": "node", "id": 13039825026, "kind": "hairdresser" }, "geometry": { "type": "Point", "coordinates": [ -74.0723838, 40.613768 ] } },
{ "type": "Feature", "properties": { "element": "node", "id": 13039825041, "kind": "beauty" }, "geometry": { "type": "Point", "coordinates": [ -74.0709694, 40.6125181 ] } },
{ "type": "Feature", "properties": { "element": "node", "id": 13039825046, "kind": "e-cigarette" }, "geometry": { "type": "Point", "coordinates": [ -74.0712557, 40.6122747 ] } },
{ "type": "Feature", "properties": { "element": "node", "id": 13039825048, "kind": "convenience" }, "geometry": { "type": "Point", "coordinates": [ -74.0706771, 40.6121376 ] } },
{ "type": "Feature", "properties": { "element": "node", "id": 13039825050, "kind": "laundry" }, "geometry": { "type": "Point", "coordinates": [ -74.0718856, 40.6157936 ] } },
{ "type": "Feature", "properties": { "element": "node", "id": 13039825051, "kind": "variety_store" }, "geometry": { "type": "Point", "coordinates": [ -74.0718051, 40.6156755 ] } },
{ "type": "Feature", "properties": { "element": "node", "id": 13039825052, "kind": "storage_rental" }, "geometry": { "type": "Point", "coordinates": [ -74.0716722, 40.6154827 ] } },
{ "type": "Feature", "properties": { "element": "node", "id": 13039825058, "kind": "convenience" }, "geometry": { "type": "Point", "coordinates": [ -74.0734134, 40.6155382 ] } },
{ "type": "Feature", "properties": { "element": "node", "id": 13039825059, "kind": "car_repair" }, "geometry": { "type": "Point", "coordinates": [ -74.0735266, 40.615762 ] } },
{ "type": "Feature", "properties": { "element": "node", "id": 13039825061, "kind": "car_repair" }, "geometry": { "type": "Point", "coordinates": [ -74.0736643, 40.6159371 ] } },
{ "type": "Feature", "properties": { "element": "node", "id": 13039825062, "kind": "curtain" }, "geometry": { "type": "Point", "coordinates": [ -74.0739508, 40.6158588 ] } },
{ "type": "Feature", "properties": { "element": "node", "id": 13039825069, "kind": "car_repair" }, "geometry": { "type": "Point", "coordinates": [ -74.0725442, 40.6165322 ] } },
{ "type": "Feature", "properties": { "element": "node", "id": 13039825070, "kind": "furniture" }, "geometry": { "type": "Point", "coordinates": [ -74.0726967, 40.6164723 ] } },
{ "type": "Feature", "properties": { "element": "node", "id": 13039825072, "kind": "vacant" }, "geometry": { "type": "Point", "coordinates": [ -74.073062, 40.6163067 ] } },
{ "type": "Feature", "properties": { "element": "node", "id": 13039825073, "kind": "furniture" }, "geometry": { "type": "Point", "coordinates": [ -74.0733036, 40.616208 ] } },
{ "type": "Feature", "properties": { "element": "node", "id": 13039825074, "kind": "laundry" }, "geometry": { "type": "Point", "coordinates": [ -74.0736579, 40.6160618 ] } },
{ "type": "Feature", "properties": { "element": "node", "id": 13039825075, "kind": "wholesale" }, "geometry": { "type": "Point", "coordinates": [ -74.0732354, 40.6160544 ] } },
{ "type": "Feature", "properties": { "element": "node", "id": 13039825077, "kind": "storage_rental" }, "geometry": { "type": "Point", "coordinates": [ -74.0724002, 40.6170463 ] } },
{ "type": "Feature", "properties": { "element": "node", "id": 13039825082, "kind": "electronics" }, "geometry": { "type": "Point", "coordinates": [ -74.0728168, 40.6177746 ] } },
{ "type": "Feature", "properties": { "element": "node", "id": 13039825084, "kind": "wholesale" }, "geometry": { "type": "Point", "coordinates": [ -74.071623, 40.6178097 ] } },
{ "type": "Feature", "properties": { "element": "node", "id": 13039825085, "kind": "hairdresser" }, "geometry": { "type": "Point", "coordinates": [ -74.0694943, 40.618426 ] } },
{ "type": "Feature", "properties": { "element": "node", "id": 13039825087, "kind": "party" }, "geometry": { "type": "Point", "coordinates": [ -74.0693904, 40.6182939 ] } },
{ "type": "Feature", "properties": { "element": "node", "id": 13039852129, "kind": "deli" }, "geometry": { "type": "Point", "coordinates": [ -74.0719768, 40.6215427 ] } },
{ "type": "Feature", "properties": { "element": "node", "id": 13039852130, "kind": "car_repair" }, "geometry": { "type": "Point", "coordinates": [ -74.0726218, 40.6220258 ] } },
{ "type": "Feature", "properties": { "element": "node", "id": 13039852133, "kind": "hairdresser" }, "geometry": { "type": "Point", "coordinates": [ -74.0748895, 40.6250339 ] } },
{ "type": "Feature", "properties": { "element": "node", "id": 13039852134, "kind": "alcohol" }, "geometry": { "type": "Point", "coordinates": [ -74.074913, 40.6250775 ] } },
{ "type": "Feature", "properties": { "element": "node", "id": 13039852135, "kind": "florist" }, "geometry": { "type": "Point", "coordinates": [ -74.074938, 40.6251385 ] } },
{ "type": "Feature", "properties": { "element": "node", "id": 13039852138, "kind": "fashion_accessories" }, "geometry": { "type": "Point", "coordinates": [ -74.0750423, 40.6253425 ] } },
{ "type": "Feature", "properties": { "element": "node", "id": 13039852139, "kind": "beauty" }, "geometry": { "type": "Point", "coordinates": [ -74.0750599, 40.6253764 ] } },
{ "type": "Feature", "properties": { "element": "node", "id": 13039852141, "kind": "deli" }, "geometry": { "type": "Point", "coordinates": [ -74.0751067, 40.6254641 ] } },
{ "type": "Feature", "properties": { "element": "node", "id": 13040296876, "kind": "beauty" }, "geometry": { "type": "Point", "coordinates": [ -74.0747374, 40.6253866 ] } },
{ "type": "Feature", "properties": { "element": "node", "id": 13040296877, "kind": "convenience" }, "geometry": { "type": "Point", "coordinates": [ -74.0747646, 40.6254228 ] } },
{ "type": "Feature", "properties": { "element": "node", "id": 13040296878, "kind": "beauty" }, "geometry": { "type": "Point", "coordinates": [ -74.0747879, 40.6254537 ] } },
{ "type": "Feature", "properties": { "element": "node", "id": 13040296883, "kind": "fabric" }, "geometry": { "type": "Point", "coordinates": [ -74.0749221, 40.625665 ] } },
{ "type": "Feature", "properties": { "element": "node", "id": 13040296884, "kind": "convenience" }, "geometry": { "type": "Point", "coordinates": [ -74.0749577, 40.6257292 ] } },
{ "type": "Feature", "properties": { "element": "node", "id": 13040296886, "kind": "hairdresser" }, "geometry": { "type": "Point", "coordinates": [ -74.0753396, 40.6259208 ] } },
{ "type": "Feature", "properties": { "element": "node", "id": 13040296887, "kind": "hairdresser" }, "geometry": { "type": "Point", "coordinates": [ -74.0753092, 40.6258676 ] } },
{ "type": "Feature", "properties": { "element": "node", "id": 13040296892, "kind": "convenience" }, "geometry": { "type": "Point", "coordinates": [ -74.0751536, 40.6261142 ] } },
{ "type": "Feature", "properties": { "element": "node", "id": 13040296895, "kind": "convenience" }, "geometry": { "type": "Point", "coordinates": [ -74.0754768, 40.6261596 ] } },
{ "type": "Feature", "properties": { "element": "node", "id": 13040296900, "kind": "convenience" }, "geometry": { "type": "Point", "coordinates": [ -74.0755621, 40.6262997 ] } },
{ "type": "Feature", "properties": { "element": "node", "id": 13040315303, "kind": "second_hand" }, "geometry": { "type": "Point", "coordinates": [ -74.0755868, 40.6263464 ] } },
{ "type": "Feature", "properties": { "element": "node", "id": 13040315309, "kind": "laundry" }, "geometry": { "type": "Point", "coordinates": [ -74.0754485, 40.6265823 ] } },
{ "type": "Feature", "properties": { "element": "node", "id": 13040315316, "kind": "hairdresser" }, "geometry": { "type": "Point", "coordinates": [ -74.0757224, 40.6270332 ] } },
{ "type": "Feature", "properties": { "element": "node", "id": 13040315319, "kind": "convenience" }, "geometry": { "type": "Point", "coordinates": [ -74.0757198, 40.6272572 ] } },
{ "type": "Feature", "properties": { "element": "node", "id": 13040315320, "kind": "clothes" }, "geometry": { "type": "Point", "coordinates": [ -74.0761831, 40.6273285 ] } },
{ "type": "Feature", "properties": { "element": "node", "id": 13040315324, "kind": "tobacco" }, "geometry": { "type": "Point", "coordinates": [ -74.0763716, 40.6276588 ] } },
{ "type": "Feature", "properties": { "element": "node", "id": 13040315325, "kind": "mobile_phone" }, "geometry": { "type": "Point", "coordinates": [ -74.0760437, 40.6275794 ] } },
{ "type": "Feature", "properties": { "element": "node", "id": 13040315326, "kind": "mobile_phone" }, "geometry": { "type": "Point", "coordinates": [ -74.0760101, 40.6275188 ] } },
{ "type": "Feature", "properties": { "element": "node", "id": 13040315334, "kind": "beauty" }, "geometry": { "type": "Point", "coordinates": [ -74.0765321, 40.6280266 ] } },
{ "type": "Feature", "properties": { "element": "node", "id": 13040315336, "kind": "convenience" }, "geometry": { "type": "Point", "coordinates": [ -74.0763324, 40.6286754 ] } },
{ "type": "Feature", "properties": { "element": "node", "id": 13040315337, "kind": "hairdresser" }, "geometry": { "type": "Point", "coordinates": [ -74.0765635, 40.6282984 ] } },
{ "type": "Feature", "properties": { "element": "node", "id": 13040315339, "kind": "e-cigarette" }, "geometry": { "type": "Point", "coordinates": [ -74.0766265, 40.6286555 ] } },
{ "type": "Feature", "properties": { "element": "node", "id": 13040315343, "kind": "beauty" }, "geometry": { "type": "Point", "coordinates": [ -74.076667, 40.6287664 ] } },
{ "type": "Feature", "properties": { "element": "node", "id": 13040315344, "kind": "furniture" }, "geometry": { "type": "Point", "coordinates": [ -74.0767017, 40.6290139 ] } },
{ "type": "Feature", "properties": { "element": "node", "id": 13040315346, "kind": "laundry" }, "geometry": { "type": "Point", "coordinates": [ -74.0764603, 40.6292426 ] } },
{ "type": "Feature", "properties": { "element": "node", "id": 13040315348, "kind": "car_repair" }, "geometry": { "type": "Point", "coordinates": [ -74.0762298, 40.6293439 ] } },
{ "type": "Feature", "properties": { "element": "node", "id": 13040315349, "kind": "car_repair" }, "geometry": { "type": "Point", "coordinates": [ -74.0762408, 40.6293901 ] } },
{ "type": "Feature", "properties": { "element": "node", "id": 13040315350, "kind": "car" }, "geometry": { "type": "Point", "coordinates": [ -74.0762518, 40.6294574 ] } },
{ "type": "Feature", "properties": { "element": "node", "id": 13040315354, "kind": "beauty" }, "geometry": { "type": "Point", "coordinates": [ -74.0768675, 40.6300442 ] } },
{ "type": "Feature", "properties": { "element": "node", "id": 13040315356, "kind": "wholesale" }, "geometry": { "type": "Point", "coordinates": [ -74.0768868, 40.6304322 ] } },
{ "type": "Feature", "properties": { "element": "node", "id": 13040315357, "kind": "deli" }, "geometry": { "type": "Point", "coordinates": [ -74.0768625, 40.6307664 ] } },
{ "type": "Feature", "properties": { "element": "node", "id": 13040315358, "kind": "doityourself" }, "geometry": { "type": "Point", "coordinates": [ -74.076208, 40.6319012 ] } },
{ "type": "Feature", "properties": { "element": "node", "id": 13040315363, "kind": "hairdresser" }, "geometry": { "type": "Point", "coordinates": [ -74.075921, 40.6323925 ] } },
{ "type": "Feature", "properties": { "element": "node", "id": 13040315364, "kind": "hairdresser" }, "geometry": { "type": "Point", "coordinates": [ -74.0758796, 40.6326034 ] } },
{ "type": "Feature", "properties": { "element": "node", "id": 13040315365, "kind": "hairdresser" }, "geometry": { "type": "Point", "coordinates": [ -74.0757081, 40.6327662 ] } },
{ "type": "Feature", "properties": { "element": "node", "id": 13040315367, "kind": "car_repair" }, "geometry": { "type": "Point", "coordinates": [ -74.0759167, 40.6332088 ] } },
{ "type": "Feature", "properties": { "element": "node", "id": 13040315373, "kind": "car_repair" }, "geometry": { "type": "Point", "coordinates": [ -74.0770719, 40.6357374 ] } },
{ "type": "Feature", "properties": { "element": "node", "id": 13040315378, "kind": "convenience" }, "geometry": { "type": "Point", "coordinates": [ -74.0772414, 40.6360831 ] } },
{ "type": "Feature", "properties": { "element": "node", "id": 13040315381, "kind": "trophy" }, "geometry": { "type": "Point", "coordinates": [ -74.0775518, 40.6366632 ] } },
{ "type": "Feature", "properties": { "element": "node", "id": 13040315382, "kind": "pet_grooming" }, "geometry": { "type": "Point", "coordinates": [ -74.0775025, 40.6372083 ] } },
{ "type": "Feature", "properties": { "element": "node", "id": 13040315391, "kind": "hairdresser" }, "geometry": { "type": "Point", "coordinates": [ -74.0769236, 40.638081 ] } },
{ "type": "Feature", "properties": { "element": "node", "id": 13040315392, "kind": "travel_agency" }, "geometry": { "type": "Point", "coordinates": [ -74.0769369, 40.6381355 ] } },
{ "type": "Feature", "properties": { "element": "node", "id": 13040315393, "kind": "medical_supply" }, "geometry": { "type": "Point", "coordinates": [ -74.0769502, 40.6381977 ] } },
{ "type": "Feature", "properties": { "element": "node", "id": 13048621557, "kind": "convenience" }, "geometry": { "type": "Point", "coordinates": [ -74.0771897, 40.6323977 ] } },
{ "type": "Feature", "properties": { "element": "node", "id": 13048621559, "kind": "nutrition_supplements" }, "geometry": { "type": "Point", "coordinates": [ -74.0776199, 40.6311062 ] } },
{ "type": "Feature", "properties": { "element": "node", "id": 13048621569, "kind": "second_hand" }, "geometry": { "type": "Point", "coordinates": [ -74.0796095, 40.6292096 ] } },
{ "type": "Feature", "properties": { "element": "node", "id": 13048621570, "kind": "pastry" }, "geometry": { "type": "Point", "coordinates": [ -74.0796411, 40.6291761 ] } },
{ "type": "Feature", "properties": { "element": "node", "id": 13048621571, "kind": "convenience" }, "geometry": { "type": "Point", "coordinates": [ -74.0797155, 40.6290941 ] } },
{ "type": "Feature", "properties": { "element": "node", "id": 13048621574, "kind": "vacant" }, "geometry": { "type": "Point", "coordinates": [ -74.0800768, 40.6287349 ] } },
{ "type": "Feature", "properties": { "element": "node", "id": 13048621578, "kind": "tattoo" }, "geometry": { "type": "Point", "coordinates": [ -74.0800984, 40.6284094 ] } },
{ "type": "Feature", "properties": { "element": "node", "id": 13048630533, "kind": "travel_agency" }, "geometry": { "type": "Point", "coordinates": [ -74.0834542, 40.6235183 ] } },
{ "type": "Feature", "properties": { "element": "node", "id": 13048630536, "kind": "hairdresser" }, "geometry": { "type": "Point", "coordinates": [ -74.0830103, 40.6236546 ] } },
{ "type": "Feature", "properties": { "element": "node", "id": 13048630537, "kind": "convenience" }, "geometry": { "type": "Point", "coordinates": [ -74.0829017, 40.6236857 ] } },
{ "type": "Feature", "properties": { "element": "node", "id": 13048630539, "kind": "convenience" }, "geometry": { "type": "Point", "coordinates": [ -74.0826041, 40.6237866 ] } },
{ "type": "Feature", "properties": { "element": "node", "id": 13048630541, "kind": "alcohol" }, "geometry": { "type": "Point", "coordinates": [ -74.0823661, 40.6238587 ] } },
{ "type": "Feature", "properties": { "element": "node", "id": 13048630543, "kind": "variety_store" }, "geometry": { "type": "Point", "coordinates": [ -74.0822853, 40.6238856 ] } },
{ "type": "Feature", "properties": { "element": "node", "id": 13048630545, "kind": "beauty" }, "geometry": { "type": "Point", "coordinates": [ -74.0820345, 40.6239604 ] } },
{ "type": "Feature", "properties": { "element": "node", "id": 13048630546, "kind": "religion" }, "geometry": { "type": "Point", "coordinates": [ -74.081954, 40.6239899 ] } },
{ "type": "Feature", "properties": { "element": "node", "id": 13048630547, "kind": "laundry" }, "geometry": { "type": "Point", "coordinates": [ -74.0818628, 40.6240164 ] } },
{ "type": "Feature", "properties": { "element": "node", "id": 13048630549, "kind": "convenience" }, "geometry": { "type": "Point", "coordinates": [ -74.0816979, 40.6240683 ] } },
{ "type": "Feature", "properties": { "element": "node", "id": 13048630550, "kind": "convenience" }, "geometry": { "type": "Point", "coordinates": [ -74.0815188, 40.6241299 ] } },
{ "type": "Feature", "properties": { "element": "node", "id": 13048630551, "kind": "e-cigarette" }, "geometry": { "type": "Point", "coordinates": [ -74.0814518, 40.6241482 ] } },
{ "type": "Feature", "properties": { "element": "node", "id": 13048630553, "kind": "convenience" }, "geometry": { "type": "Point", "coordinates": [ -74.0813656, 40.6241735 ] } },
{ "type": "Feature", "properties": { "element": "node", "id": 13048630554, "kind": "convenience" }, "geometry": { "type": "Point", "coordinates": [ -74.0811993, 40.6242241 ] } },
{ "type": "Feature", "properties": { "element": "node", "id": 13048630555, "kind": "money_lender" }, "geometry": { "type": "Point", "coordinates": [ -74.0811147, 40.6242536 ] } },
{ "type": "Feature", "properties": { "element": "node", "id": 13048630559, "kind": "hairdresser" }, "geometry": { "type": "Point", "coordinates": [ -74.0805388, 40.6244414 ] } },
{ "type": "Feature", "properties": { "element": "node", "id": 13048630560, "kind": "convenience" }, "geometry": { "type": "Point", "coordinates": [ -74.0804912, 40.6244577 ] } },
{ "type": "Feature", "properties": { "element": "node", "id": 13048630561, "kind": "supermarket" }, "geometry": { "type": "Point", "coordinates": [ -74.0803231, 40.6240051 ] } },
{ "type": "Feature", "properties": { "element": "node", "id": 13048630562, "kind": "money_lender" }, "geometry": { "type": "Point", "coordinates": [ -74.0800582, 40.6242096 ] } },
{ "type": "Feature", "properties": { "element": "node", "id": 13048630570, "kind": "convenience" }, "geometry": { "type": "Point", "coordinates": [ -74.0792315, 40.6242713 ] } },
{ "type": "Feature", "properties": { "element": "node", "id": 13048630571, "kind": "e-cigarette" }, "geometry": { "type": "Point", "coordinates": [ -74.0791222, 40.6240291 ] } },
{ "type": "Feature", "properties": { "element": "node", "id": 13048630572, "kind": "car_repair" }, "geometry": { "type": "Point", "coordinates": [ -74.0791586, 40.6241015 ] } },
{ "type": "Feature", "properties": { "element": "node", "id": 13048630575, "kind": "butcher" }, "geometry": { "type": "Point", "coordinates": [ -74.0792374, 40.6248493 ] } },
{ "type": "Feature", "properties": { "element": "node", "id": 13048630576, "kind": "beauty" }, "geometry": { "type": "Point", "coordinates": [ -74.0791533, 40.6248772 ] } },
{ "type": "Feature", "properties": { "element": "node", "id": 13048630587, "kind": "hairdresser" }, "geometry": { "type": "Point", "coordinates": [ -74.0786438, 40.6255989 ] } },
{ "type": "Feature", "properties": { "element": "node", "id": 13048630588, "kind": "wigs" }, "geometry": { "type": "Point", "coordinates": [ -74.078617, 40.6256294 ] } },
{ "type": "Feature", "properties": { "element": "node", "id": 13048630590, "kind": "shoes" }, "geometry": { "type": "Point", "coordinates": [ -74.0784933, 40.6257463 ] } },
{ "type": "Feature", "properties": { "element": "node", "id": 13048630593, "kind": "wigs" }, "geometry": { "type": "Point", "coordinates": [ -74.0783967, 40.6258722 ] } },
{ "type": "Feature", "properties": { "element": "node", "id": 13048630594, "kind": "hairdresser" }, "geometry": { "type": "Point", "coordinates": [ -74.0783719, 40.6258992 ] } },
{ "type": "Feature", "properties": { "element": "node", "id": 13048630596, "kind": "car_parts" }, "geometry": { "type": "Point", "coordinates": [ -74.0781862, 40.6260768 ] } },
{ "type": "Feature", "properties": { "element": "node", "id": 13048630600, "kind": "department_store" }, "geometry": { "type": "Point", "coordinates": [ -74.07736, 40.6264021 ] } },
{ "type": "Feature", "properties": { "element": "node", "id": 13048630605, "kind": "beauty" }, "geometry": { "type": "Point", "coordinates": [ -74.0769045, 40.6264543 ] } },
{ "type": "Feature", "properties": { "element": "node", "id": 13048630613, "kind": "hairdresser" }, "geometry": { "type": "Point", "coordinates": [ -74.076313, 40.6265069 ] } },
{ "type": "Feature", "properties": { "element": "node", "id": 13048630614, "kind": "seafood" }, "geometry": { "type": "Point", "coordinates": [ -74.0762333, 40.6265165 ] } },
{ "type": "Feature", "properties": { "element": "node", "id": 13048630615, "kind": "alcohol" }, "geometry": { "type": "Point", "coordinates": [ -74.0761094, 40.626514 ] } },
{ "type": "Feature", "properties": { "element": "node", "id": 13048630617, "kind": "convenience" }, "geometry": { "type": "Point", "coordinates": [ -74.0758441, 40.6256653 ] } },
{ "type": "Feature", "properties": { "element": "node", "id": 13048630619, "kind": "laundry" }, "geometry": { "type": "Point", "coordinates": [ -74.0760328, 40.6256437 ] } },
{ "type": "Feature", "properties": { "element": "node", "id": 13048630620, "kind": "convenience" }, "geometry": { "type": "Point", "coordinates": [ -74.076412, 40.6256025 ] } },
{ "type": "Feature", "properties": { "element": "node", "id": 13048630624, "kind": "hairdresser" }, "geometry": { "type": "Point", "coordinates": [ -74.0768184, 40.6256192 ] } },
{ "type": "Feature", "properties": { "element": "node", "id": 13048630628, "kind": "beauty" }, "geometry": { "type": "Point", "coordinates": [ -74.0770702, 40.6255852 ] } },
{ "type": "Feature", "properties": { "element": "node", "id": 13049112748, "kind": "mobile_phone" }, "geometry": { "type": "Point", "coordinates": [ -74.0774954, 40.638078 ] } },
{ "type": "Feature", "properties": { "element": "node", "id": 13049112751, "kind": "variety_store" }, "geometry": { "type": "Point", "coordinates": [ -74.0782591, 40.6380581 ] } },
{ "type": "Feature", "properties": { "element": "node", "id": 13049112753, "kind": "beauty" }, "geometry": { "type": "Point", "coordinates": [ -74.0781445, 40.6378987 ] } },
{ "type": "Feature", "properties": { "element": "node", "id": 13049112757, "kind": "laundry" }, "geometry": { "type": "Point", "coordinates": [ -74.0781178, 40.6376467 ] } },
{ "type": "Feature", "properties": { "element": "node", "id": 13049112758, "kind": "deli" }, "geometry": { "type": "Point", "coordinates": [ -74.078117, 40.6375243 ] } },
{ "type": "Feature", "properties": { "element": "node", "id": 13049112759, "kind": "hairdresser" }, "geometry": { "type": "Point", "coordinates": [ -74.0781094, 40.6374473 ] } },
{ "type": "Feature", "properties": { "element": "node", "id": 13049112761, "kind": "gift" }, "geometry": { "type": "Point", "coordinates": [ -74.0781056, 40.6373519 ] } },
{ "type": "Feature", "properties": { "element": "node", "id": 13049112765, "kind": "party" }, "geometry": { "type": "Point", "coordinates": [ -74.0780851, 40.6382837 ] } },
{ "type": "Feature", "properties": { "element": "node", "id": 13049112773, "kind": "erotic" }, "geometry": { "type": "Point", "coordinates": [ -74.0783225, 40.6383611 ] } },
{ "type": "Feature", "properties": { "element": "node", "id": 13049112774, "kind": "convenience" }, "geometry": { "type": "Point", "coordinates": [ -74.0783944, 40.6383805 ] } },
{ "type": "Feature", "properties": { "element": "node", "id": 13049112775, "kind": "jewelry" }, "geometry": { "type": "Point", "coordinates": [ -74.0784806, 40.6384011 ] } },
{ "type": "Feature", "properties": { "element": "node", "id": 13049112776, "kind": "convenience" }, "geometry": { "type": "Point", "coordinates": [ -74.0785663, 40.638414 ] } },
{ "type": "Feature", "properties": { "element": "node", "id": 13049112780, "kind": "mobile_phone" }, "geometry": { "type": "Point", "coordinates": [ -74.079091, 40.6383353 ] } },
{ "type": "Feature", "properties": { "element": "node", "id": 13049112781, "kind": "hairdresser" }, "geometry": { "type": "Point", "coordinates": [ -74.0791722, 40.638322 ] } },
{ "type": "Feature", "properties": { "element": "node", "id": 13049112782, "kind": "beauty" }, "geometry": { "type": "Point", "coordinates": [ -74.0792526, 40.6383114 ] } },
{ "type": "Feature", "properties": { "element": "node", "id": 13049112784, "kind": "convenience" }, "geometry": { "type": "Point", "coordinates": [ -74.0794404, 40.6382885 ] } },
{ "type": "Feature", "properties": { "element": "node", "id": 13049112788, "kind": "travel_agency" }, "geometry": { "type": "Point", "coordinates": [ -74.0796346, 40.6379862 ] } },
{ "type": "Feature", "properties": { "element": "node", "id": 13049112789, "kind": "mobile_phone" }, "geometry": { "type": "Point", "coordinates": [ -74.0794134, 40.6381135 ] } },
{ "type": "Feature", "properties": { "element": "node", "id": 13049112791, "kind": "convenience" }, "geometry": { "type": "Point", "coordinates": [ -74.0795884, 40.6380173 ] } },
{ "type": "Feature", "properties": { "element": "node", "id": 13049112793, "kind": "hairdresser" }, "geometry": { "type": "Point", "coordinates": [ -74.0797045, 40.637944 ] } },
{ "type": "Feature", "properties": { "element": "node", "id": 13049112794, "kind": "shoes" }, "geometry": { "type": "Point", "coordinates": [ -74.0797631, 40.6379093 ] } },
{ "type": "Feature", "properties": { "element": "node", "id": 13049112797, "kind": "beauty" }, "geometry": { "type": "Point", "coordinates": [ -74.0798307, 40.6378693 ] } },
{ "type": "Feature", "properties": { "element": "node", "id": 13049112800, "kind": "seafood" }, "geometry": { "type": "Point", "coordinates": [ -74.0800079, 40.6377732 ] } },
{ "type": "Feature", "properties": { "element": "node", "id": 13049118602, "kind": "convenience" }, "geometry": { "type": "Point", "coordinates": [ -74.0802863, 40.6375971 ] } },
{ "type": "Feature", "properties": { "element": "node", "id": 13049118603, "kind": "convenience" }, "geometry": { "type": "Point", "coordinates": [ -74.0805763, 40.6375676 ] } },
{ "type": "Feature", "properties": { "element": "node", "id": 13049118604, "kind": "second_hand" }, "geometry": { "type": "Point", "coordinates": [ -74.0812701, 40.637327 ] } },
{ "type": "Feature", "properties": { "element": "node", "id": 13049118606, "kind": "convenience" }, "geometry": { "type": "Point", "coordinates": [ -74.0783261, 40.6381271 ] } },
{ "type": "Feature", "properties": { "element": "node", "id": 13049118608, "kind": "convenience" }, "geometry": { "type": "Point", "coordinates": [ -74.0784849, 40.6381848 ] } },
{ "type": "Feature", "properties": { "element": "node", "id": 13049118612, "kind": "party" }, "geometry": { "type": "Point", "coordinates": [ -74.0786192, 40.6381896 ] } },
{ "type": "Feature", "properties": { "element": "node", "id": 13049118613, "kind": "florist" }, "geometry": { "type": "Point", "coordinates": [ -74.0787017, 40.638183 ] } },
{ "type": "Feature", "properties": { "element": "node", "id": 13049118614, "kind": "laundry" }, "geometry": { "type": "Point", "coordinates": [ -74.0788211, 40.6381433 ] } },
{ "type": "Feature", "properties": { "element": "node", "id": 13049118615, "kind": "hardware" }, "geometry": { "type": "Point", "coordinates": [ -74.0788868, 40.6381133 ] } },
{ "type": "Feature", "properties": { "element": "node", "id": 13049118617, "kind": "convenience" }, "geometry": { "type": "Point", "coordinates": [ -74.0789605, 40.6380787 ] } },
{ "type": "Feature", "properties": { "element": "node", "id": 13049118618, "kind": "hairdresser" }, "geometry": { "type": "Point", "coordinates": [ -74.0790303, 40.6380486 ] } },
{ "type": "Feature", "properties": { "element": "node", "id": 13049118620, "kind": "jewelry" }, "geometry": { "type": "Point", "coordinates": [ -74.0791416, 40.6379993 ] } },
{ "type": "Feature", "properties": { "element": "node", "id": 13049118622, "kind": "clothes" }, "geometry": { "type": "Point", "coordinates": [ -74.0793434, 40.637896 ] } },
{ "type": "Feature", "properties": { "element": "node", "id": 13049118626, "kind": "convenience" }, "geometry": { "type": "Point", "coordinates": [ -74.0796311, 40.637727 ] } },
{ "type": "Feature", "properties": { "element": "node", "id": 13049118627, "kind": "party" }, "geometry": { "type": "Point", "coordinates": [ -74.079678, 40.6377001 ] } },
{ "type": "Feature", "properties": { "element": "node", "id": 13049118628, "kind": "convenience" }, "geometry": { "type": "Point", "coordinates": [ -74.079723, 40.6376736 ] } },
{ "type": "Feature", "properties": { "element": "node", "id": 13049118630, "kind": "hairdresser" }, "geometry": { "type": "Point", "coordinates": [ -74.0797765, 40.6376464 ] } },
{ "type": "Feature", "properties": { "element": "node", "id": 13049118632, "kind": "deli" }, "geometry": { "type": "Point", "coordinates": [ -74.0798724, 40.6375926 ] } },
{ "type": "Feature", "properties": { "element": "node", "id": 13049118633, "kind": "beauty" }, "geometry": { "type": "Point", "coordinates": [ -74.0799223, 40.6375647 ] } },
{ "type": "Feature", "properties": { "element": "node", "id": 13049118638, "kind": "butcher" }, "geometry": { "type": "Point", "coordinates": [ -74.0801917, 40.6374055 ] } },
{ "type": "Feature", "properties": { "element": "node", "id": 13049118639, "kind": "gift" }, "geometry": { "type": "Point", "coordinates": [ -74.0804178, 40.6372669 ] } },
{ "type": "Feature", "properties": { "element": "node", "id": 13049118641, "kind": "clothes" }, "geometry": { "type": "Point", "coordinates": [ -74.0807484, 40.6370791 ] } },
{ "type": "Feature", "properties": { "element": "node", "id": 13049118642, "kind": "car_repair" }, "geometry": { "type": "Point", "coordinates": [ -74.0814761, 40.6369945 ] } },
{ "type": "Feature", "properties": { "element": "node", "id": 13049118643, "kind": "deli" }, "geometry": { "type": "Point", "coordinates": [ -74.0815467, 40.6366057 ] } },
{ "type": "Feature", "properties": { "element": "node", "id": 13049118647, "kind": "laundry" }, "geometry": { "type": "Point", "coordinates": [ -74.0824833, 40.6364043 ] } },
{ "type": "Feature", "properties": { "element": "node", "id": 13049118661, "kind": "second_hand" }, "geometry": { "type": "Point", "coordinates": [ -74.078268, 40.6425673 ] } },
{ "type": "Feature", "properties": { "element": "node", "id": 13050292749, "kind": "storage_rental" }, "geometry": { "type": "Point", "coordinates": [ -74.1631112, 40.6391349 ] } },
{ "type": "Feature", "properties": { "element": "node", "id": 13050292750, "kind": "coffee" }, "geometry": { "type": "Point", "coordinates": [ -74.1625561, 40.6385513 ] } },
{ "type": "Feature", "properties": { "element": "node", "id": 13050292754, "kind": "wholesale" }, "geometry": { "type": "Point", "coordinates": [ -74.1612454, 40.6380075 ] } },
{ "type": "Feature", "properties": { "element": "node", "id": 13050292762, "kind": "convenience" }, "geometry": { "type": "Point", "coordinates": [ -74.1600929, 40.637231 ] } },
{ "type": "Feature", "properties": { "element": "node", "id": 13050292763, "kind": "doors" }, "geometry": { "type": "Point", "coordinates": [ -74.1597927, 40.6369127 ] } },
{ "type": "Feature", "properties": { "element": "node", "id": 13050292766, "kind": "hairdresser" }, "geometry": { "type": "Point", "coordinates": [ -74.1588986, 40.6367326 ] } },
{ "type": "Feature", "properties": { "element": "node", "id": 13050292767, "kind": "deli" }, "geometry": { "type": "Point", "coordinates": [ -74.1588229, 40.6367302 ] } },
{ "type": "Feature", "properties": { "element": "node", "id": 13050292769, "kind": "deli" }, "geometry": { "type": "Point", "coordinates": [ -74.1584242, 40.6367129 ] } },
{ "type": "Feature", "properties": { "element": "node", "id": 13050292771, "kind": "health_food" }, "geometry": { "type": "Point", "coordinates": [ -74.157706, 40.6367277 ] } },
{ "type": "Feature", "properties": { "element": "node", "id": 13050292772, "kind": "deli" }, "geometry": { "type": "Point", "coordinates": [ -74.1568102, 40.6367452 ] } },
{ "type": "Feature", "properties": { "element": "node", "id": 13050292773, "kind": "mobile_phone" }, "geometry": { "type": "Point", "coordinates": [ -74.1567282, 40.6367452 ] } },
{ "type": "Feature", "properties": { "element": "node", "id": 13050292775, "kind": "hairdresser" }, "geometry": { "type": "Point", "coordinates": [ -74.1565611, 40.6367492 ] } },
{ "type": "Feature", "properties": { "element": "node", "id": 13050292788, "kind": "car_parts" }, "geometry": { "type": "Point", "coordinates": [ -74.1580757, 40.6369456 ] } },
{ "type": "Feature", "properties": { "element": "node", "id": 13050292789, "kind": "flooring" }, "geometry": { "type": "Point", "coordinates": [ -74.1569915, 40.637008 ] } },
{ "type": "Feature", "properties": { "element": "node", "id": 13050292794, "kind": "swimming_pool" }, "geometry": { "type": "Point", "coordinates": [ -74.1581925, 40.6369457 ] } },
{ "type": "Feature", "properties": { "element": "node", "id": 13050292795, "kind": "wholesale" }, "geometry": { "type": "Point", "coordinates": [ -74.1605146, 40.6374892 ] } },
{ "type": "Feature", "properties": { "element": "node", "id": 13050393598, "kind": "hairdresser" }, "geometry": { "type": "Point", "coordinates": [ -74.1479106, 40.5403513 ] } },
{ "type": "Feature", "properties": { "element": "node", "id": 13050393599, "kind": "hairdresser" }, "geometry": { "type": "Point", "coordinates": [ -74.1479709, 40.5402779 ] } },
{ "type": "Feature", "properties": { "element": "node", "id": 13050393600, "kind": "beauty" }, "geometry": { "type": "Point", "coordinates": [ -74.1480112, 40.5402239 ] } },
{ "type": "Feature", "properties": { "element": "node", "id": 13050482401, "kind": "tattoo" }, "geometry": { "type": "Point", "coordinates": [ -74.1480367, 40.5401928 ] } },
{ "type": "Feature", "properties": { "element": "node", "id": 13050482402, "kind": "car" }, "geometry": { "type": "Point", "coordinates": [ -74.1481225, 40.5400986 ] } },
{ "type": "Feature", "properties": { "element": "node", "id": 13050482414, "kind": "window_blind" }, "geometry": { "type": "Point", "coordinates": [ -74.1465316, 40.5426412 ] } },
{ "type": "Feature", "properties": { "element": "node", "id": 13057029089, "kind": "deli" }, "geometry": { "type": "Point", "coordinates": [ -74.0871392, 40.6470345 ] } },
{ "type": "Feature", "properties": { "element": "node", "id": 13057029091, "kind": "vacant" }, "geometry": { "type": "Point", "coordinates": [ -74.0863039, 40.646013 ] } },
{ "type": "Feature", "properties": { "element": "node", "id": 13057029093, "kind": "dry_cleaning" }, "geometry": { "type": "Point", "coordinates": [ -74.0862142, 40.6459126 ] } },
{ "type": "Feature", "properties": { "element": "node", "id": 13057029095, "kind": "laundry" }, "geometry": { "type": "Point", "coordinates": [ -74.0860928, 40.6457753 ] } },
{ "type": "Feature", "properties": { "element": "node", "id": 13057029096, "kind": "convenience" }, "geometry": { "type": "Point", "coordinates": [ -74.0860613, 40.6457366 ] } },
{ "type": "Feature", "properties": { "element": "node", "id": 13057029097, "kind": "convenience" }, "geometry": { "type": "Point", "coordinates": [ -74.0856219, 40.6451783 ] } },
{ "type": "Feature", "properties": { "element": "node", "id": 13057029098, "kind": "hairdresser" }, "geometry": { "type": "Point", "coordinates": [ -74.0845889, 40.6441787 ] } },
{ "type": "Feature", "properties": { "element": "node", "id": 13057044054, "kind": "vacant" }, "geometry": { "type": "Point", "coordinates": [ -74.0851767, 40.6364842 ] } },
{ "type": "Feature", "properties": { "element": "node", "id": 13057044055, "kind": "laundry" }, "geometry": { "type": "Point", "coordinates": [ -74.0852618, 40.6365254 ] } },
{ "type": "Feature", "properties": { "element": "node", "id": 13057044056, "kind": "clothes" }, "geometry": { "type": "Point", "coordinates": [ -74.0853363, 40.6365569 ] } },
{ "type": "Feature", "properties": { "element": "node", "id": 13057044057, "kind": "convenience" }, "geometry": { "type": "Point", "coordinates": [ -74.0853361, 40.6367568 ] } },
{ "type": "Feature", "properties": { "element": "node", "id": 13057044059, "kind": "convenience" }, "geometry": { "type": "Point", "coordinates": [ -74.086074, 40.6366749 ] } },
{ "type": "Feature", "properties": { "element": "node", "id": 13065604012, "kind": "deli" }, "geometry": { "type": "Point", "coordinates": [ -74.0858569, 40.6367821 ] } },
{ "type": "Feature", "properties": { "element": "node", "id": 13065604013, "kind": "florist" }, "geometry": { "type": "Point", "coordinates": [ -74.0863531, 40.6368433 ] } },
{ "type": "Feature", "properties": { "element": "node", "id": 13065604015, "kind": "hairdresser" }, "geometry": { "type": "Point", "coordinates": [ -74.0864798, 40.6369604 ] } },
{ "type": "Feature", "properties": { "element": "node", "id": 13065604016, "kind": "convenience" }, "geometry": { "type": "Point", "coordinates": [ -74.0865321, 40.6370048 ] } },
{ "type": "Feature", "properties": { "element": "node", "id": 13065604023, "kind": "butcher" }, "geometry": { "type": "Point", "coordinates": [ -74.0870159, 40.6377169 ] } },
{ "type": "Feature", "properties": { "element": "node", "id": 13065604024, "kind": "variety_store" }, "geometry": { "type": "Point", "coordinates": [ -74.0872587, 40.6376604 ] } },
{ "type": "Feature", "properties": { "element": "node", "id": 13065604026, "kind": "convenience" }, "geometry": { "type": "Point", "coordinates": [ -74.0872519, 40.637963 ] } },
{ "type": "Feature", "properties": { "element": "node", "id": 13065604032, "kind": "convenience" }, "geometry": { "type": "Point", "coordinates": [ -74.0874135, 40.6382953 ] } },
{ "type": "Feature", "properties": { "element": "node", "id": 13065604033, "kind": "convenience" }, "geometry": { "type": "Point", "coordinates": [ -74.0874303, 40.6383721 ] } },
{ "type": "Feature", "properties": { "element": "node", "id": 13065604034, "kind": "convenience" }, "geometry": { "type": "Point", "coordinates": [ -74.087579, 40.6380723 ] } },
{ "type": "Feature", "properties": { "element": "node", "id": 13065604038, "kind": "convenience" }, "geometry": { "type": "Point", "coordinates": [ -74.0876745, 40.6384762 ] } },
{ "type": "Feature", "properties": { "element": "node", "id": 13065604040, "kind": "convenience" }, "geometry": { "type": "Point", "coordinates": [ -74.0874143, 40.6386205 ] } },
{ "type": "Feature", "properties": { "element": "node", "id": 13065604041, "kind": "variety_store" }, "geometry": { "type": "Point", "coordinates": [ -74.0876373, 40.6387 ] } },
{ "type": "Feature", "properties": { "element": "node", "id": 13065604042, "kind": "convenience" }, "geometry": { "type": "Point", "coordinates": [ -74.087601, 40.6388827 ] } },
{ "type": "Feature", "properties": { "element": "node", "id": 13065604045, "kind": "laundry" }, "geometry": { "type": "Point", "coordinates": [ -74.0875131, 40.639193 ] } },
{ "type": "Feature", "properties": { "element": "node", "id": 13065604046, "kind": "deli" }, "geometry": { "type": "Point", "coordinates": [ -74.087492, 40.6392782 ] } },
{ "type": "Feature", "properties": { "element": "node", "id": 13071217001, "kind": "beauty" }, "geometry": { "type": "Point", "coordinates": [ -74.0760522, 40.6338668 ] } },
{ "type": "Feature", "properties": { "element": "node", "id": 13071217002, "kind": "vacant" }, "geometry": { "type": "Point", "coordinates": [ -74.0759462, 40.6335503 ] } },
{ "type": "Feature", "properties": { "element": "node", "id": 13071217003, "kind": "car_repair" }, "geometry": { "type": "Point", "coordinates": [ -74.0767442, 40.635904 ] } },
{ "type": "Feature", "properties": { "element": "node", "id": 13071217006, "kind": "car_repair" }, "geometry": { "type": "Point", "coordinates": [ -74.076737, 40.6351961 ] } },
{ "type": "Feature", "properties": { "element": "node", "id": 13071217011, "kind": "flooring" }, "geometry": { "type": "Point", "coordinates": [ -74.0773494, 40.6308256 ] } },
{ "type": "Feature", "properties": { "element": "node", "id": 13071217017, "kind": "beauty" }, "geometry": { "type": "Point", "coordinates": [ -74.0782054, 40.628005 ] } },
{ "type": "Feature", "properties": { "element": "node", "id": 13071217019, "kind": "hairdresser" }, "geometry": { "type": "Point", "coordinates": [ -74.0794672, 40.6286878 ] } },
{ "type": "Feature", "properties": { "element": "node", "id": 13071217023, "kind": "hairdresser" }, "geometry": { "type": "Point", "coordinates": [ -74.0837556, 40.622685 ] } },
{ "type": "Feature", "properties": { "element": "node", "id": 13071335847, "kind": "car_repair" }, "geometry": { "type": "Point", "coordinates": [ -74.0906123, 40.6457854 ] } },
{ "type": "Feature", "properties": { "element": "node", "id": 13072901956, "kind": "beauty" }, "geometry": { "type": "Point", "coordinates": [ -74.1382579, 40.6116631 ] } },
{ "type": "Feature", "properties": { "element": "node", "id": 13072901958, "kind": "gift" }, "geometry": { "type": "Point", "coordinates": [ -74.137891, 40.6117014 ] } },
{ "type": "Feature", "properties": { "element": "node", "id": 13072901959, "kind": "variety_store" }, "geometry": { "type": "Point", "coordinates": [ -74.1378091, 40.6117028 ] } },
{ "type": "Feature", "properties": { "element": "node", "id": 13072901960, "kind": "hairdresser" }, "geometry": { "type": "Point", "coordinates": [ -74.1377502, 40.6117069 ] } },
{ "type": "Feature", "properties": { "element": "node", "id": 13072901961, "kind": "beauty" }, "geometry": { "type": "Point", "coordinates": [ -74.1376872, 40.6117112 ] } },
{ "type": "Feature", "properties": { "element": "node", "id": 13072901962, "kind": "dry_cleaning" }, "geometry": { "type": "Point", "coordinates": [ -74.1376236, 40.6117156 ] } },
{ "type": "Feature", "properties": { "element": "node", "id": 13072901963, "kind": "collector" }, "geometry": { "type": "Point", "coordinates": [ -74.1376229, 40.6116389 ] } },
{ "type": "Feature", "properties": { "element": "node", "id": 13072901967, "kind": "vacant" }, "geometry": { "type": "Point", "coordinates": [ -74.137503, 40.6117995 ] } },
{ "type": "Feature", "properties": { "element": "node", "id": 13072901968, "kind": "dry_cleaning" }, "geometry": { "type": "Point", "coordinates": [ -74.1371891, 40.6119238 ] } },
{ "type": "Feature", "properties": { "element": "node", "id": 13072901971, "kind": "supermarket" }, "geometry": { "type": "Point", "coordinates": [ -74.1368219, 40.6119884 ] } },
{ "type": "Feature", "properties": { "element": "node", "id": 13072901993, "kind": "beauty" }, "geometry": { "type": "Point", "coordinates": [ -74.1448627, 40.6106928 ] } },
{ "type": "Feature", "properties": { "element": "node", "id": 13072901994, "kind": "car_repair" }, "geometry": { "type": "Point", "coordinates": [ -74.1466599, 40.6104105 ] } },
{ "type": "Feature", "properties": { "element": "node", "id": 13072901999, "kind": "groundskeeping" }, "geometry": { "type": "Point", "coordinates": [ -74.1329039, 40.6125514 ] } },
{ "type": "Feature", "properties": { "element": "node", "id": 13072902000, "kind": "convenience" }, "geometry": { "type": "Point", "coordinates": [ -74.1328758, 40.6121181 ] } },
{ "type": "Feature", "properties": { "element": "node", "id": 13072907702, "kind": "car_repair" }, "geometry": { "type": "Point", "coordinates": [ -74.1315591, 40.6126877 ] } },
{ "type": "Feature", "properties": { "element": "node", "id": 13072907705, "kind": "e-cigarette" }, "geometry": { "type": "Point", "coordinates": [ -74.1313339, 40.6126482 ] } },
{ "type": "Feature", "properties": { "element": "node", "id": 13072907706, "kind": "hairdresser" }, "geometry": { "type": "Point", "coordinates": [ -74.1311287, 40.6126923 ] } },
{ "type": "Feature", "properties": { "element": "node", "id": 13072907707, "kind": "money_lender" }, "geometry": { "type": "Point", "coordinates": [ -74.1311462, 40.6128053 ] } },
{ "type": "Feature", "properties": { "element": "node", "id": 13072907716, "kind": "jewelry" }, "geometry": { "type": "Point", "coordinates": [ -74.1317897, 40.6121223 ] } },
{ "type": "Feature", "properties": { "element": "node", "id": 13072907717, "kind": "hairdresser" }, "geometry": { "type": "Point", "coordinates": [ -74.1318483, 40.6121211 ] } },
{ "type": "Feature", "properties": { "element": "node", "id": 13072907718, "kind": "car_repair" }, "geometry": { "type": "Point", "coordinates": [ -74.1320154, 40.612156 ] } },
{ "type": "Feature", "properties": { "element": "node", "id": 13072907723, "kind": "beauty" }, "geometry": { "type": "Point", "coordinates": [ -74.1325969, 40.611904 ] } },
{ "type": "Feature", "properties": { "element": "node", "id": 13082665142, "kind": "beauty" }, "geometry": { "type": "Point", "coordinates": [ -74.1462237, 40.6106543 ] } },
{ "type": "Feature", "properties": { "element": "node", "id": 13084616362, "kind": "pest_control" }, "geometry": { "type": "Point", "coordinates": [ -74.1467153, 40.5430567 ] } },
{ "type": "Feature", "properties": { "element": "node", "id": 13084616399, "kind": "beauty" }, "geometry": { "type": "Point", "coordinates": [ -74.1518896, 40.5491385 ] } },
{ "type": "Feature", "properties": { "element": "node", "id": 13084675301, "kind": "chemist" }, "geometry": { "type": "Point", "coordinates": [ -74.1473988, 40.5410378 ] } },
{ "type": "Feature", "properties": { "element": "node", "id": 13084751529, "kind": "convenience" }, "geometry": { "type": "Point", "coordinates": [ -74.1041354, 40.5613352 ] } },
{ "type": "Feature", "properties": { "element": "node", "id": 13087041190, "kind": "cannabis" }, "geometry": { "type": "Point", "coordinates": [ -74.0868167, 40.6060102 ] } },
{ "type": "Feature", "properties": { "element": "node", "id": 13114796135, "kind": "deli" }, "geometry": { "type": "Point", "coordinates": [ -74.1224038, 40.5751472 ] } },
{ "type": "Feature", "properties": { "element": "node", "id": 13114796144, "kind": "party" }, "geometry": { "type": "Point", "coordinates": [ -74.1272488, 40.576598 ] } },
{ "type": "Feature", "properties": { "element": "node", "id": 13114796145, "kind": "clothes" }, "geometry": { "type": "Point", "coordinates": [ -74.1272457, 40.5762185 ] } },
{ "type": "Feature", "properties": { "element": "node", "id": 13114796146, "kind": "hairdresser" }, "geometry": { "type": "Point", "coordinates": [ -74.1272597, 40.5761759 ] } },
{ "type": "Feature", "properties": { "element": "node", "id": 13115003079, "kind": "car_repair" }, "geometry": { "type": "Point", "coordinates": [ -74.1569738, 40.5623401 ] } },
{ "type": "Feature", "properties": { "element": "node", "id": 13115003080, "kind": "deli" }, "geometry": { "type": "Point", "coordinates": [ -74.1571257, 40.5623055 ] } },
{ "type": "Feature", "properties": { "element": "node", "id": 13115003081, "kind": "bakery" }, "geometry": { "type": "Point", "coordinates": [ -74.1556085, 40.564549 ] } },
{ "type": "Feature", "properties": { "element": "node", "id": 13128333661, "kind": "pet_grooming" }, "geometry": { "type": "Point", "coordinates": [ -74.0917538, 40.5714017 ] } },
{ "type": "Feature", "properties": { "element": "node", "id": 13128333662, "kind": "wholesale" }, "geometry": { "type": "Point", "coordinates": [ -74.0919027, 40.5714822 ] } },
{ "type": "Feature", "properties": { "element": "node", "id": 13128333664, "kind": "beauty" }, "geometry": { "type": "Point", "coordinates": [ -74.0915601, 40.5717737 ] } },
{ "type": "Feature", "properties": { "element": "node", "id": 13128333670, "kind": "vacant" }, "geometry": { "type": "Point", "coordinates": [ -74.0921048, 40.5716191 ] } },
{ "type": "Feature", "properties": { "element": "node", "id": 13128333674, "kind": "convenience" }, "geometry": { "type": "Point", "coordinates": [ -74.0925886, 40.5718594 ] } },
{ "type": "Feature", "properties": { "element": "node", "id": 13128333675, "kind": "beauty" }, "geometry": { "type": "Point", "coordinates": [ -74.092314, 40.5720543 ] } },
{ "type": "Feature", "properties": { "element": "node", "id": 13128333677, "kind": "outpost" }, "geometry": { "type": "Point", "coordinates": [ -74.0924306, 40.5721072 ] } },
{ "type": "Feature", "properties": { "element": "node", "id": 13128333679, "kind": "hairdresser" }, "geometry": { "type": "Point", "coordinates": [ -74.0929192, 40.5719125 ] } },
{ "type": "Feature", "properties": { "element": "node", "id": 13128333684, "kind": "tattoo" }, "geometry": { "type": "Point", "coordinates": [ -74.0929665, 40.571865 ] } },
{ "type": "Feature", "properties": { "element": "node", "id": 13128333685, "kind": "convenience" }, "geometry": { "type": "Point", "coordinates": [ -74.0930276, 40.5721052 ] } },
{ "type": "Feature", "properties": { "element": "node", "id": 13128333686, "kind": "convenience" }, "geometry": { "type": "Point", "coordinates": [ -74.0930809, 40.5721392 ] } },
{ "type": "Feature", "properties": { "element": "node", "id": 13128333687, "kind": "alcohol" }, "geometry": { "type": "Point", "coordinates": [ -74.0931405, 40.5721715 ] } },
{ "type": "Feature", "properties": { "element": "node", "id": 13128333689, "kind": "wholesale" }, "geometry": { "type": "Point", "coordinates": [ -74.0927775, 40.5724505 ] } },
{ "type": "Feature", "properties": { "element": "node", "id": 13128333690, "kind": "convenience" }, "geometry": { "type": "Point", "coordinates": [ -74.0927243, 40.5724206 ] } },
{ "type": "Feature", "properties": { "element": "node", "id": 13128333695, "kind": "convenience" }, "geometry": { "type": "Point", "coordinates": [ -74.0933607, 40.5723022 ] } },
{ "type": "Feature", "properties": { "element": "node", "id": 13128333696, "kind": "fabric" }, "geometry": { "type": "Point", "coordinates": [ -74.0929877, 40.5724234 ] } },
{ "type": "Feature", "properties": { "element": "node", "id": 13128333698, "kind": "car_repair" }, "geometry": { "type": "Point", "coordinates": [ -74.0933736, 40.572626 ] } },
{ "type": "Feature", "properties": { "element": "node", "id": 13128356501, "kind": "car_repair" }, "geometry": { "type": "Point", "coordinates": [ -74.0940633, 40.5726235 ] } },
{ "type": "Feature", "properties": { "element": "node", "id": 13128356505, "kind": "cutlery" }, "geometry": { "type": "Point", "coordinates": [ -74.0955978, 40.5738457 ] } },
{ "type": "Feature", "properties": { "element": "node", "id": 13128356506, "kind": "convenience" }, "geometry": { "type": "Point", "coordinates": [ -74.0957821, 40.5736067 ] } },
{ "type": "Feature", "properties": { "element": "node", "id": 13128356511, "kind": "pet" }, "geometry": { "type": "Point", "coordinates": [ -74.0971067, 40.5746718 ] } },
{ "type": "Feature", "properties": { "element": "node", "id": 13128356512, "kind": "fishing" }, "geometry": { "type": "Point", "coordinates": [ -74.0970727, 40.5746502 ] } },
{ "type": "Feature", "properties": { "element": "node", "id": 13128789554, "kind": "travel_agency" }, "geometry": { "type": "Point", "coordinates": [ -74.1172395, 40.5739221 ] } },
{ "type": "Feature", "properties": { "element": "node", "id": 13128789556, "kind": "jewelry" }, "geometry": { "type": "Point", "coordinates": [ -74.1173755, 40.573831 ] } },
{ "type": "Feature", "properties": { "element": "node", "id": 13128789557, "kind": "hairdresser" }, "geometry": { "type": "Point", "coordinates": [ -74.1174245, 40.573874 ] } },
{ "type": "Feature", "properties": { "element": "node", "id": 13128789558, "kind": "kitchen" }, "geometry": { "type": "Point", "coordinates": [ -74.1174369, 40.5737905 ] } },
{ "type": "Feature", "properties": { "element": "node", "id": 13128789560, "kind": "stationery" }, "geometry": { "type": "Point", "coordinates": [ -74.1175231, 40.5737256 ] } },
{ "type": "Feature", "properties": { "element": "node", "id": 13128789561, "kind": "alcohol" }, "geometry": { "type": "Point", "coordinates": [ -74.117572, 40.5736869 ] } },
{ "type": "Feature", "properties": { "element": "node", "id": 13128789565, "kind": "confectionery" }, "geometry": { "type": "Point", "coordinates": [ -74.1178168, 40.5735076 ] } },
{ "type": "Feature", "properties": { "element": "node", "id": 13128789566, "kind": "deli" }, "geometry": { "type": "Point", "coordinates": [ -74.1178725, 40.5734709 ] } },
{ "type": "Feature", "properties": { "element": "node", "id": 13128789567, "kind": "convenience" }, "geometry": { "type": "Point", "coordinates": [ -74.1180428, 40.5733324 ] } },
{ "type": "Feature", "properties": { "element": "node", "id": 13128789568, "kind": "pet_grooming" }, "geometry": { "type": "Point", "coordinates": [ -74.1180817, 40.5732993 ] } },
{ "type": "Feature", "properties": { "element": "node", "id": 13128789570, "kind": "vacant" }, "geometry": { "type": "Point", "coordinates": [ -74.1182299, 40.5731954 ] } },
{ "type": "Feature", "properties": { "element": "node", "id": 13128789571, "kind": "hairdresser" }, "geometry": { "type": "Point", "coordinates": [ -74.1182795, 40.5731556 ] } },
{ "type": "Feature", "properties": { "element": "node", "id": 13128789573, "kind": "hairdresser" }, "geometry": { "type": "Point", "coordinates": [ -74.1183814, 40.5730808 ] } },
{ "type": "Feature", "properties": { "element": "node", "id": 13128789577, "kind": "florist" }, "geometry": { "type": "Point", "coordinates": [ -74.1184974, 40.5729962 ] } },
{ "type": "Feature", "properties": { "element": "node", "id": 13128789579, "kind": "beauty" }, "geometry": { "type": "Point", "coordinates": [ -74.1186552, 40.5728883 ] } },
{ "type": "Feature", "properties": { "element": "node", "id": 13128789806, "kind": "vacant" }, "geometry": { "type": "Point", "coordinates": [ -74.1172196, 40.573169 ] } },
{ "type": "Feature", "properties": { "element": "node", "id": 13128789807, "kind": "hairdresser" }, "geometry": { "type": "Point", "coordinates": [ -74.1171807, 40.573199 ] } },
{ "type": "Feature", "properties": { "element": "node", "id": 13128789809, "kind": "perfumery" }, "geometry": { "type": "Point", "coordinates": [ -74.117058, 40.5732851 ] } },
{ "type": "Feature", "properties": { "element": "node", "id": 13128789816, "kind": "pet_grooming" }, "geometry": { "type": "Point", "coordinates": [ -74.1169319, 40.5733687 ] } },
{ "type": "Feature", "properties": { "element": "node", "id": 13128789819, "kind": "beauty" }, "geometry": { "type": "Point", "coordinates": [ -74.1167858, 40.5734445 ] } },
{ "type": "Feature", "properties": { "element": "node", "id": 13128789828, "kind": "convenience" }, "geometry": { "type": "Point", "coordinates": [ -74.1166556, 40.5735273 ] } },
{ "type": "Feature", "properties": { "element": "node", "id": 13128789837, "kind": "convenience" }, "geometry": { "type": "Point", "coordinates": [ -74.1165798, 40.5735847 ] } },
{ "type": "Feature", "properties": { "element": "node", "id": 13128789839, "kind": "deli" }, "geometry": { "type": "Point", "coordinates": [ -74.1164169, 40.5737011 ] } },
{ "type": "Feature", "properties": { "element": "node", "id": 13128789842, "kind": "hairdresser" }, "geometry": { "type": "Point", "coordinates": [ -74.1163743, 40.5737334 ] } },
{ "type": "Feature", "properties": { "element": "node", "id": 13129746022, "kind": "convenience" }, "geometry": { "type": "Point", "coordinates": [ -74.1523723, 40.6317449 ] } },
{ "type": "Feature", "properties": { "element": "node", "id": 13145160568, "kind": "tattoo" }, "geometry": { "type": "Point", "coordinates": [ -74.1138808, 40.5668777 ] } },
{ "type": "Feature", "properties": { "element": "node", "id": 13145929604, "kind": "convenience" }, "geometry": { "type": "Point", "coordinates": [ -74.1198509, 40.5755186 ] } },
{ "type": "Feature", "properties": { "element": "node", "id": 13145929606, "kind": "hairdresser" }, "geometry": { "type": "Point", "coordinates": [ -74.119242, 40.5753814 ] } },
{ "type": "Feature", "properties": { "element": "node", "id": 13145929618, "kind": "car_repair" }, "geometry": { "type": "Point", "coordinates": [ -74.1181719, 40.5737388 ] } },
{ "type": "Feature", "properties": { "element": "node", "id": 13145929620, "kind": "hairdresser" }, "geometry": { "type": "Point", "coordinates": [ -74.1183262, 40.5734962 ] } },
{ "type": "Feature", "properties": { "element": "node", "id": 13145929621, "kind": "bakery" }, "geometry": { "type": "Point", "coordinates": [ -74.118218, 40.5734301 ] } },
{ "type": "Feature", "properties": { "element": "node", "id": 13145929722, "kind": "car_repair" }, "geometry": { "type": "Point", "coordinates": [ -74.1199217, 40.5721368 ] } },
{ "type": "Feature", "properties": { "element": "node", "id": 13145929723, "kind": "beauty" }, "geometry": { "type": "Point", "coordinates": [ -74.1201646, 40.5718769 ] } },
{ "type": "Feature", "properties": { "element": "node", "id": 13146027670, "kind": "car_repair" }, "geometry": { "type": "Point", "coordinates": [ -74.1028763, 40.5668494 ] } },
{ "type": "Feature", "properties": { "element": "node", "id": 13148094595, "kind": "car_repair" }, "geometry": { "type": "Point", "coordinates": [ -74.1428468, 40.6386373 ] } },
{ "type": "Feature", "properties": { "element": "node", "id": 13148094596, "kind": "car_repair" }, "geometry": { "type": "Point", "coordinates": [ -74.1430533, 40.6384002 ] } },
{ "type": "Feature", "properties": { "element": "node", "id": 13148094597, "kind": "car_repair" }, "geometry": { "type": "Point", "coordinates": [ -74.1426295, 40.6384521 ] } },
{ "type": "Feature", "properties": { "element": "node", "id": 13148094598, "kind": "seafood" }, "geometry": { "type": "Point", "coordinates": [ -74.1433819, 40.6380094 ] } },
{ "type": "Feature", "properties": { "element": "way", "id": 241819048, "kind": "doityourself" }, "geometry": { "type": "Point", "coordinates": [ -74.172235793793547, 40.629364510719221 ] } },
{ "type": "Feature", "properties": { "element": "way", "id": 241819756, "kind": "storage_rental" }, "geometry": { "type": "Point", "coordinates": [ -74.172042189293336, 40.623570454883946 ] } },
{ "type": "Feature", "properties": { "element": "way", "id": 241851896, "kind": "supermarket" }, "geometry": { "type": "Point", "coordinates": [ -74.232617783939631, 40.528721788746381 ] } },
{ "type": "Feature", "properties": { "element": "way", "id": 241851918, "kind": "doityourself" }, "geometry": { "type": "Point", "coordinates": [ -74.228085370242795, 40.529130875393911 ] } },
{ "type": "Feature", "properties": { "element": "way", "id": 244902355, "kind": "gift" }, "geometry": { "type": "Point", "coordinates": [ -74.115349282890904, 40.624958744219221 ] } },
{ "type": "Feature", "properties": { "element": "way", "id": 245139339, "kind": "funeral_directors" }, "geometry": { "type": "Point", "coordinates": [ -74.244846888761799, 40.509893992986797 ] } },
{ "type": "Feature", "properties": { "element": "way", "id": 246241790, "kind": "mall" }, "geometry": { "type": "Point", "coordinates": [ -74.163886107658712, 40.581232869881994 ] } },
{ "type": "Feature", "properties": { "element": "way", "id": 246241896, "kind": "wholesale" }, "geometry": { "type": "Point", "coordinates": [ -74.168400344815865, 40.572642709937632 ] } },
{ "type": "Feature", "properties": { "element": "way", "id": 246241924, "kind": "mall" }, "geometry": { "type": "Point", "coordinates": [ -74.166016108541683, 40.581829745491426 ] } },
{ "type": "Feature", "properties": { "element": "way", "id": 246241940, "kind": "mall" }, "geometry": { "type": "Point", "coordinates": [ -74.166422174554498, 40.580110948802059 ] } },
{ "type": "Feature", "properties": { "element": "way", "id": 246242250, "kind": "mall" }, "geometry": { "type": "Point", "coordinates": [ -74.165256768219706, 40.583716885184195 ] } },
{ "type": "Feature", "properties": { "element": "way", "id": 247305472, "kind": "chemist" }, "geometry": { "type": "Point", "coordinates": [ -74.157484981986386, 40.626706409746198 ] } },
{ "type": "Feature", "properties": { "element": "way", "id": 247453438, "kind": "funeral_directors" }, "geometry": { "type": "Point", "coordinates": [ -74.161469542919392, 40.595072929788635 ] } },
{ "type": "Feature", "properties": { "element": "way", "id": 247484429, "kind": "ticket" }, "geometry": { "type": "Point", "coordinates": [ -74.119783121681962, 40.609345072797254 ] } },
{ "type": "Feature", "properties": { "element": "way", "id": 247513823, "kind": "car_repair" }, "geometry": { "type": "Point", "coordinates": [ -74.088978156145885, 40.611168396752589 ] } },
{ "type": "Feature", "properties": { "element": "way", "id": 247521735, "kind": "doityourself" }, "geometry": { "type": "Point", "coordinates": [ -74.083640334093019, 40.613226051527995 ] } },
{ "type": "Feature", "properties": { "element": "way", "id": 247647782, "kind": "dry_cleaning" }, "geometry": { "type": "Point", "coordinates": [ -74.082447966756916, 40.597959586497986 ] } },
{ "type": "Feature", "properties": { "element": "way", "id": 248258668, "kind": "locksmith" }, "geometry": { "type": "Point", "coordinates": [ -74.192065252789135, 40.532214846318091 ] } },
{ "type": "Feature", "properties": { "element": "way", "id": 711196371, "kind": "storage_rental" }, "geometry": { "type": "Point", "coordinates": [ -74.158707516915911, 40.547214656883078 ] } },
{ "type": "Feature", "properties": { "element": "way", "id": 737700997, "kind": "pet" }, "geometry": { "type": "Point", "coordinates": [ -74.23003966563158, 40.530198184640831 ] } },
{ "type": "Feature", "properties": { "element": "way", "id": 904169903, "kind": "beauty" }, "geometry": { "type": "Point", "coordinates": [ -74.164227741891253, 40.581529076341226 ] } },
{ "type": "Feature", "properties": { "element": "way", "id": 904169906, "kind": "vacant" }, "geometry": { "type": "Point", "coordinates": [ -74.164784032753488, 40.581679093747724 ] } },
{ "type": "Feature", "properties": { "element": "way", "id": 904169908, "kind": "beauty" }, "geometry": { "type": "Point", "coordinates": [ -74.164522356429117, 40.581622118846305 ] } },
{ "type": "Feature", "properties": { "element": "way", "id": 904169909, "kind": "clothes" }, "geometry": { "type": "Point", "coordinates": [ -74.164639598069883, 40.581560468549171 ] } },
{ "type": "Feature", "properties": { "element": "way", "id": 904169913, "kind": "vacant" }, "geometry": { "type": "Point", "coordinates": [ -74.164506240246794, 40.581152308741558 ] } },
{ "type": "Feature", "properties": { "element": "way", "id": 904169914, "kind": "clothes" }, "geometry": { "type": "Point", "coordinates": [ -74.164785099044792, 40.581228366812439 ] } },
{ "type": "Feature", "properties": { "element": "way", "id": 904169915, "kind": "collector" }, "geometry": { "type": "Point", "coordinates": [ -74.164993710845962, 40.581273826417736 ] } },
{ "type": "Feature", "properties": { "element": "way", "id": 904169917, "kind": "toys" }, "geometry": { "type": "Point", "coordinates": [ -74.165226683892939, 40.581302968180339 ] } },
{ "type": "Feature", "properties": { "element": "way", "id": 904169918, "kind": "clothes" }, "geometry": { "type": "Point", "coordinates": [ -74.165323008801749, 40.581337066183124 ] } },
{ "type": "Feature", "properties": { "element": "way", "id": 904169919, "kind": "clothes" }, "geometry": { "type": "Point", "coordinates": [ -74.165322763295833, 40.58144142400954 ] } },
{ "type": "Feature", "properties": { "element": "way", "id": 904169920, "kind": "clothes" }, "geometry": { "type": "Point", "coordinates": [ -74.16545685413324, 40.581375021884504 ] } },
{ "type": "Feature", "properties": { "element": "way", "id": 904169923, "kind": "clothes" }, "geometry": { "type": "Point", "coordinates": [ -74.165136676788322, 40.581819675648539 ] } },
{ "type": "Feature", "properties": { "element": "way", "id": 904169924, "kind": "vacant" }, "geometry": { "type": "Point", "coordinates": [ -74.164877902800725, 40.581749987980047 ] } },
{ "type": "Feature", "properties": { "element": "way", "id": 904169925, "kind": "jewelry" }, "geometry": { "type": "Point", "coordinates": [ -74.1653897, 40.5817271 ] } },
{ "type": "Feature", "properties": { "element": "way", "id": 904169926, "kind": "vacant" }, "geometry": { "type": "Point", "coordinates": [ -74.165626986396347, 40.581752843086392 ] } },
{ "type": "Feature", "properties": { "element": "way", "id": 904169927, "kind": "candles" }, "geometry": { "type": "Point", "coordinates": [ -74.165470818162262, 40.581764906414293 ] } },
{ "type": "Feature", "properties": { "element": "way", "id": 904169928, "kind": "furniture" }, "geometry": { "type": "Point", "coordinates": [ -74.165602895165179, 40.581828374933259 ] } },
{ "type": "Feature", "properties": { "element": "way", "id": 904169929, "kind": "clothes" }, "geometry": { "type": "Point", "coordinates": [ -74.165603882179454, 40.581922435807485 ] } },
{ "type": "Feature", "properties": { "element": "way", "id": 904169930, "kind": "clothes" }, "geometry": { "type": "Point", "coordinates": [ -74.165541377413859, 40.582028673099721 ] } },
{ "type": "Feature", "properties": { "element": "way", "id": 904169932, "kind": "jewelry" }, "geometry": { "type": "Point", "coordinates": [ -74.165452735103074, 40.582148780449103 ] } },
{ "type": "Feature", "properties": { "element": "way", "id": 904169933, "kind": "vacant" }, "geometry": { "type": "Point", "coordinates": [ -74.165432721079981, 40.582234400630945 ] } },
{ "type": "Feature", "properties": { "element": "way", "id": 904169934, "kind": "clothes" }, "geometry": { "type": "Point", "coordinates": [ -74.165523261467854, 40.582341092269971 ] } },
{ "type": "Feature", "properties": { "element": "way", "id": 904169935, "kind": "vacant" }, "geometry": { "type": "Point", "coordinates": [ -74.165494908425018, 40.582425363128522 ] } },
{ "type": "Feature", "properties": { "element": "way", "id": 904169936, "kind": "health" }, "geometry": { "type": "Point", "coordinates": [ -74.165762533882727, 40.581493514538032 ] } },
{ "type": "Feature", "properties": { "element": "way", "id": 904169937, "kind": "jewelry" }, "geometry": { "type": "Point", "coordinates": [ -74.165680038638229, 40.581523843130519 ] } },
{ "type": "Feature", "properties": { "element": "way", "id": 904169938, "kind": "shoes" }, "geometry": { "type": "Point", "coordinates": [ -74.165553540696479, 40.581462470859996 ] } },
{ "type": "Feature", "properties": { "element": "way", "id": 904169939, "kind": "clothes" }, "geometry": { "type": "Point", "coordinates": [ -74.165725276057501, 40.581369796374375 ] } },
{ "type": "Feature", "properties": { "element": "way", "id": 904169940, "kind": "clothes" }, "geometry": { "type": "Point", "coordinates": [ -74.16575127317239, 40.581274059015065 ] } },
{ "type": "Feature", "properties": { "element": "way", "id": 904169941, "kind": "vacant" }, "geometry": { "type": "Point", "coordinates": [ -74.165050289783181, 40.582527929867219 ] } },
{ "type": "Feature", "properties": { "element": "way", "id": 904169943, "kind": "mobile_phone" }, "geometry": { "type": "Point", "coordinates": [ -74.165800095806617, 40.581208049606666 ] } },
{ "type": "Feature", "properties": { "element": "way", "id": 904169945, "kind": "watches" }, "geometry": { "type": "Point", "coordinates": [ -74.165836864562465, 40.581110476459379 ] } },
{ "type": "Feature", "properties": { "element": "way", "id": 904169946, "kind": "clothes" }, "geometry": { "type": "Point", "coordinates": [ -74.165815835958099, 40.581041977831084 ] } },
{ "type": "Feature", "properties": { "element": "way", "id": 904169947, "kind": "clothes" }, "geometry": { "type": "Point", "coordinates": [ -74.165840174363197, 40.580958865317982 ] } },
{ "type": "Feature", "properties": { "element": "way", "id": 904169948, "kind": "convenience" }, "geometry": { "type": "Point", "coordinates": [ -74.166006751298568, 40.580910163974266 ] } },
{ "type": "Feature", "properties": { "element": "way", "id": 904169949, "kind": "clothes" }, "geometry": { "type": "Point", "coordinates": [ -74.165992374143769, 40.580739135536732 ] } },
{ "type": "Feature", "properties": { "element": "way", "id": 904169950, "kind": "clothes" }, "geometry": { "type": "Point", "coordinates": [ -74.166653186884417, 40.580693195537563 ] } },
{ "type": "Feature", "properties": { "element": "way", "id": 904169951, "kind": "clothes" }, "geometry": { "type": "Point", "coordinates": [ -74.166571341468526, 40.580897529489356 ] } },
{ "type": "Feature", "properties": { "element": "way", "id": 904169952, "kind": "clothes" }, "geometry": { "type": "Point", "coordinates": [ -74.166517880825566, 40.58109305961198 ] } },
{ "type": "Feature", "properties": { "element": "way", "id": 904169953, "kind": "clothes" }, "geometry": { "type": "Point", "coordinates": [ -74.166464714637499, 40.581173913860461 ] } },
{ "type": "Feature", "properties": { "element": "way", "id": 904169954, "kind": "shoes" }, "geometry": { "type": "Point", "coordinates": [ -74.166462345668734, 40.581303389874492 ] } },
{ "type": "Feature", "properties": { "element": "way", "id": 904169955, "kind": "clothes" }, "geometry": { "type": "Point", "coordinates": [ -74.166426668324561, 40.581440469671634 ] } },
{ "type": "Feature", "properties": { "element": "way", "id": 904169956, "kind": "optician" }, "geometry": { "type": "Point", "coordinates": [ -74.166234662009487, 40.581464137755923 ] } },
{ "type": "Feature", "properties": { "element": "way", "id": 904169957, "kind": "cosmetics" }, "geometry": { "type": "Point", "coordinates": [ -74.166213509847935, 40.581549451633776 ] } },
{ "type": "Feature", "properties": { "element": "way", "id": 904169958, "kind": "fashion_accessories" }, "geometry": { "type": "Point", "coordinates": [ -74.166329939434092, 40.581575823244002 ] } },
{ "type": "Feature", "properties": { "element": "way", "id": 904169972, "kind": "gift" }, "geometry": { "type": "Point", "coordinates": [ -74.166349508842302, 40.581793591347058 ] } },
{ "type": "Feature", "properties": { "element": "way", "id": 904169973, "kind": "clothes" }, "geometry": { "type": "Point", "coordinates": [ -74.1663065875711, 40.581857501286507 ] } },
{ "type": "Feature", "properties": { "element": "way", "id": 904169976, "kind": "clothes" }, "geometry": { "type": "Point", "coordinates": [ -74.166261883790668, 40.581958268449945 ] } },
{ "type": "Feature", "properties": { "element": "way", "id": 904169979, "kind": "jewelry" }, "geometry": { "type": "Point", "coordinates": [ -74.166181529149043, 40.582058660459964 ] } },
{ "type": "Feature", "properties": { "element": "way", "id": 904169980, "kind": "clothes" }, "geometry": { "type": "Point", "coordinates": [ -74.166161159312608, 40.582130730229068 ] } },
{ "type": "Feature", "properties": { "element": "way", "id": 904169982, "kind": "clothes" }, "geometry": { "type": "Point", "coordinates": [ -74.166228159626556, 40.582229108555005 ] } },
{ "type": "Feature", "properties": { "element": "way", "id": 904169983, "kind": "variety_store" }, "geometry": { "type": "Point", "coordinates": [ -74.166192896279881, 40.582314866687419 ] } },
{ "type": "Feature", "properties": { "element": "way", "id": 904169984, "kind": "clothes" }, "geometry": { "type": "Point", "coordinates": [ -74.166161845539364, 40.582393421196116 ] } },
{ "type": "Feature", "properties": { "element": "way", "id": 904169985, "kind": "electronics" }, "geometry": { "type": "Point", "coordinates": [ -74.166148003532768, 40.582481844653259 ] } },
{ "type": "Feature", "properties": { "element": "way", "id": 904169986, "kind": "clothes" }, "geometry": { "type": "Point", "coordinates": [ -74.16608670763695, 40.582555463998858 ] } },
{ "type": "Feature", "properties": { "element": "way", "id": 904169987, "kind": "clothes" }, "geometry": { "type": "Point", "coordinates": [ -74.165266664698819, 40.582759679992108 ] } },
{ "type": "Feature", "properties": { "element": "way", "id": 904169988, "kind": "clothes" }, "geometry": { "type": "Point", "coordinates": [ -74.165339378567069, 40.582617983049623 ] } },
{ "type": "Feature", "properties": { "element": "way", "id": 904169989, "kind": "fashion_accessories" }, "geometry": { "type": "Point", "coordinates": [ -74.165476703258093, 40.582582516296696 ] } },
{ "type": "Feature", "properties": { "element": "way", "id": 904169990, "kind": "vacant" }, "geometry": { "type": "Point", "coordinates": [ -74.165314536935995, 40.582549165732992 ] } },
{ "type": "Feature", "properties": { "element": "way", "id": 904169991, "kind": "vacant" }, "geometry": { "type": "Point", "coordinates": [ -74.165199300000012, 40.58252475 ] } },
{ "type": "Feature", "properties": { "element": "way", "id": 904169992, "kind": "vacant" }, "geometry": { "type": "Point", "coordinates": [ -74.165344720177302, 40.582899216271031 ] } },
{ "type": "Feature", "properties": { "element": "way", "id": 904169995, "kind": "vacant" }, "geometry": { "type": "Point", "coordinates": [ -74.165838823245934, 40.583142667476778 ] } },
{ "type": "Feature", "properties": { "element": "way", "id": 904169996, "kind": "vacant" }, "geometry": { "type": "Point", "coordinates": [ -74.165914494451769, 40.583009990765071 ] } },
{ "type": "Feature", "properties": { "element": "way", "id": 904169997, "kind": "clothes" }, "geometry": { "type": "Point", "coordinates": [ -74.165884291874576, 40.582919343581068 ] } },
{ "type": "Feature", "properties": { "element": "way", "id": 904169998, "kind": "optician" }, "geometry": { "type": "Point", "coordinates": [ -74.165948438297946, 40.582857444922041 ] } },
{ "type": "Feature", "properties": { "element": "way", "id": 904169999, "kind": "vacant" }, "geometry": { "type": "Point", "coordinates": [ -74.165972787042577, 40.58276013266515 ] } },
{ "type": "Feature", "properties": { "element": "way", "id": 904170000, "kind": "cosmetics" }, "geometry": { "type": "Point", "coordinates": [ -74.166014830370287, 40.582642788095399 ] } },
{ "type": "Feature", "properties": { "element": "way", "id": 904206097, "kind": "clothes" }, "geometry": { "type": "Point", "coordinates": [ -74.16585023780965, 40.581274374585931 ] } },
{ "type": "Feature", "properties": { "element": "way", "id": 904206098, "kind": "gift" }, "geometry": { "type": "Point", "coordinates": [ -74.16592376459586, 40.581197428769684 ] } },
{ "type": "Feature", "properties": { "element": "way", "id": 904206099, "kind": "mobile_phone" }, "geometry": { "type": "Point", "coordinates": [ -74.165946683407967, 40.581137146114521 ] } },
{ "type": "Feature", "properties": { "element": "way", "id": 904206100, "kind": "clothes" }, "geometry": { "type": "Point", "coordinates": [ -74.165966117549175, 40.581090468174786 ] } },
{ "type": "Feature", "properties": { "element": "way", "id": 904206101, "kind": "vacant" }, "geometry": { "type": "Point", "coordinates": [ -74.16589131561301, 40.580937924719002 ] } },
{ "type": "Feature", "properties": { "element": "way", "id": 904206103, "kind": "vacant" }, "geometry": { "type": "Point", "coordinates": [ -74.166574643638796, 40.581648370436909 ] } },
{ "type": "Feature", "properties": { "element": "way", "id": 904206104, "kind": "vacant" }, "geometry": { "type": "Point", "coordinates": [ -74.166542240072758, 40.581560798392346 ] } },
{ "type": "Feature", "properties": { "element": "way", "id": 904206106, "kind": "vacant" }, "geometry": { "type": "Point", "coordinates": [ -74.16626128963064, 40.581593142689592 ] } },
{ "type": "Feature", "properties": { "element": "way", "id": 904206107, "kind": "jewelry" }, "geometry": { "type": "Point", "coordinates": [ -74.166224466179074, 40.581518082160073 ] } },
{ "type": "Feature", "properties": { "element": "way", "id": 904206108, "kind": "toys" }, "geometry": { "type": "Point", "coordinates": [ -74.166333110564466, 40.581417018355829 ] } },
{ "type": "Feature", "properties": { "element": "way", "id": 904206109, "kind": "shoes" }, "geometry": { "type": "Point", "coordinates": [ -74.166324896915512, 40.58129869903064 ] } },
{ "type": "Feature", "properties": { "element": "way", "id": 904206112, "kind": "interior_decoration" }, "geometry": { "type": "Point", "coordinates": [ -74.166864046152369, 40.581599507864439 ] } },
{ "type": "Feature", "properties": { "element": "way", "id": 904206113, "kind": "cosmetics" }, "geometry": { "type": "Point", "coordinates": [ -74.167194451533632, 40.581251786108098 ] } },
{ "type": "Feature", "properties": { "element": "way", "id": 904206120, "kind": "watches" }, "geometry": { "type": "Point", "coordinates": [ -74.166652659683038, 40.581025282701162 ] } },
{ "type": "Feature", "properties": { "element": "way", "id": 904206122, "kind": "massage" }, "geometry": { "type": "Point", "coordinates": [ -74.166458845482865, 40.580980709457592 ] } },
{ "type": "Feature", "properties": { "element": "way", "id": 904206123, "kind": "optician" }, "geometry": { "type": "Point", "coordinates": [ -74.16636087401001, 40.580958486839158 ] } },
{ "type": "Feature", "properties": { "element": "way", "id": 904206124, "kind": "shoes" }, "geometry": { "type": "Point", "coordinates": [ -74.166036463624792, 40.580709059204885 ] } },
{ "type": "Feature", "properties": { "element": "way", "id": 904206125, "kind": "vacant" }, "geometry": { "type": "Point", "coordinates": [ -74.166065031412188, 40.580580725016368 ] } },
{ "type": "Feature", "properties": { "element": "way", "id": 904206127, "kind": "clothes" }, "geometry": { "type": "Point", "coordinates": [ -74.166629530212845, 40.580764063366104 ] } },
{ "type": "Feature", "properties": { "element": "way", "id": 904206130, "kind": "vacant" }, "geometry": { "type": "Point", "coordinates": [ -74.166498535182697, 40.580398988358596 ] } },
{ "type": "Feature", "properties": { "element": "way", "id": 904206131, "kind": "supermarket" }, "geometry": { "type": "Point", "coordinates": [ -74.1666392220868, 40.580072992593848 ] } },
{ "type": "Feature", "properties": { "element": "way", "id": 904206132, "kind": "vacant" }, "geometry": { "type": "Point", "coordinates": [ -74.166102376657065, 40.579649412676496 ] } },
{ "type": "Feature", "properties": { "element": "way", "id": 904206136, "kind": "beauty" }, "geometry": { "type": "Point", "coordinates": [ -74.165099705122671, 40.577540491417487 ] } },
{ "type": "Feature", "properties": { "element": "way", "id": 904206139, "kind": "dry_cleaning" }, "geometry": { "type": "Point", "coordinates": [ -74.164199319207626, 40.578054494256342 ] } },
{ "type": "Feature", "properties": { "element": "way", "id": 904206140, "kind": "vacant" }, "geometry": { "type": "Point", "coordinates": [ -74.16415465814336, 40.578125272086595 ] } },
{ "type": "Feature", "properties": { "element": "way", "id": 904206141, "kind": "massage" }, "geometry": { "type": "Point", "coordinates": [ -74.164067070772333, 40.578290869107981 ] } },
{ "type": "Feature", "properties": { "element": "way", "id": 904227315, "kind": "craft" }, "geometry": { "type": "Point", "coordinates": [ -74.164525547227356, 40.577550479601285 ] } },
{ "type": "Feature", "properties": { "element": "way", "id": 904294758, "kind": "clothes" }, "geometry": { "type": "Point", "coordinates": [ -74.165853212137137, 40.58155564241887 ] } },
{ "type": "Feature", "properties": { "element": "way", "id": 904294759, "kind": "optician" }, "geometry": { "type": "Point", "coordinates": [ -74.165767005242074, 40.581543321980952 ] } },
{ "type": "Feature", "properties": { "element": "way", "id": 904294760, "kind": "clothes" }, "geometry": { "type": "Point", "coordinates": [ -74.165689081583835, 40.581526944203915 ] } },
{ "type": "Feature", "properties": { "element": "way", "id": 904294761, "kind": "vacant" }, "geometry": { "type": "Point", "coordinates": [ -74.165610476426423, 40.58147957680886 ] } },
{ "type": "Feature", "properties": { "element": "way", "id": 904294762, "kind": "toys" }, "geometry": { "type": "Point", "coordinates": [ -74.165818857356101, 40.581436738849952 ] } },
{ "type": "Feature", "properties": { "element": "way", "id": 904294763, "kind": "confectionery" }, "geometry": { "type": "Point", "coordinates": [ -74.165815092372881, 40.581357608826586 ] } },
{ "type": "Feature", "properties": { "element": "way", "id": 904294764, "kind": "clothes" }, "geometry": { "type": "Point", "coordinates": [ -74.165505043509427, 40.581362229273125 ] } },
{ "type": "Feature", "properties": { "element": "way", "id": 904294765, "kind": "shoes" }, "geometry": { "type": "Point", "coordinates": [ -74.16530181737896, 40.581334912356063 ] } },
{ "type": "Feature", "properties": { "element": "way", "id": 904294766, "kind": "vacant" }, "geometry": { "type": "Point", "coordinates": [ -74.165167165840856, 40.581434401052547 ] } },
{ "type": "Feature", "properties": { "element": "way", "id": 904294767, "kind": "vacant" }, "geometry": { "type": "Point", "coordinates": [ -74.165068667757012, 40.581287321351169 ] } },
{ "type": "Feature", "properties": { "element": "way", "id": 904294768, "kind": "video_games" }, "geometry": { "type": "Point", "coordinates": [ -74.164916279614502, 40.581306029396444 ] } },
{ "type": "Feature", "properties": { "element": "way", "id": 904294770, "kind": "perfumery" }, "geometry": { "type": "Point", "coordinates": [ -74.164787236927879, 40.581364289035797 ] } },
{ "type": "Feature", "properties": { "element": "way", "id": 904294771, "kind": "vacant" }, "geometry": { "type": "Point", "coordinates": [ -74.164650993517441, 40.581340396618941 ] } },
{ "type": "Feature", "properties": { "element": "way", "id": 904294773, "kind": "vacant" }, "geometry": { "type": "Point", "coordinates": [ -74.164205881841426, 40.581607982270967 ] } },
{ "type": "Feature", "properties": { "element": "way", "id": 904294774, "kind": "variety_store" }, "geometry": { "type": "Point", "coordinates": [ -74.164358090833488, 40.581587299858818 ] } },
{ "type": "Feature", "properties": { "element": "way", "id": 904294775, "kind": "jewelry" }, "geometry": { "type": "Point", "coordinates": [ -74.164816311429917, 40.581569522798659 ] } },
{ "type": "Feature", "properties": { "element": "way", "id": 904294777, "kind": "optician" }, "geometry": { "type": "Point", "coordinates": [ -74.16486214217862, 40.581675587786506 ] } },
{ "type": "Feature", "properties": { "element": "way", "id": 904294778, "kind": "shoes" }, "geometry": { "type": "Point", "coordinates": [ -74.164949221895924, 40.581691711209707 ] } },
{ "type": "Feature", "properties": { "element": "way", "id": 904294779, "kind": "mobile_phone" }, "geometry": { "type": "Point", "coordinates": [ -74.165016185136523, 40.581791078228449 ] } },
{ "type": "Feature", "properties": { "element": "way", "id": 904294780, "kind": "clothes" }, "geometry": { "type": "Point", "coordinates": [ -74.165232591246479, 40.58182647071888 ] } },
{ "type": "Feature", "properties": { "element": "way", "id": 904294781, "kind": "doors" }, "geometry": { "type": "Point", "coordinates": [ -74.165467749730496, 40.58174863225053 ] } },
{ "type": "Feature", "properties": { "element": "way", "id": 904294782, "kind": "jewelry" }, "geometry": { "type": "Point", "coordinates": [ -74.165535577194831, 40.581763231262229 ] } },
{ "type": "Feature", "properties": { "element": "way", "id": 904294783, "kind": "vacant" }, "geometry": { "type": "Point", "coordinates": [ -74.165606427762484, 40.581873226322273 ] } },
{ "type": "Feature", "properties": { "element": "way", "id": 904294784, "kind": "jewelry" }, "geometry": { "type": "Point", "coordinates": [ -74.165828679949001, 40.58189627322286 ] } },
{ "type": "Feature", "properties": { "element": "way", "id": 904294785, "kind": "toys" }, "geometry": { "type": "Point", "coordinates": [ -74.165814004516221, 40.58197972429484 ] } },
{ "type": "Feature", "properties": { "element": "way", "id": 904294786, "kind": "jewelry" }, "geometry": { "type": "Point", "coordinates": [ -74.165772742132205, 40.582029501203216 ] } },
{ "type": "Feature", "properties": { "element": "way", "id": 904294789, "kind": "clothes" }, "geometry": { "type": "Point", "coordinates": [ -74.16554425700393, 40.58226223834594 ] } },
{ "type": "Feature", "properties": { "element": "way", "id": 904294790, "kind": "vacant" }, "geometry": { "type": "Point", "coordinates": [ -74.16533138110151, 40.582393215839801 ] } },
{ "type": "Feature", "properties": { "element": "way", "id": 904294791, "kind": "shoes" }, "geometry": { "type": "Point", "coordinates": [ -74.165409771180151, 40.582573133713261 ] } },
{ "type": "Feature", "properties": { "element": "way", "id": 904294792, "kind": "shoes" }, "geometry": { "type": "Point", "coordinates": [ -74.165347583290441, 40.58263590743185 ] } },
{ "type": "Feature", "properties": { "element": "way", "id": 904294793, "kind": "clothes" }, "geometry": { "type": "Point", "coordinates": [ -74.165300745147462, 40.582753688842402 ] } },
{ "type": "Feature", "properties": { "element": "way", "id": 904294794, "kind": "clothes" }, "geometry": { "type": "Point", "coordinates": [ -74.165238881221867, 40.58290828170913 ] } },
{ "type": "Feature", "properties": { "element": "way", "id": 904294795, "kind": "gift" }, "geometry": { "type": "Point", "coordinates": [ -74.165171994350345, 40.58302899539698 ] } },
{ "type": "Feature", "properties": { "element": "way", "id": 904294798, "kind": "clothes" }, "geometry": { "type": "Point", "coordinates": [ -74.165897574742473, 40.582931667724274 ] } },
{ "type": "Feature", "properties": { "element": "way", "id": 904294799, "kind": "optician" }, "geometry": { "type": "Point", "coordinates": [ -74.165864740833115, 40.582769337922059 ] } },
{ "type": "Feature", "properties": { "element": "way", "id": 904294800, "kind": "clothes" }, "geometry": { "type": "Point", "coordinates": [ -74.165995594227411, 40.582718578067819 ] } },
{ "type": "Feature", "properties": { "element": "way", "id": 904294801, "kind": "clothes" }, "geometry": { "type": "Point", "coordinates": [ -74.165935667674376, 40.582511402993617 ] } },
{ "type": "Feature", "properties": { "element": "way", "id": 904294802, "kind": "hairdresser" }, "geometry": { "type": "Point", "coordinates": [ -74.166231048619323, 40.582529746163509 ] } },
{ "type": "Feature", "properties": { "element": "way", "id": 904294803, "kind": "clothes" }, "geometry": { "type": "Point", "coordinates": [ -74.165951929911259, 40.582421771575561 ] } },
{ "type": "Feature", "properties": { "element": "way", "id": 904294804, "kind": "vacant" }, "geometry": { "type": "Point", "coordinates": [ -74.166214682816744, 40.58239275991896 ] } },
{ "type": "Feature", "properties": { "element": "way", "id": 904294805, "kind": "shoes" }, "geometry": { "type": "Point", "coordinates": [ -74.166202229250374, 40.582294915087246 ] } },
{ "type": "Feature", "properties": { "element": "way", "id": 904294806, "kind": "bed" }, "geometry": { "type": "Point", "coordinates": [ -74.166085079107816, 40.582180568039774 ] } },
{ "type": "Feature", "properties": { "element": "way", "id": 904294807, "kind": "cosmetics" }, "geometry": { "type": "Point", "coordinates": [ -74.166273816284544, 40.582130263639137 ] } },
{ "type": "Feature", "properties": { "element": "way", "id": 904294808, "kind": "clothes" }, "geometry": { "type": "Point", "coordinates": [ -74.166630331078665, 40.582087507425832 ] } },
{ "type": "Feature", "properties": { "element": "way", "id": 904294809, "kind": "clothes" }, "geometry": { "type": "Point", "coordinates": [ -74.166980562336008, 40.581948707578945 ] } },
{ "type": "Feature", "properties": { "element": "way", "id": 904392447, "kind": "clothes" }, "geometry": { "type": "Point", "coordinates": [ -74.166604835707602, 40.580257108270466 ] } },
{ "type": "Feature", "properties": { "element": "way", "id": 904436298, "kind": "books" }, "geometry": { "type": "Point", "coordinates": [ -74.167061909708096, 40.582573477654059 ] } },
{ "type": "Feature", "properties": { "element": "way", "id": 904436302, "kind": "department_store" }, "geometry": { "type": "Point", "coordinates": [ -74.163885665806106, 40.581234662593573 ] } },
{ "type": "Feature", "properties": { "element": "way", "id": 978880734, "kind": "vacant" }, "geometry": { "type": "Point", "coordinates": [ -74.166047579813295, 40.580820059572524 ] } },
{ "type": "Feature", "properties": { "element": "way", "id": 978880735, "kind": "clothes" }, "geometry": { "type": "Point", "coordinates": [ -74.165938648109091, 40.582853466960671 ] } },
{ "type": "Feature", "properties": { "element": "way", "id": 1152997193, "kind": "convenience" }, "geometry": { "type": "Point", "coordinates": [ -74.15853605, 40.5467055 ] } },
{ "type": "Feature", "properties": { "element": "way", "id": 1254203614, "kind": "garden_centre" }, "geometry": { "type": "Point", "coordinates": [ -74.173127928045744, 40.62933855342218 ] } },
{ "type": "Feature", "properties": { "element": "way", "id": 1254215143, "kind": "garden_centre" }, "geometry": { "type": "Point", "coordinates": [ -74.228234950902717, 40.528445427575292 ] } },
{ "type": "Feature", "properties": { "element": "way", "id": 1360892850, "kind": "garden_centre" }, "geometry": { "type": "Point", "coordinates": [ -74.084412467225036, 40.613376685995988 ] } },
{ "type": "Feature", "properties": { "element": "way", "id": 1388547782, "kind": "clothes" }, "geometry": { "type": "Point", "coordinates": [ -74.166438949766984, 40.581131297318002 ] } },
{ "type": "Feature", "properties": { "element": "way", "id": 1388547783, "kind": "sports" }, "geometry": { "type": "Point", "coordinates": [ -74.165567253758582, 40.582121850725727 ] } }
]
}
